Using SPARSE 1.3 as Direct Linear Solver
Note: Starting dynamic gmin stepping
Note: Dynamic gmin stepping completed

Note: Compatibility modes selected: ps a


Circuit: * 32-node lc-gyrator ring (shape_zero realisation-gyroscopic branch)

Reducing trtol to 1 for xspice 'A' devices
Doing analysis at TEMP = 27.000000 and TNOM = 27.000000


Initial Transient Solution
--------------------------

Node                                   Voltage
----                                   -------
vcc                                         12
vee                                        -12
n0                                -1.71251e-08
xn0.xg                            -1.71251e-08
xn0.g2                             -6.7522e-05
xn0.g3                             2.23557e-05
xn0.g4                             0.000112246
xn0.g5                            -1.70382e-08
xn0.xga.n24458                    -1.76575e-11
xn0.xga.n24659                    -9.65814e-12
xn0.xga.n37029                      -0.0263193
xn0.xga.n37037                     -0.00267213
xn0.xga.n39124                      -0.0263178
xn0.xga.n39892                    -3.94771e-07
xn0.xga.n2425309                            12
xn0.xga.n2425287                  -9.65638e-12
xn0.xga.n2425325                           -12
xn0.xga.mid                       -9.65638e-12
xn0.xga.n56849                    -9.65638e-12
xn0.xga.n57325                    -9.65638e-12
xn0.xga.n59747                    -9.65638e-12
xn0.xga.n59865                    -9.65638e-12
xn0.xga.n25921                       -0.820799
xn0.xga.n25929                    -2.62656e-06
xn0.xga.n65579                    -9.65638e-12
xn0.xga.n65697                    -9.65638e-12
xn0.xga.n68774                    -0.000358488
xn0.xga.n72398                         11.9743
xn0.xga.n72391                        -11.9647
xn0.xga.n81574                    -1.24642e-08
xn0.xga.n81664                    -1.26135e-08
xn0.xga.sw_ol_opax197             -9.65638e-12
xn0.xga.vclp                      -0.000357062
xn0.xga.vimon                     -7.86914e-05
xn0.xga.n27785                        0.820799
xn0.xga.n27793                     2.62654e-06
xn0.xga.vout_s                     -6.7522e-05
xn0.xga.n2402147                  -9.65814e-12
xn0.xga.n2402155                  -9.65638e-12
xn0.xga.n2419074                   -0.00035813
xn0.xga.n2525790                  -0.000357772
xn0.xga.n2526890                  -0.000357415
xn0.xga.n36262                    -0.000357058
xn0.xga.n32347                     2.23554e-05
xn0.xga.clamp                     -0.000358489
xn0.xga.esdp                      -1.76351e-08
xn0.xga.esdn                       2.23554e-05
xn0.xga.n158495                   -0.000357057
xn0.xga.cl_clamp                  -0.000357057
xn0.xga.n161937                    -6.7522e-05
xn0.xga.claw_clamp                -0.000357057
xn0.xga.n45999                     -6.7522e-05
xn0.xga.vcc_b                               12
xn0.xga.vee_b                              -12
xn0.xga.n25415                     1.71023e-05
xn0.xga.n25397                     1.71024e-05
xn0.xga.n25248                    -9.65804e-12
xn0.xga.vcc_clp                        11.9743
xn0.xga.vee_clp                       -11.9647
xn0.xga.n1356345                      -4.15036
xn0.xga.n1356333                      -4.15036
xn0.xga.n1356409                       4.19964
xn0.xga.n1356429                       4.19964
xn0.xga.vsense                    -0.000358488
xn0.xga.n28678                     2.23554e-05
xn0.xga.n28438                     1.71023e-05
xn0.xga.n24207                    -1.76351e-08
xn0.xga.n31303                     2.23554e-05
xn0.xga.n31389                            12.1
xn0.xga.n31737                           -12.1
xn0.xga.n32236                     2.23554e-05
xn0.xga.n32510                    -6.16943e-09
xn0.xga.n46041                      -0.0263175
xn0.xga.n55560                    -9.65638e-12
xn0.xga.n57321                    -9.65638e-12
xn0.xga.n59739                            68.9
xn0.xga.n59743                    -9.65638e-12
xn0.xga.n59881                    -9.65638e-12
xn0.xga.n59905                           -68.9
xn0.xga.n65567                             265
xn0.xga.n65575                    -9.65638e-12
xn0.xga.n65713                    -9.65638e-12
xn0.xga.n65737                            -265
xn0.xga.n72064                         11.9743
xn0.xga.n72073                        -11.9647
xn0.xga.v11                       -1.24642e-08
xn0.xga.v12                       -1.26135e-08
xn0.xga.n81756                    -9.65638e-12
xn0.xga.n161737                   -7.86914e-05
xn0.xga.n1356115                       4.19964
xn0.xga.n1356061                      -4.15036
xn0.xga.x_u1.7                        0.833786
xn0.xga.x_u1.8                        0.833786
xn0.xga.x_u1.3                               0
xn0.xga.x_u1.6                               0
xn0.xga.x_u1.4                               0
xn0.xga.x_u1.5                               0
xn0.xga.x_u10.gvo+_int1                      0
xn0.xga.x_u10.gvo-_int1                      0
xn0.xga.x_u11.gvo+_int1                      0
xn0.xga.x_u11.gvo-_int1                      0
xn0.xga.x_u12.gvo+_int1                      0
xn0.xga.x_u12.gvo-_int1                      0
xn0.xga.x_u16.gsw+_int1                      0
xn0.xga.x_u18.g1_int1              2.56159e-05
xn0.xga.x_u18.g1_int2             -7.86914e-05
xn0.xga.x_u19.g1_int1              3.52759e-05
xn0.xga.x_u19.g1_int2              7.86914e-05
xn0.xga.x_u22.g1_int1                        0
xn0.xga.x_u23.g1_int1                        0
xn0.xga.x_u26.g1_int1                        0
xn0.xga.x_u27.g1_int1              7.86914e-08
xn0.xga.x_u30.g1_int1             -6.16594e-15
xn0.xga.x_u31.g1_int1             -4.58903e-10
xn0.xga.x_u32.g1_int1               -0.0263175
xn0.xga.x_u35.g1_int1                        0
xn0.xga.x_u36.3                              0
xn0.xga.x_u36.5                              0
xn0.xga.x_u37.3                              0
xn0.xga.x_u37.5                              0
xn0.xga.x_u4.e1_int1                 1.712e-05
xn0.xga.x_u6.g1_int1               2.23554e-05
xn0.xgb.n24458                    -1.76129e-11
xn0.xgb.n24659                     -9.6529e-12
xn0.xgb.n37029                        0.015843
xn0.xgb.n37037                      0.00160849
xn0.xgb.n39124                       0.0158421
xn0.xgb.n39892                     2.37618e-07
xn0.xgb.n2425309                            12
xn0.xgb.n2425287                  -9.65114e-12
xn0.xgb.n2425325                           -12
xn0.xgb.mid                       -9.65114e-12
xn0.xgb.n56849                    -9.65114e-12
xn0.xgb.n57325                    -9.65114e-12
xn0.xgb.n59747                    -9.65114e-12
xn0.xgb.n59865                    -9.65114e-12
xn0.xgb.n25921                       -0.820799
xn0.xgb.n25929                    -2.62656e-06
xn0.xgb.n65579                    -9.65114e-12
xn0.xgb.n65697                    -9.65114e-12
xn0.xgb.n68774                     0.000287681
xn0.xgb.n72398                         11.9743
xn0.xgb.n72391                        -11.9647
xn0.xgb.n81574                    -1.24635e-08
xn0.xgb.n81664                    -1.26141e-08
xn0.xgb.sw_ol_opax197             -9.65114e-12
xn0.xgb.vclp                       0.000286527
xn0.xgb.vimon                       4.4945e-05
xn0.xgb.n27785                        0.820799
xn0.xgb.n27793                     2.62654e-06
xn0.xgb.vout_s                     0.000112246
xn0.xgb.n2402147                   -9.6529e-12
xn0.xgb.n2402155                  -9.65114e-12
xn0.xgb.n2419074                   0.000287393
xn0.xgb.n2525790                   0.000287106
xn0.xgb.n2526890                   0.000286819
xn0.xgb.n36262                     0.000286533
xn0.xgb.n32347                     2.23555e-05
xn0.xgb.clamp                      0.000287681
xn0.xgb.esdp                      -1.75482e-08
xn0.xgb.esdn                       2.23554e-05
xn0.xgb.n158495                    0.000286532
xn0.xgb.cl_clamp                   0.000286532
xn0.xgb.n161937                    0.000112246
xn0.xgb.claw_clamp                 0.000286532
xn0.xgb.n45999                     0.000112246
xn0.xgb.vcc_b                               12
xn0.xgb.vee_b                              -12
xn0.xgb.n25415                     1.71024e-05
xn0.xgb.n25397                     1.71025e-05
xn0.xgb.n25248                     -9.6528e-12
xn0.xgb.vcc_clp                        11.9743
xn0.xgb.vee_clp                       -11.9647
xn0.xgb.n1356345                      -4.14971
xn0.xgb.n1356333                      -4.14971
xn0.xgb.n1356409                       4.20029
xn0.xgb.n1356429                       4.20029
xn0.xgb.vsense                     0.000287681
xn0.xgb.n28678                     2.23555e-05
xn0.xgb.n28438                     1.71024e-05
xn0.xgb.n24207                    -1.75482e-08
xn0.xgb.n31303                     2.23554e-05
xn0.xgb.n31389                            12.1
xn0.xgb.n31737                           -12.1
xn0.xgb.n32236                     2.23555e-05
xn0.xgb.n32510                     2.51281e-09
xn0.xgb.n46041                       0.0158419
xn0.xgb.n55560                    -9.65114e-12
xn0.xgb.n57321                    -9.65114e-12
xn0.xgb.n59739                            68.9
xn0.xgb.n59743                    -9.65114e-12
xn0.xgb.n59881                    -9.65114e-12
xn0.xgb.n59905                           -68.9
xn0.xgb.n65567                             265
xn0.xgb.n65575                    -9.65114e-12
xn0.xgb.n65713                    -9.65114e-12
xn0.xgb.n65737                            -265
xn0.xgb.n72064                         11.9743
xn0.xgb.n72073                        -11.9647
xn0.xgb.v11                       -1.24635e-08
xn0.xgb.v12                       -1.26141e-08
xn0.xgb.n81756                    -9.65114e-12
xn0.xgb.n161737                     4.4945e-05
xn0.xgb.n1356115                       4.20029
xn0.xgb.n1356061                      -4.14971
xn0.xgb.x_u1.7                        0.833786
xn0.xgb.x_u1.8                        0.833786
xn0.xgb.x_u1.3                               0
xn0.xgb.x_u1.6                               0
xn0.xgb.x_u1.4                               0
xn0.xgb.x_u1.5                               0
xn0.xgb.x_u10.gvo+_int1                      0
xn0.xgb.x_u10.gvo-_int1                      0
xn0.xgb.x_u11.gvo+_int1                      0
xn0.xgb.x_u11.gvo-_int1                      0
xn0.xgb.x_u12.gvo+_int1                      0
xn0.xgb.x_u12.gvo-_int1                      0
xn0.xgb.x_u16.gsw+_int1                      0
xn0.xgb.x_u18.g1_int1              2.56184e-05
xn0.xgb.x_u18.g1_int2               4.4945e-05
xn0.xgb.x_u19.g1_int1              3.52733e-05
xn0.xgb.x_u19.g1_int2              -4.4945e-05
xn0.xgb.x_u22.g1_int1                        0
xn0.xgb.x_u23.g1_int1                        0
xn0.xgb.x_u26.g1_int1               4.4945e-08
xn0.xgb.x_u27.g1_int1                        0
xn0.xgb.x_u30.g1_int1              2.52498e-15
xn0.xgb.x_u31.g1_int1              1.87923e-10
xn0.xgb.x_u32.g1_int1                0.0158419
xn0.xgb.x_u35.g1_int1                        0
xn0.xgb.x_u36.3                              0
xn0.xgb.x_u36.5                              0
xn0.xgb.x_u37.3                              0
xn0.xgb.x_u37.5                              0
xn0.xgb.x_u4.e1_int1                 1.712e-05
xn0.xgb.x_u6.g1_int1               2.23555e-05
n1                                -1.71251e-08
xn1.xg                            -1.71251e-08
xn1.g2                             -6.7522e-05
xn1.g3                             2.23557e-05
xn1.g4                             0.000112246
xn1.g5                            -1.70382e-08
xn1.xga.n24458                    -1.76575e-11
xn1.xga.n24659                    -9.65814e-12
xn1.xga.n37029                      -0.0263193
xn1.xga.n37037                     -0.00267213
xn1.xga.n39124                      -0.0263178
xn1.xga.n39892                    -3.94771e-07
xn1.xga.n2425309                            12
xn1.xga.n2425287                  -9.65638e-12
xn1.xga.n2425325                           -12
xn1.xga.mid                       -9.65638e-12
xn1.xga.n56849                    -9.65638e-12
xn1.xga.n57325                    -9.65638e-12
xn1.xga.n59747                    -9.65638e-12
xn1.xga.n59865                    -9.65638e-12
xn1.xga.n25921                       -0.820799
xn1.xga.n25929                    -2.62656e-06
xn1.xga.n65579                    -9.65638e-12
xn1.xga.n65697                    -9.65638e-12
xn1.xga.n68774                    -0.000358488
xn1.xga.n72398                         11.9743
xn1.xga.n72391                        -11.9647
xn1.xga.n81574                    -1.24642e-08
xn1.xga.n81664                    -1.26135e-08
xn1.xga.sw_ol_opax197             -9.65638e-12
xn1.xga.vclp                      -0.000357062
xn1.xga.vimon                     -7.86914e-05
xn1.xga.n27785                        0.820799
xn1.xga.n27793                     2.62654e-06
xn1.xga.vout_s                     -6.7522e-05
xn1.xga.n2402147                  -9.65814e-12
xn1.xga.n2402155                  -9.65638e-12
xn1.xga.n2419074                   -0.00035813
xn1.xga.n2525790                  -0.000357772
xn1.xga.n2526890                  -0.000357415
xn1.xga.n36262                    -0.000357058
xn1.xga.n32347                     2.23554e-05
xn1.xga.clamp                     -0.000358489
xn1.xga.esdp                      -1.76351e-08
xn1.xga.esdn                       2.23554e-05
xn1.xga.n158495                   -0.000357057
xn1.xga.cl_clamp                  -0.000357057
xn1.xga.n161937                    -6.7522e-05
xn1.xga.claw_clamp                -0.000357057
xn1.xga.n45999                     -6.7522e-05
xn1.xga.vcc_b                               12
xn1.xga.vee_b                              -12
xn1.xga.n25415                     1.71023e-05
xn1.xga.n25397                     1.71024e-05
xn1.xga.n25248                    -9.65804e-12
xn1.xga.vcc_clp                        11.9743
xn1.xga.vee_clp                       -11.9647
xn1.xga.n1356345                      -4.15036
xn1.xga.n1356333                      -4.15036
xn1.xga.n1356409                       4.19964
xn1.xga.n1356429                       4.19964
xn1.xga.vsense                    -0.000358488
xn1.xga.n28678                     2.23554e-05
xn1.xga.n28438                     1.71023e-05
xn1.xga.n24207                    -1.76351e-08
xn1.xga.n31303                     2.23554e-05
xn1.xga.n31389                            12.1
xn1.xga.n31737                           -12.1
xn1.xga.n32236                     2.23554e-05
xn1.xga.n32510                    -6.16943e-09
xn1.xga.n46041                      -0.0263175
xn1.xga.n55560                    -9.65638e-12
xn1.xga.n57321                    -9.65638e-12
xn1.xga.n59739                            68.9
xn1.xga.n59743                    -9.65638e-12
xn1.xga.n59881                    -9.65638e-12
xn1.xga.n59905                           -68.9
xn1.xga.n65567                             265
xn1.xga.n65575                    -9.65638e-12
xn1.xga.n65713                    -9.65638e-12
xn1.xga.n65737                            -265
xn1.xga.n72064                         11.9743
xn1.xga.n72073                        -11.9647
xn1.xga.v11                       -1.24642e-08
xn1.xga.v12                       -1.26135e-08
xn1.xga.n81756                    -9.65638e-12
xn1.xga.n161737                   -7.86914e-05
xn1.xga.n1356115                       4.19964
xn1.xga.n1356061                      -4.15036
xn1.xga.x_u1.7                        0.833786
xn1.xga.x_u1.8                        0.833786
xn1.xga.x_u1.3                               0
xn1.xga.x_u1.6                               0
xn1.xga.x_u1.4                               0
xn1.xga.x_u1.5                               0
xn1.xga.x_u10.gvo+_int1                      0
xn1.xga.x_u10.gvo-_int1                      0
xn1.xga.x_u11.gvo+_int1                      0
xn1.xga.x_u11.gvo-_int1                      0
xn1.xga.x_u12.gvo+_int1                      0
xn1.xga.x_u12.gvo-_int1                      0
xn1.xga.x_u16.gsw+_int1                      0
xn1.xga.x_u18.g1_int1              2.56159e-05
xn1.xga.x_u18.g1_int2             -7.86914e-05
xn1.xga.x_u19.g1_int1              3.52759e-05
xn1.xga.x_u19.g1_int2              7.86914e-05
xn1.xga.x_u22.g1_int1                        0
xn1.xga.x_u23.g1_int1                        0
xn1.xga.x_u26.g1_int1                        0
xn1.xga.x_u27.g1_int1              7.86914e-08
xn1.xga.x_u30.g1_int1             -6.16594e-15
xn1.xga.x_u31.g1_int1             -4.58903e-10
xn1.xga.x_u32.g1_int1               -0.0263175
xn1.xga.x_u35.g1_int1                        0
xn1.xga.x_u36.3                              0
xn1.xga.x_u36.5                              0
xn1.xga.x_u37.3                              0
xn1.xga.x_u37.5                              0
xn1.xga.x_u4.e1_int1                 1.712e-05
xn1.xga.x_u6.g1_int1               2.23554e-05
xn1.xgb.n24458                    -1.76129e-11
xn1.xgb.n24659                     -9.6529e-12
xn1.xgb.n37029                        0.015843
xn1.xgb.n37037                      0.00160849
xn1.xgb.n39124                       0.0158421
xn1.xgb.n39892                     2.37618e-07
xn1.xgb.n2425309                            12
xn1.xgb.n2425287                  -9.65114e-12
xn1.xgb.n2425325                           -12
xn1.xgb.mid                       -9.65114e-12
xn1.xgb.n56849                    -9.65114e-12
xn1.xgb.n57325                    -9.65114e-12
xn1.xgb.n59747                    -9.65114e-12
xn1.xgb.n59865                    -9.65114e-12
xn1.xgb.n25921                       -0.820799
xn1.xgb.n25929                    -2.62656e-06
xn1.xgb.n65579                    -9.65114e-12
xn1.xgb.n65697                    -9.65114e-12
xn1.xgb.n68774                     0.000287681
xn1.xgb.n72398                         11.9743
xn1.xgb.n72391                        -11.9647
xn1.xgb.n81574                    -1.24635e-08
xn1.xgb.n81664                    -1.26141e-08
xn1.xgb.sw_ol_opax197             -9.65114e-12
xn1.xgb.vclp                       0.000286527
xn1.xgb.vimon                       4.4945e-05
xn1.xgb.n27785                        0.820799
xn1.xgb.n27793                     2.62654e-06
xn1.xgb.vout_s                     0.000112246
xn1.xgb.n2402147                   -9.6529e-12
xn1.xgb.n2402155                  -9.65114e-12
xn1.xgb.n2419074                   0.000287393
xn1.xgb.n2525790                   0.000287106
xn1.xgb.n2526890                   0.000286819
xn1.xgb.n36262                     0.000286533
xn1.xgb.n32347                     2.23555e-05
xn1.xgb.clamp                      0.000287681
xn1.xgb.esdp                      -1.75482e-08
xn1.xgb.esdn                       2.23554e-05
xn1.xgb.n158495                    0.000286532
xn1.xgb.cl_clamp                   0.000286532
xn1.xgb.n161937                    0.000112246
xn1.xgb.claw_clamp                 0.000286532
xn1.xgb.n45999                     0.000112246
xn1.xgb.vcc_b                               12
xn1.xgb.vee_b                              -12
xn1.xgb.n25415                     1.71024e-05
xn1.xgb.n25397                     1.71025e-05
xn1.xgb.n25248                     -9.6528e-12
xn1.xgb.vcc_clp                        11.9743
xn1.xgb.vee_clp                       -11.9647
xn1.xgb.n1356345                      -4.14971
xn1.xgb.n1356333                      -4.14971
xn1.xgb.n1356409                       4.20029
xn1.xgb.n1356429                       4.20029
xn1.xgb.vsense                     0.000287681
xn1.xgb.n28678                     2.23555e-05
xn1.xgb.n28438                     1.71024e-05
xn1.xgb.n24207                    -1.75482e-08
xn1.xgb.n31303                     2.23554e-05
xn1.xgb.n31389                            12.1
xn1.xgb.n31737                           -12.1
xn1.xgb.n32236                     2.23555e-05
xn1.xgb.n32510                     2.51281e-09
xn1.xgb.n46041                       0.0158419
xn1.xgb.n55560                    -9.65114e-12
xn1.xgb.n57321                    -9.65114e-12
xn1.xgb.n59739                            68.9
xn1.xgb.n59743                    -9.65114e-12
xn1.xgb.n59881                    -9.65114e-12
xn1.xgb.n59905                           -68.9
xn1.xgb.n65567                             265
xn1.xgb.n65575                    -9.65114e-12
xn1.xgb.n65713                    -9.65114e-12
xn1.xgb.n65737                            -265
xn1.xgb.n72064                         11.9743
xn1.xgb.n72073                        -11.9647
xn1.xgb.v11                       -1.24635e-08
xn1.xgb.v12                       -1.26141e-08
xn1.xgb.n81756                    -9.65114e-12
xn1.xgb.n161737                     4.4945e-05
xn1.xgb.n1356115                       4.20029
xn1.xgb.n1356061                      -4.14971
xn1.xgb.x_u1.7                        0.833786
xn1.xgb.x_u1.8                        0.833786
xn1.xgb.x_u1.3                               0
xn1.xgb.x_u1.6                               0
xn1.xgb.x_u1.4                               0
xn1.xgb.x_u1.5                               0
xn1.xgb.x_u10.gvo+_int1                      0
xn1.xgb.x_u10.gvo-_int1                      0
xn1.xgb.x_u11.gvo+_int1                      0
xn1.xgb.x_u11.gvo-_int1                      0
xn1.xgb.x_u12.gvo+_int1                      0
xn1.xgb.x_u12.gvo-_int1                      0
xn1.xgb.x_u16.gsw+_int1                      0
xn1.xgb.x_u18.g1_int1              2.56184e-05
xn1.xgb.x_u18.g1_int2               4.4945e-05
xn1.xgb.x_u19.g1_int1              3.52733e-05
xn1.xgb.x_u19.g1_int2              -4.4945e-05
xn1.xgb.x_u22.g1_int1                        0
xn1.xgb.x_u23.g1_int1                        0
xn1.xgb.x_u26.g1_int1               4.4945e-08
xn1.xgb.x_u27.g1_int1                        0
xn1.xgb.x_u30.g1_int1              2.52498e-15
xn1.xgb.x_u31.g1_int1              1.87923e-10
xn1.xgb.x_u32.g1_int1                0.0158419
xn1.xgb.x_u35.g1_int1                        0
xn1.xgb.x_u36.3                              0
xn1.xgb.x_u36.5                              0
xn1.xgb.x_u37.3                              0
xn1.xgb.x_u37.5                              0
xn1.xgb.x_u4.e1_int1                 1.712e-05
xn1.xgb.x_u6.g1_int1               2.23555e-05
n2                                -1.71251e-08
xn2.xg                            -1.71251e-08
xn2.g2                             -6.7522e-05
xn2.g3                             2.23557e-05
xn2.g4                             0.000112246
xn2.g5                            -1.70382e-08
xn2.xga.n24458                    -1.76567e-11
xn2.xga.n24659                    -9.65729e-12
xn2.xga.n37029                      -0.0263193
xn2.xga.n37037                     -0.00267213
xn2.xga.n39124                      -0.0263178
xn2.xga.n39892                    -3.94771e-07
xn2.xga.n2425309                            12
xn2.xga.n2425287                  -9.65553e-12
xn2.xga.n2425325                           -12
xn2.xga.mid                       -9.65553e-12
xn2.xga.n56849                    -9.65553e-12
xn2.xga.n57325                    -9.65553e-12
xn2.xga.n59747                    -9.65553e-12
xn2.xga.n59865                    -9.65553e-12
xn2.xga.n25921                       -0.820799
xn2.xga.n25929                    -2.62656e-06
xn2.xga.n65579                    -9.65553e-12
xn2.xga.n65697                    -9.65553e-12
xn2.xga.n68774                    -0.000358488
xn2.xga.n72398                         11.9743
xn2.xga.n72391                        -11.9647
xn2.xga.n81574                    -1.24642e-08
xn2.xga.n81664                    -1.26135e-08
xn2.xga.sw_ol_opax197             -9.65553e-12
xn2.xga.vclp                      -0.000357062
xn2.xga.vimon                     -7.86914e-05
xn2.xga.n27785                        0.820799
xn2.xga.n27793                     2.62654e-06
xn2.xga.vout_s                     -6.7522e-05
xn2.xga.n2402147                  -9.65729e-12
xn2.xga.n2402155                  -9.65554e-12
xn2.xga.n2419074                   -0.00035813
xn2.xga.n2525790                  -0.000357772
xn2.xga.n2526890                  -0.000357415
xn2.xga.n36262                    -0.000357058
xn2.xga.n32347                     2.23554e-05
xn2.xga.clamp                     -0.000358489
xn2.xga.esdp                      -1.76351e-08
xn2.xga.esdn                       2.23554e-05
xn2.xga.n158495                   -0.000357057
xn2.xga.cl_clamp                  -0.000357057
xn2.xga.n161937                    -6.7522e-05
xn2.xga.claw_clamp                -0.000357057
xn2.xga.n45999                     -6.7522e-05
xn2.xga.vcc_b                               12
xn2.xga.vee_b                              -12
xn2.xga.n25415                     1.71023e-05
xn2.xga.n25397                     1.71024e-05
xn2.xga.n25248                     -9.6572e-12
xn2.xga.vcc_clp                        11.9743
xn2.xga.vee_clp                       -11.9647
xn2.xga.n1356345                      -4.15036
xn2.xga.n1356333                      -4.15036
xn2.xga.n1356409                       4.19964
xn2.xga.n1356429                       4.19964
xn2.xga.vsense                    -0.000358488
xn2.xga.n28678                     2.23554e-05
xn2.xga.n28438                     1.71023e-05
xn2.xga.n24207                    -1.76351e-08
xn2.xga.n31303                     2.23554e-05
xn2.xga.n31389                            12.1
xn2.xga.n31737                           -12.1
xn2.xga.n32236                     2.23554e-05
xn2.xga.n32510                    -6.16943e-09
xn2.xga.n46041                      -0.0263175
xn2.xga.n55560                    -9.65553e-12
xn2.xga.n57321                    -9.65553e-12
xn2.xga.n59739                            68.9
xn2.xga.n59743                    -9.65553e-12
xn2.xga.n59881                    -9.65553e-12
xn2.xga.n59905                           -68.9
xn2.xga.n65567                             265
xn2.xga.n65575                    -9.65553e-12
xn2.xga.n65713                    -9.65553e-12
xn2.xga.n65737                            -265
xn2.xga.n72064                         11.9743
xn2.xga.n72073                        -11.9647
xn2.xga.v11                       -1.24642e-08
xn2.xga.v12                       -1.26135e-08
xn2.xga.n81756                    -9.65553e-12
xn2.xga.n161737                   -7.86914e-05
xn2.xga.n1356115                       4.19964
xn2.xga.n1356061                      -4.15036
xn2.xga.x_u1.7                        0.833786
xn2.xga.x_u1.8                        0.833786
xn2.xga.x_u1.3                               0
xn2.xga.x_u1.6                               0
xn2.xga.x_u1.4                               0
xn2.xga.x_u1.5                               0
xn2.xga.x_u10.gvo+_int1                      0
xn2.xga.x_u10.gvo-_int1                      0
xn2.xga.x_u11.gvo+_int1                      0
xn2.xga.x_u11.gvo-_int1                      0
xn2.xga.x_u12.gvo+_int1                      0
xn2.xga.x_u12.gvo-_int1                      0
xn2.xga.x_u16.gsw+_int1                      0
xn2.xga.x_u18.g1_int1              2.56159e-05
xn2.xga.x_u18.g1_int2             -7.86914e-05
xn2.xga.x_u19.g1_int1              3.52759e-05
xn2.xga.x_u19.g1_int2              7.86914e-05
xn2.xga.x_u22.g1_int1                        0
xn2.xga.x_u23.g1_int1                        0
xn2.xga.x_u26.g1_int1                        0
xn2.xga.x_u27.g1_int1              7.86914e-08
xn2.xga.x_u30.g1_int1             -6.16594e-15
xn2.xga.x_u31.g1_int1             -4.58903e-10
xn2.xga.x_u32.g1_int1               -0.0263175
xn2.xga.x_u35.g1_int1                        0
xn2.xga.x_u36.3                              0
xn2.xga.x_u36.5                              0
xn2.xga.x_u37.3                              0
xn2.xga.x_u37.5                              0
xn2.xga.x_u4.e1_int1                 1.712e-05
xn2.xga.x_u6.g1_int1               2.23554e-05
xn2.xgb.n24458                     -1.7612e-11
xn2.xgb.n24659                    -9.65205e-12
xn2.xgb.n37029                        0.015843
xn2.xgb.n37037                      0.00160849
xn2.xgb.n39124                       0.0158421
xn2.xgb.n39892                     2.37618e-07
xn2.xgb.n2425309                            12
xn2.xgb.n2425287                   -9.6503e-12
xn2.xgb.n2425325                           -12
xn2.xgb.mid                        -9.6503e-12
xn2.xgb.n56849                     -9.6503e-12
xn2.xgb.n57325                     -9.6503e-12
xn2.xgb.n59747                     -9.6503e-12
xn2.xgb.n59865                     -9.6503e-12
xn2.xgb.n25921                       -0.820799
xn2.xgb.n25929                    -2.62656e-06
xn2.xgb.n65579                     -9.6503e-12
xn2.xgb.n65697                     -9.6503e-12
xn2.xgb.n68774                     0.000287681
xn2.xgb.n72398                         11.9743
xn2.xgb.n72391                        -11.9647
xn2.xgb.n81574                    -1.24635e-08
xn2.xgb.n81664                    -1.26141e-08
xn2.xgb.sw_ol_opax197              -9.6503e-12
xn2.xgb.vclp                       0.000286527
xn2.xgb.vimon                       4.4945e-05
xn2.xgb.n27785                        0.820799
xn2.xgb.n27793                     2.62654e-06
xn2.xgb.vout_s                     0.000112246
xn2.xgb.n2402147                  -9.65205e-12
xn2.xgb.n2402155                   -9.6503e-12
xn2.xgb.n2419074                   0.000287393
xn2.xgb.n2525790                   0.000287106
xn2.xgb.n2526890                   0.000286819
xn2.xgb.n36262                     0.000286533
xn2.xgb.n32347                     2.23555e-05
xn2.xgb.clamp                      0.000287681
xn2.xgb.esdp                      -1.75482e-08
xn2.xgb.esdn                       2.23554e-05
xn2.xgb.n158495                    0.000286532
xn2.xgb.cl_clamp                   0.000286532
xn2.xgb.n161937                    0.000112246
xn2.xgb.claw_clamp                 0.000286532
xn2.xgb.n45999                     0.000112246
xn2.xgb.vcc_b                               12
xn2.xgb.vee_b                              -12
xn2.xgb.n25415                     1.71024e-05
xn2.xgb.n25397                     1.71025e-05
xn2.xgb.n25248                    -9.65195e-12
xn2.xgb.vcc_clp                        11.9743
xn2.xgb.vee_clp                       -11.9647
xn2.xgb.n1356345                      -4.14971
xn2.xgb.n1356333                      -4.14971
xn2.xgb.n1356409                       4.20029
xn2.xgb.n1356429                       4.20029
xn2.xgb.vsense                     0.000287681
xn2.xgb.n28678                     2.23555e-05
xn2.xgb.n28438                     1.71024e-05
xn2.xgb.n24207                    -1.75482e-08
xn2.xgb.n31303                     2.23554e-05
xn2.xgb.n31389                            12.1
xn2.xgb.n31737                           -12.1
xn2.xgb.n32236                     2.23555e-05
xn2.xgb.n32510                     2.51281e-09
xn2.xgb.n46041                       0.0158419
xn2.xgb.n55560                     -9.6503e-12
xn2.xgb.n57321                     -9.6503e-12
xn2.xgb.n59739                            68.9
xn2.xgb.n59743                     -9.6503e-12
xn2.xgb.n59881                     -9.6503e-12
xn2.xgb.n59905                           -68.9
xn2.xgb.n65567                             265
xn2.xgb.n65575                     -9.6503e-12
xn2.xgb.n65713                     -9.6503e-12
xn2.xgb.n65737                            -265
xn2.xgb.n72064                         11.9743
xn2.xgb.n72073                        -11.9647
xn2.xgb.v11                       -1.24635e-08
xn2.xgb.v12                       -1.26141e-08
xn2.xgb.n81756                     -9.6503e-12
xn2.xgb.n161737                     4.4945e-05
xn2.xgb.n1356115                       4.20029
xn2.xgb.n1356061                      -4.14971
xn2.xgb.x_u1.7                        0.833786
xn2.xgb.x_u1.8                        0.833786
xn2.xgb.x_u1.3                               0
xn2.xgb.x_u1.6                               0
xn2.xgb.x_u1.4                               0
xn2.xgb.x_u1.5                               0
xn2.xgb.x_u10.gvo+_int1                      0
xn2.xgb.x_u10.gvo-_int1                      0
xn2.xgb.x_u11.gvo+_int1                      0
xn2.xgb.x_u11.gvo-_int1                      0
xn2.xgb.x_u12.gvo+_int1                      0
xn2.xgb.x_u12.gvo-_int1                      0
xn2.xgb.x_u16.gsw+_int1                      0
xn2.xgb.x_u18.g1_int1              2.56184e-05
xn2.xgb.x_u18.g1_int2               4.4945e-05
xn2.xgb.x_u19.g1_int1              3.52733e-05
xn2.xgb.x_u19.g1_int2              -4.4945e-05
xn2.xgb.x_u22.g1_int1                        0
xn2.xgb.x_u23.g1_int1                        0
xn2.xgb.x_u26.g1_int1               4.4945e-08
xn2.xgb.x_u27.g1_int1                        0
xn2.xgb.x_u30.g1_int1              2.52498e-15
xn2.xgb.x_u31.g1_int1              1.87923e-10
xn2.xgb.x_u32.g1_int1                0.0158419
xn2.xgb.x_u35.g1_int1                        0
xn2.xgb.x_u36.3                              0
xn2.xgb.x_u36.5                              0
xn2.xgb.x_u37.3                              0
xn2.xgb.x_u37.5                              0
xn2.xgb.x_u4.e1_int1                 1.712e-05
xn2.xgb.x_u6.g1_int1               2.23555e-05
n3                                -1.71251e-08
xn3.xg                            -1.71251e-08
xn3.g2                             -6.7522e-05
xn3.g3                             2.23557e-05
xn3.g4                             0.000112246
xn3.g5                            -1.70382e-08
xn3.xga.n24458                    -1.76575e-11
xn3.xga.n24659                    -9.65814e-12
xn3.xga.n37029                      -0.0263193
xn3.xga.n37037                     -0.00267213
xn3.xga.n39124                      -0.0263178
xn3.xga.n39892                    -3.94771e-07
xn3.xga.n2425309                            12
xn3.xga.n2425287                  -9.65638e-12
xn3.xga.n2425325                           -12
xn3.xga.mid                       -9.65638e-12
xn3.xga.n56849                    -9.65638e-12
xn3.xga.n57325                    -9.65638e-12
xn3.xga.n59747                    -9.65638e-12
xn3.xga.n59865                    -9.65638e-12
xn3.xga.n25921                       -0.820799
xn3.xga.n25929                    -2.62656e-06
xn3.xga.n65579                    -9.65638e-12
xn3.xga.n65697                    -9.65638e-12
xn3.xga.n68774                    -0.000358488
xn3.xga.n72398                         11.9743
xn3.xga.n72391                        -11.9647
xn3.xga.n81574                    -1.24642e-08
xn3.xga.n81664                    -1.26135e-08
xn3.xga.sw_ol_opax197             -9.65638e-12
xn3.xga.vclp                      -0.000357062
xn3.xga.vimon                     -7.86914e-05
xn3.xga.n27785                        0.820799
xn3.xga.n27793                     2.62654e-06
xn3.xga.vout_s                     -6.7522e-05
xn3.xga.n2402147                  -9.65814e-12
xn3.xga.n2402155                  -9.65638e-12
xn3.xga.n2419074                   -0.00035813
xn3.xga.n2525790                  -0.000357772
xn3.xga.n2526890                  -0.000357415
xn3.xga.n36262                    -0.000357058
xn3.xga.n32347                     2.23554e-05
xn3.xga.clamp                     -0.000358489
xn3.xga.esdp                      -1.76351e-08
xn3.xga.esdn                       2.23554e-05
xn3.xga.n158495                   -0.000357057
xn3.xga.cl_clamp                  -0.000357057
xn3.xga.n161937                    -6.7522e-05
xn3.xga.claw_clamp                -0.000357057
xn3.xga.n45999                     -6.7522e-05
xn3.xga.vcc_b                               12
xn3.xga.vee_b                              -12
xn3.xga.n25415                     1.71023e-05
xn3.xga.n25397                     1.71024e-05
xn3.xga.n25248                    -9.65804e-12
xn3.xga.vcc_clp                        11.9743
xn3.xga.vee_clp                       -11.9647
xn3.xga.n1356345                      -4.15036
xn3.xga.n1356333                      -4.15036
xn3.xga.n1356409                       4.19964
xn3.xga.n1356429                       4.19964
xn3.xga.vsense                    -0.000358488
xn3.xga.n28678                     2.23554e-05
xn3.xga.n28438                     1.71023e-05
xn3.xga.n24207                    -1.76351e-08
xn3.xga.n31303                     2.23554e-05
xn3.xga.n31389                            12.1
xn3.xga.n31737                           -12.1
xn3.xga.n32236                     2.23554e-05
xn3.xga.n32510                    -6.16943e-09
xn3.xga.n46041                      -0.0263175
xn3.xga.n55560                    -9.65638e-12
xn3.xga.n57321                    -9.65638e-12
xn3.xga.n59739                            68.9
xn3.xga.n59743                    -9.65638e-12
xn3.xga.n59881                    -9.65638e-12
xn3.xga.n59905                           -68.9
xn3.xga.n65567                             265
xn3.xga.n65575                    -9.65638e-12
xn3.xga.n65713                    -9.65638e-12
xn3.xga.n65737                            -265
xn3.xga.n72064                         11.9743
xn3.xga.n72073                        -11.9647
xn3.xga.v11                       -1.24642e-08
xn3.xga.v12                       -1.26135e-08
xn3.xga.n81756                    -9.65638e-12
xn3.xga.n161737                   -7.86914e-05
xn3.xga.n1356115                       4.19964
xn3.xga.n1356061                      -4.15036
xn3.xga.x_u1.7                        0.833786
xn3.xga.x_u1.8                        0.833786
xn3.xga.x_u1.3                               0
xn3.xga.x_u1.6                               0
xn3.xga.x_u1.4                               0
xn3.xga.x_u1.5                               0
xn3.xga.x_u10.gvo+_int1                      0
xn3.xga.x_u10.gvo-_int1                      0
xn3.xga.x_u11.gvo+_int1                      0
xn3.xga.x_u11.gvo-_int1                      0
xn3.xga.x_u12.gvo+_int1                      0
xn3.xga.x_u12.gvo-_int1                      0
xn3.xga.x_u16.gsw+_int1                      0
xn3.xga.x_u18.g1_int1              2.56159e-05
xn3.xga.x_u18.g1_int2             -7.86914e-05
xn3.xga.x_u19.g1_int1              3.52759e-05
xn3.xga.x_u19.g1_int2              7.86914e-05
xn3.xga.x_u22.g1_int1                        0
xn3.xga.x_u23.g1_int1                        0
xn3.xga.x_u26.g1_int1                        0
xn3.xga.x_u27.g1_int1              7.86914e-08
xn3.xga.x_u30.g1_int1             -6.16594e-15
xn3.xga.x_u31.g1_int1             -4.58903e-10
xn3.xga.x_u32.g1_int1               -0.0263175
xn3.xga.x_u35.g1_int1                        0
xn3.xga.x_u36.3                              0
xn3.xga.x_u36.5                              0
xn3.xga.x_u37.3                              0
xn3.xga.x_u37.5                              0
xn3.xga.x_u4.e1_int1                 1.712e-05
xn3.xga.x_u6.g1_int1               2.23554e-05
xn3.xgb.n24458                     -1.7612e-11
xn3.xgb.n24659                    -9.65205e-12
xn3.xgb.n37029                        0.015843
xn3.xgb.n37037                      0.00160849
xn3.xgb.n39124                       0.0158421
xn3.xgb.n39892                     2.37618e-07
xn3.xgb.n2425309                            12
xn3.xgb.n2425287                   -9.6503e-12
xn3.xgb.n2425325                           -12
xn3.xgb.mid                        -9.6503e-12
xn3.xgb.n56849                     -9.6503e-12
xn3.xgb.n57325                     -9.6503e-12
xn3.xgb.n59747                     -9.6503e-12
xn3.xgb.n59865                     -9.6503e-12
xn3.xgb.n25921                       -0.820799
xn3.xgb.n25929                    -2.62656e-06
xn3.xgb.n65579                     -9.6503e-12
xn3.xgb.n65697                     -9.6503e-12
xn3.xgb.n68774                     0.000287681
xn3.xgb.n72398                         11.9743
xn3.xgb.n72391                        -11.9647
xn3.xgb.n81574                    -1.24635e-08
xn3.xgb.n81664                    -1.26141e-08
xn3.xgb.sw_ol_opax197              -9.6503e-12
xn3.xgb.vclp                       0.000286527
xn3.xgb.vimon                       4.4945e-05
xn3.xgb.n27785                        0.820799
xn3.xgb.n27793                     2.62654e-06
xn3.xgb.vout_s                     0.000112246
xn3.xgb.n2402147                  -9.65205e-12
xn3.xgb.n2402155                   -9.6503e-12
xn3.xgb.n2419074                   0.000287393
xn3.xgb.n2525790                   0.000287106
xn3.xgb.n2526890                   0.000286819
xn3.xgb.n36262                     0.000286533
xn3.xgb.n32347                     2.23555e-05
xn3.xgb.clamp                      0.000287681
xn3.xgb.esdp                      -1.75482e-08
xn3.xgb.esdn                       2.23554e-05
xn3.xgb.n158495                    0.000286532
xn3.xgb.cl_clamp                   0.000286532
xn3.xgb.n161937                    0.000112246
xn3.xgb.claw_clamp                 0.000286532
xn3.xgb.n45999                     0.000112246
xn3.xgb.vcc_b                               12
xn3.xgb.vee_b                              -12
xn3.xgb.n25415                     1.71024e-05
xn3.xgb.n25397                     1.71025e-05
xn3.xgb.n25248                    -9.65195e-12
xn3.xgb.vcc_clp                        11.9743
xn3.xgb.vee_clp                       -11.9647
xn3.xgb.n1356345                      -4.14971
xn3.xgb.n1356333                      -4.14971
xn3.xgb.n1356409                       4.20029
xn3.xgb.n1356429                       4.20029
xn3.xgb.vsense                     0.000287681
xn3.xgb.n28678                     2.23555e-05
xn3.xgb.n28438                     1.71024e-05
xn3.xgb.n24207                    -1.75482e-08
xn3.xgb.n31303                     2.23554e-05
xn3.xgb.n31389                            12.1
xn3.xgb.n31737                           -12.1
xn3.xgb.n32236                     2.23555e-05
xn3.xgb.n32510                     2.51281e-09
xn3.xgb.n46041                       0.0158419
xn3.xgb.n55560                     -9.6503e-12
xn3.xgb.n57321                     -9.6503e-12
xn3.xgb.n59739                            68.9
xn3.xgb.n59743                     -9.6503e-12
xn3.xgb.n59881                     -9.6503e-12
xn3.xgb.n59905                           -68.9
xn3.xgb.n65567                             265
xn3.xgb.n65575                     -9.6503e-12
xn3.xgb.n65713                     -9.6503e-12
xn3.xgb.n65737                            -265
xn3.xgb.n72064                         11.9743
xn3.xgb.n72073                        -11.9647
xn3.xgb.v11                       -1.24635e-08
xn3.xgb.v12                       -1.26141e-08
xn3.xgb.n81756                     -9.6503e-12
xn3.xgb.n161737                     4.4945e-05
xn3.xgb.n1356115                       4.20029
xn3.xgb.n1356061                      -4.14971
xn3.xgb.x_u1.7                        0.833786
xn3.xgb.x_u1.8                        0.833786
xn3.xgb.x_u1.3                               0
xn3.xgb.x_u1.6                               0
xn3.xgb.x_u1.4                               0
xn3.xgb.x_u1.5                               0
xn3.xgb.x_u10.gvo+_int1                      0
xn3.xgb.x_u10.gvo-_int1                      0
xn3.xgb.x_u11.gvo+_int1                      0
xn3.xgb.x_u11.gvo-_int1                      0
xn3.xgb.x_u12.gvo+_int1                      0
xn3.xgb.x_u12.gvo-_int1                      0
xn3.xgb.x_u16.gsw+_int1                      0
xn3.xgb.x_u18.g1_int1              2.56184e-05
xn3.xgb.x_u18.g1_int2               4.4945e-05
xn3.xgb.x_u19.g1_int1              3.52733e-05
xn3.xgb.x_u19.g1_int2              -4.4945e-05
xn3.xgb.x_u22.g1_int1                        0
xn3.xgb.x_u23.g1_int1                        0
xn3.xgb.x_u26.g1_int1               4.4945e-08
xn3.xgb.x_u27.g1_int1                        0
xn3.xgb.x_u30.g1_int1              2.52498e-15
xn3.xgb.x_u31.g1_int1              1.87923e-10
xn3.xgb.x_u32.g1_int1                0.0158419
xn3.xgb.x_u35.g1_int1                        0
xn3.xgb.x_u36.3                              0
xn3.xgb.x_u36.5                              0
xn3.xgb.x_u37.3                              0
xn3.xgb.x_u37.5                              0
xn3.xgb.x_u4.e1_int1                 1.712e-05
xn3.xgb.x_u6.g1_int1               2.23555e-05
xb0.yc                            -1.71251e-08
xb0.xb1.n24458                    -1.76522e-11
xb0.xb1.n24659                     -9.6528e-12
xb0.xb1.n37029                       0.0026844
xb0.xb1.n37037                      0.00027254
xb0.xb1.n39124                      0.00268425
xb0.xb1.n39892                     4.02535e-08
xb0.xb1.n2425309                            12
xb0.xb1.n2425287                  -9.65104e-12
xb0.xb1.n2425325                           -12
xb0.xb1.mid                       -9.65104e-12
xb0.xb1.n56849                    -9.65104e-12
xb0.xb1.n57325                    -9.65104e-12
xb0.xb1.n59747                    -9.65104e-12
xb0.xb1.n59865                    -9.65104e-12
xb0.xb1.n25921                       -0.820799
xb0.xb1.n25929                    -2.62656e-06
xb0.xb1.n65579                    -9.65104e-12
xb0.xb1.n65697                    -9.65104e-12
xb0.xb1.n68774                     5.20944e-05
xb0.xb1.n72398                         11.9743
xb0.xb1.n72391                        -11.9647
xb0.xb1.n81574                    -1.24637e-08
xb0.xb1.n81664                    -1.26139e-08
xb0.xb1.sw_ol_opax197             -9.65104e-12
xb0.xb1.vclp                       5.18814e-05
xb0.xb1.vimon                      7.50243e-06
xb0.xb1.n27785                        0.820799
xb0.xb1.n27793                     2.62654e-06
xb0.xb1.vout_s                     2.23557e-05
xb0.xb1.n2402147                   -9.6528e-12
xb0.xb1.n2402155                  -9.65104e-12
xb0.xb1.n2419074                   5.20424e-05
xb0.xb1.n2525790                   5.19904e-05
xb0.xb1.n2526890                   5.19384e-05
xb0.xb1.n36262                     5.18865e-05
xb0.xb1.n32347                     2.23554e-05
xb0.xb1.clamp                      5.20945e-05
xb0.xb1.esdp                      -1.76351e-08
xb0.xb1.esdn                       2.23554e-05
xb0.xb1.n158495                    5.18864e-05
xb0.xb1.cl_clamp                   5.18864e-05
xb0.xb1.n161937                    2.23557e-05
xb0.bufa                           2.23557e-05
xb0.xb1.claw_clamp                 5.18865e-05
xb0.xb1.n45999                     2.23557e-05
xb0.xb1.vcc_b                               12
xb0.xb1.vee_b                              -12
xb0.xb1.n25415                     1.71023e-05
xb0.xb1.n25397                     1.71024e-05
xb0.xb1.n25248                     -9.6527e-12
xb0.xb1.vcc_clp                        11.9743
xb0.xb1.vee_clp                       -11.9647
xb0.xb1.n1356345                      -4.14995
xb0.xb1.n1356333                      -4.14995
xb0.xb1.n1356409                       4.20005
xb0.xb1.n1356429                       4.20005
xb0.xb1.vsense                     5.20944e-05
xb0.xb1.n28678                     2.23554e-05
xb0.xb1.n28438                     1.71023e-05
xb0.xb1.n24207                    -1.76351e-08
xb0.xb1.n31303                     2.23554e-05
xb0.xb1.n31389                            12.1
xb0.xb1.n31737                           -12.1
xb0.xb1.n32236                     2.23554e-05
xb0.xb1.n32510                    -6.52638e-10
xb0.xb1.n46041                      0.00268421
xb0.xb1.n55560                    -9.65104e-12
xb0.xb1.n57321                    -9.65104e-12
xb0.xb1.n59739                            68.9
xb0.xb1.n59743                    -9.65104e-12
xb0.xb1.n59881                    -9.65104e-12
xb0.xb1.n59905                           -68.9
xb0.xb1.n65567                             265
xb0.xb1.n65575                    -9.65104e-12
xb0.xb1.n65713                    -9.65104e-12
xb0.xb1.n65737                            -265
xb0.xb1.n72064                         11.9743
xb0.xb1.n72073                        -11.9647
xb0.xb1.v11                       -1.24637e-08
xb0.xb1.v12                       -1.26139e-08
xb0.xb1.n81756                    -9.65104e-12
xb0.xb1.n161737                    7.50243e-06
xb0.xb1.n1356115                       4.20005
xb0.xb1.n1356061                      -4.14995
xb0.xb1.x_u1.7                        0.833786
xb0.xb1.x_u1.8                        0.833786
xb0.xb1.x_u1.3                               0
xb0.xb1.x_u1.6                               0
xb0.xb1.x_u1.4                               0
xb0.xb1.x_u1.5                               0
xb0.xb1.x_u10.gvo+_int1                      0
xb0.xb1.x_u10.gvo-_int1                      0
xb0.xb1.x_u11.gvo+_int1                      0
xb0.xb1.x_u11.gvo-_int1                      0
xb0.xb1.x_u12.gvo+_int1                      0
xb0.xb1.x_u12.gvo-_int1                      0
xb0.xb1.x_u16.gsw+_int1                      0
xb0.xb1.x_u18.g1_int1              2.56177e-05
xb0.xb1.x_u18.g1_int2              7.50244e-06
xb0.xb1.x_u19.g1_int1              3.52741e-05
xb0.xb1.x_u19.g1_int2             -7.50244e-06
xb0.xb1.x_u22.g1_int1             -1.03721e-24
xb0.xb1.x_u23.g1_int1             -1.03721e-24
xb0.xb1.x_u26.g1_int1              7.50244e-09
xb0.xb1.x_u27.g1_int1                        0
xb0.xb1.x_u30.g1_int1              -6.4364e-16
xb0.xb1.x_u31.g1_int1             -4.79025e-11
xb0.xb1.x_u32.g1_int1               0.00268422
xb0.xb1.x_u35.g1_int1             -1.03721e-24
xb0.xb1.x_u36.3                              0
xb0.xb1.x_u36.5                              0
xb0.xb1.x_u37.3                              0
xb0.xb1.x_u37.5                              0
xb0.xb1.x_u4.e1_int1                 1.712e-05
xb0.xb1.x_u6.g1_int1               2.23554e-05
xb0.hb                             4.47418e-05
xb0.mb                             2.23557e-05
xb0.xb2.n24458                    -1.76526e-11
xb0.xb2.n24659                    -9.65323e-12
xb0.xb2.n37029                      0.00609621
xb0.xb2.n37037                     0.000618932
xb0.xb2.n39124                      0.00609587
xb0.xb2.n39892                     9.14271e-08
xb0.xb2.n2425309                            12
xb0.xb2.n2425287                  -9.65147e-12
xb0.xb2.n2425325                           -12
xb0.xb2.mid                       -9.65147e-12
xb0.xb2.n56849                    -9.65147e-12
xb0.xb2.n57325                    -9.65147e-12
xb0.xb2.n59747                    -9.65147e-12
xb0.xb2.n59865                    -9.65147e-12
xb0.xb2.n25921                       -0.820799
xb0.xb2.n25929                    -2.62656e-06
xb0.xb2.n65579                    -9.65147e-12
xb0.xb2.n65697                    -9.65147e-12
xb0.xb2.n68774                     0.000112254
xb0.xb2.n72398                         11.9743
xb0.xb2.n72391                        -11.9647
xb0.xb2.n81574                    -1.24637e-08
xb0.xb2.n81664                     -1.2614e-08
xb0.xb2.sw_ol_opax197             -9.65147e-12
xb0.xb2.vclp                         0.0001118
xb0.xb2.vimon                      1.72419e-05
xb0.xb2.n27785                        0.820799
xb0.xb2.n27793                     2.62654e-06
xb0.xb2.vout_s                     4.47418e-05
xb0.xb2.n2402147                  -9.65323e-12
xb0.xb2.n2402155                  -9.65147e-12
xb0.xb2.n2419074                   0.000112141
xb0.xb2.n2525790                   0.000112029
xb0.xb2.n2526890                   0.000111918
xb0.xb2.n36262                     0.000111806
xb0.xb2.n32347                     2.23554e-05
xb0.xb2.clamp                      0.000112254
xb0.xb2.esdp                      -1.76351e-08
xb0.xb2.esdn                       2.23554e-05
xb0.xb2.n158495                    0.000111805
xb0.xb2.cl_clamp                   0.000111805
xb0.xb2.n161937                    4.47418e-05
xb0.xb2.claw_clamp                 0.000111806
xb0.xb2.n45999                     4.47418e-05
xb0.xb2.vcc_b                               12
xb0.xb2.vee_b                              -12
xb0.xb2.n25415                     1.71023e-05
xb0.xb2.n25397                     1.71024e-05
xb0.xb2.n25248                    -9.65313e-12
xb0.xb2.vcc_clp                        11.9743
xb0.xb2.vee_clp                       -11.9647
xb0.xb2.n1356345                      -4.14989
xb0.xb2.n1356333                      -4.14989
xb0.xb2.n1356409                       4.20011
xb0.xb2.n1356429                       4.20011
xb0.xb2.vsense                     0.000112254
xb0.xb2.n28678                     2.23554e-05
xb0.xb2.n28438                     1.71023e-05
xb0.xb2.n24207                    -1.76351e-08
xb0.xb2.n31303                     2.23554e-05
xb0.xb2.n31389                            12.1
xb0.xb2.n31737                           -12.1
xb0.xb2.n32236                     2.23554e-05
xb0.xb2.n32510                      1.5569e-10
xb0.xb2.n46041                      0.00609579
xb0.xb2.n55560                    -9.65147e-12
xb0.xb2.n57321                    -9.65147e-12
xb0.xb2.n59739                            68.9
xb0.xb2.n59743                    -9.65147e-12
xb0.xb2.n59881                    -9.65147e-12
xb0.xb2.n59905                           -68.9
xb0.xb2.n65567                             265
xb0.xb2.n65575                    -9.65147e-12
xb0.xb2.n65713                    -9.65147e-12
xb0.xb2.n65737                            -265
xb0.xb2.n72064                         11.9743
xb0.xb2.n72073                        -11.9647
xb0.xb2.v11                       -1.24637e-08
xb0.xb2.v12                        -1.2614e-08
xb0.xb2.n81756                    -9.65147e-12
xb0.xb2.n161737                    1.72419e-05
xb0.xb2.n1356115                       4.20011
xb0.xb2.n1356061                      -4.14989
xb0.xb2.x_u1.7                        0.833786
xb0.xb2.x_u1.8                        0.833786
xb0.xb2.x_u1.3                               0
xb0.xb2.x_u1.6                               0
xb0.xb2.x_u1.4                               0
xb0.xb2.x_u1.5                               0
xb0.xb2.x_u10.gvo+_int1                      0
xb0.xb2.x_u10.gvo-_int1                      0
xb0.xb2.x_u11.gvo+_int1                      0
xb0.xb2.x_u11.gvo-_int1                      0
xb0.xb2.x_u12.gvo+_int1                      0
xb0.xb2.x_u12.gvo-_int1                      0
xb0.xb2.x_u16.gsw+_int1                      0
xb0.xb2.x_u18.g1_int1              2.56179e-05
xb0.xb2.x_u18.g1_int2              1.72419e-05
xb0.xb2.x_u19.g1_int1              3.52739e-05
xb0.xb2.x_u19.g1_int2             -1.72419e-05
xb0.xb2.x_u22.g1_int1                        0
xb0.xb2.x_u23.g1_int1                        0
xb0.xb2.x_u26.g1_int1              1.72419e-08
xb0.xb2.x_u27.g1_int1                        0
xb0.xb2.x_u30.g1_int1              1.65497e-16
xb0.xb2.x_u31.g1_int1              1.23179e-11
xb0.xb2.x_u32.g1_int1               0.00609581
xb0.xb2.x_u35.g1_int1                        0
xb0.xb2.x_u36.3                              0
xb0.xb2.x_u36.5                              0
xb0.xb2.x_u37.3                              0
xb0.xb2.x_u37.5                              0
xb0.xb2.x_u4.e1_int1                 1.712e-05
xb0.xb2.x_u6.g1_int1               2.23554e-05
xb0.xa1.n24458                    -1.76525e-11
xb0.xa1.n24659                    -9.65311e-12
xb0.xa1.n37029                     0.000246925
xb0.xa1.n37037                     2.50697e-05
xb0.xa1.n39124                     0.000246912
xb0.xa1.n39892                     3.69397e-09
xb0.xa1.n2425309                            12
xb0.xa1.n2425287                  -9.65135e-12
xb0.xa1.n2425325                           -12
xb0.xa1.mid                       -9.65135e-12
xb0.xa1.n56849                    -9.65135e-12
xb0.xa1.n57325                    -9.65135e-12
xb0.xa1.n59747                    -9.65135e-12
xb0.xa1.n59865                    -9.65135e-12
xb0.xa1.n25921                       -0.820799
xb0.xa1.n25929                    -2.62656e-06
xb0.xa1.n65579                    -9.65135e-12
xb0.xa1.n65697                    -9.65135e-12
xb0.xa1.n68774                     2.51726e-05
xb0.xa1.n72398                         11.9743
xb0.xa1.n72391                        -11.9647
xb0.xa1.n81574                    -1.24638e-08
xb0.xa1.n81664                    -1.26139e-08
xb0.xa1.sw_ol_opax197             -9.65135e-12
xb0.xa1.vclp                       2.50671e-05
xb0.xa1.vimon                      3.03171e-09
xb0.xa1.n27785                        0.820799
xb0.xa1.n27793                     2.62654e-06
xb0.xa1.vout_s                     2.23557e-05
xb0.xa1.n2402147                  -9.65311e-12
xb0.xa1.n2402155                  -9.65135e-12
xb0.xa1.n2419074                   2.51474e-05
xb0.xa1.n2525790                   2.51223e-05
xb0.xa1.n2526890                   2.50972e-05
xb0.xa1.n36262                     2.50721e-05
xb0.xa1.n32347                     2.23554e-05
xb0.xa1.clamp                      2.51726e-05
xb0.xa1.esdp                      -1.76351e-08
xb0.xa1.esdn                       2.23554e-05
xb0.xa1.n158495                    2.50721e-05
xb0.xa1.cl_clamp                   2.50721e-05
xb0.xa1.n161937                    2.23557e-05
xb0.bufb                           2.23557e-05
xb0.xa1.claw_clamp                 2.50721e-05
xb0.xa1.n45999                     2.23557e-05
xb0.xa1.vcc_b                               12
xb0.xa1.vee_b                              -12
xb0.xa1.n25415                     1.71023e-05
xb0.xa1.n25397                     1.71024e-05
xb0.xa1.n25248                    -9.65302e-12
xb0.xa1.vcc_clp                        11.9743
xb0.xa1.vee_clp                       -11.9647
xb0.xa1.n1356345                      -4.14997
xb0.xa1.n1356333                      -4.14997
xb0.xa1.n1356409                       4.20003
xb0.xa1.n1356429                       4.20003
xb0.xa1.vsense                     2.51726e-05
xb0.xa1.n28678                     2.23554e-05
xb0.xa1.n28438                     1.71023e-05
xb0.xa1.n24207                    -1.76351e-08
xb0.xa1.n31303                     2.23554e-05
xb0.xa1.n31389                            12.1
xb0.xa1.n31737                           -12.1
xb0.xa1.n32236                     2.23554e-05
xb0.xa1.n32510                    -1.01437e-09
xb0.xa1.n46041                     0.000246908
xb0.xa1.n55560                    -9.65135e-12
xb0.xa1.n57321                    -9.65135e-12
xb0.xa1.n59739                            68.9
xb0.xa1.n59743                    -9.65135e-12
xb0.xa1.n59881                    -9.65135e-12
xb0.xa1.n59905                           -68.9
xb0.xa1.n65567                             265
xb0.xa1.n65575                    -9.65135e-12
xb0.xa1.n65713                    -9.65135e-12
xb0.xa1.n65737                            -265
xb0.xa1.n72064                         11.9743
xb0.xa1.n72073                        -11.9647
xb0.xa1.v11                       -1.24638e-08
xb0.xa1.v12                       -1.26139e-08
xb0.xa1.n81756                    -9.65135e-12
xb0.xa1.n161737                    3.03171e-09
xb0.xa1.n1356115                       4.20003
xb0.xa1.n1356061                      -4.14997
xb0.xa1.x_u1.7                        0.833786
xb0.xa1.x_u1.8                        0.833786
xb0.xa1.x_u1.3                               0
xb0.xa1.x_u1.6                               0
xb0.xa1.x_u1.4                               0
xb0.xa1.x_u1.5                               0
xb0.xa1.x_u10.gvo+_int1                      0
xb0.xa1.x_u10.gvo-_int1                      0
xb0.xa1.x_u11.gvo+_int1                      0
xb0.xa1.x_u11.gvo-_int1                      0
xb0.xa1.x_u12.gvo+_int1                      0
xb0.xa1.x_u12.gvo-_int1                      0
xb0.xa1.x_u16.gsw+_int1                      0
xb0.xa1.x_u18.g1_int1              2.56175e-05
xb0.xa1.x_u18.g1_int2              3.04137e-09
xb0.xa1.x_u19.g1_int1              3.52742e-05
xb0.xa1.x_u19.g1_int2             -3.04137e-09
xb0.xa1.x_u22.g1_int1              1.03723e-24
xb0.xa1.x_u23.g1_int1                        0
xb0.xa1.x_u26.g1_int1              3.04137e-12
xb0.xa1.x_u27.g1_int1                        0
xb0.xa1.x_u30.g1_int1             -1.00574e-15
xb0.xa1.x_u31.g1_int1             -7.48518e-11
xb0.xa1.x_u32.g1_int1              0.000246909
xb0.xa1.x_u35.g1_int1                        0
xb0.xa1.x_u36.3                              0
xb0.xa1.x_u36.5                              0
xb0.xa1.x_u37.3                              0
xb0.xa1.x_u37.5                              0
xb0.xa1.x_u4.e1_int1                 1.712e-05
xb0.xa1.x_u6.g1_int1               2.23554e-05
xb0.ha                             2.23861e-05
xb0.ma                             2.23557e-05
xb0.xa2.n24458                    -1.76522e-11
xb0.xa2.n24659                     -9.6528e-12
xb0.xa2.n37029                      0.00268805
xb0.xa2.n37037                     0.000272911
xb0.xa2.n39124                       0.0026879
xb0.xa2.n39892                     4.03083e-08
xb0.xa2.n2425309                            12
xb0.xa2.n2425287                  -9.65104e-12
xb0.xa2.n2425325                           -12
xb0.xa2.mid                       -9.65104e-12
xb0.xa2.n56849                    -9.65104e-12
xb0.xa2.n57325                    -9.65104e-12
xb0.xa2.n59747                    -9.65104e-12
xb0.xa2.n59865                    -9.65104e-12
xb0.xa2.n25921                       -0.820799
xb0.xa2.n25929                    -2.62656e-06
xb0.xa2.n65579                    -9.65104e-12
xb0.xa2.n65697                    -9.65104e-12
xb0.xa2.n68774                     5.21653e-05
xb0.xa2.n72398                         11.9743
xb0.xa2.n72391                        -11.9647
xb0.xa2.n81574                    -1.24637e-08
xb0.xa2.n81664                    -1.26139e-08
xb0.xa2.sw_ol_opax197             -9.65104e-12
xb0.xa2.vclp                        5.1952e-05
xb0.xa2.vimon                      7.51265e-06
xb0.xa2.n27785                        0.820799
xb0.xa2.n27793                     2.62654e-06
xb0.xa2.vout_s                     2.23861e-05
xb0.xa2.n2402147                   -9.6528e-12
xb0.xa2.n2402155                  -9.65104e-12
xb0.xa2.n2419074                   5.21132e-05
xb0.xa2.n2525790                   5.20611e-05
xb0.xa2.n2526890                   5.20091e-05
xb0.xa2.n36262                     5.19572e-05
xb0.xa2.n32347                     2.23554e-05
xb0.xa2.clamp                      5.21654e-05
xb0.xa2.esdp                      -1.76351e-08
xb0.xa2.esdn                       2.23554e-05
xb0.xa2.n158495                     5.1957e-05
xb0.xa2.cl_clamp                    5.1957e-05
xb0.xa2.n161937                    2.23861e-05
xb0.xa2.claw_clamp                 5.19571e-05
xb0.xa2.n45999                     2.23861e-05
xb0.xa2.vcc_b                               12
xb0.xa2.vee_b                              -12
xb0.xa2.n25415                     1.71023e-05
xb0.xa2.n25397                     1.71024e-05
xb0.xa2.n25248                     -9.6527e-12
xb0.xa2.vcc_clp                        11.9743
xb0.xa2.vee_clp                       -11.9647
xb0.xa2.n1356345                      -4.14995
xb0.xa2.n1356333                      -4.14995
xb0.xa2.n1356409                       4.20005
xb0.xa2.n1356429                       4.20005
xb0.xa2.vsense                     5.21653e-05
xb0.xa2.n28678                     2.23554e-05
xb0.xa2.n28438                     1.71023e-05
xb0.xa2.n24207                    -1.76351e-08
xb0.xa2.n31303                     2.23554e-05
xb0.xa2.n31389                            12.1
xb0.xa2.n31737                           -12.1
xb0.xa2.n32236                     2.23554e-05
xb0.xa2.n32510                    -6.51686e-10
xb0.xa2.n46041                      0.00268787
xb0.xa2.n55560                    -9.65104e-12
xb0.xa2.n57321                    -9.65104e-12
xb0.xa2.n59739                            68.9
xb0.xa2.n59743                    -9.65104e-12
xb0.xa2.n59881                    -9.65104e-12
xb0.xa2.n59905                           -68.9
xb0.xa2.n65567                             265
xb0.xa2.n65575                    -9.65104e-12
xb0.xa2.n65713                    -9.65104e-12
xb0.xa2.n65737                            -265
xb0.xa2.n72064                         11.9743
xb0.xa2.n72073                        -11.9647
xb0.xa2.v11                       -1.24638e-08
xb0.xa2.v12                       -1.26139e-08
xb0.xa2.n81756                    -9.65104e-12
xb0.xa2.n161737                    7.51265e-06
xb0.xa2.n1356115                       4.20005
xb0.xa2.n1356061                      -4.14995
xb0.xa2.x_u1.7                        0.833786
xb0.xa2.x_u1.8                        0.833786
xb0.xa2.x_u1.3                               0
xb0.xa2.x_u1.6                               0
xb0.xa2.x_u1.4                               0
xb0.xa2.x_u1.5                               0
xb0.xa2.x_u10.gvo+_int1                      0
xb0.xa2.x_u10.gvo-_int1                      0
xb0.xa2.x_u11.gvo+_int1                      0
xb0.xa2.x_u11.gvo-_int1                      0
xb0.xa2.x_u12.gvo+_int1                      0
xb0.xa2.x_u12.gvo-_int1                      0
xb0.xa2.x_u16.gsw+_int1                      0
xb0.xa2.x_u18.g1_int1              2.56177e-05
xb0.xa2.x_u18.g1_int2              7.51266e-06
xb0.xa2.x_u19.g1_int1              3.52741e-05
xb0.xa2.x_u19.g1_int2             -7.51266e-06
xb0.xa2.x_u22.g1_int1                        0
xb0.xa2.x_u23.g1_int1             -1.03559e-24
xb0.xa2.x_u26.g1_int1              7.51266e-09
xb0.xa2.x_u27.g1_int1                        0
xb0.xa2.x_u30.g1_int1             -6.42686e-16
xb0.xa2.x_u31.g1_int1             -4.78316e-11
xb0.xa2.x_u32.g1_int1               0.00268788
xb0.xa2.x_u35.g1_int1                        0
xb0.xa2.x_u36.3                              0
xb0.xa2.x_u36.5                              0
xb0.xa2.x_u37.3                              0
xb0.xa2.x_u37.5                              0
xb0.xa2.x_u4.e1_int1                 1.712e-05
xb0.xa2.x_u6.g1_int1               2.23554e-05
xb1.yc                            -1.71251e-08
xb1.xb1.n24458                    -1.76522e-11
xb1.xb1.n24659                     -9.6528e-12
xb1.xb1.n37029                       0.0026844
xb1.xb1.n37037                      0.00027254
xb1.xb1.n39124                      0.00268425
xb1.xb1.n39892                     4.02535e-08
xb1.xb1.n2425309                            12
xb1.xb1.n2425287                  -9.65104e-12
xb1.xb1.n2425325                           -12
xb1.xb1.mid                       -9.65104e-12
xb1.xb1.n56849                    -9.65104e-12
xb1.xb1.n57325                    -9.65104e-12
xb1.xb1.n59747                    -9.65104e-12
xb1.xb1.n59865                    -9.65104e-12
xb1.xb1.n25921                       -0.820799
xb1.xb1.n25929                    -2.62656e-06
xb1.xb1.n65579                    -9.65104e-12
xb1.xb1.n65697                    -9.65104e-12
xb1.xb1.n68774                     5.20944e-05
xb1.xb1.n72398                         11.9743
xb1.xb1.n72391                        -11.9647
xb1.xb1.n81574                    -1.24637e-08
xb1.xb1.n81664                    -1.26139e-08
xb1.xb1.sw_ol_opax197             -9.65104e-12
xb1.xb1.vclp                       5.18814e-05
xb1.xb1.vimon                      7.50243e-06
xb1.xb1.n27785                        0.820799
xb1.xb1.n27793                     2.62654e-06
xb1.xb1.vout_s                     2.23557e-05
xb1.xb1.n2402147                   -9.6528e-12
xb1.xb1.n2402155                  -9.65104e-12
xb1.xb1.n2419074                   5.20424e-05
xb1.xb1.n2525790                   5.19904e-05
xb1.xb1.n2526890                   5.19384e-05
xb1.xb1.n36262                     5.18865e-05
xb1.xb1.n32347                     2.23554e-05
xb1.xb1.clamp                      5.20945e-05
xb1.xb1.esdp                      -1.76351e-08
xb1.xb1.esdn                       2.23554e-05
xb1.xb1.n158495                    5.18864e-05
xb1.xb1.cl_clamp                   5.18864e-05
xb1.xb1.n161937                    2.23557e-05
xb1.bufa                           2.23557e-05
xb1.xb1.claw_clamp                 5.18865e-05
xb1.xb1.n45999                     2.23557e-05
xb1.xb1.vcc_b                               12
xb1.xb1.vee_b                              -12
xb1.xb1.n25415                     1.71023e-05
xb1.xb1.n25397                     1.71024e-05
xb1.xb1.n25248                     -9.6527e-12
xb1.xb1.vcc_clp                        11.9743
xb1.xb1.vee_clp                       -11.9647
xb1.xb1.n1356345                      -4.14995
xb1.xb1.n1356333                      -4.14995
xb1.xb1.n1356409                       4.20005
xb1.xb1.n1356429                       4.20005
xb1.xb1.vsense                     5.20944e-05
xb1.xb1.n28678                     2.23554e-05
xb1.xb1.n28438                     1.71023e-05
xb1.xb1.n24207                    -1.76351e-08
xb1.xb1.n31303                     2.23554e-05
xb1.xb1.n31389                            12.1
xb1.xb1.n31737                           -12.1
xb1.xb1.n32236                     2.23554e-05
xb1.xb1.n32510                    -6.52638e-10
xb1.xb1.n46041                      0.00268421
xb1.xb1.n55560                    -9.65104e-12
xb1.xb1.n57321                    -9.65104e-12
xb1.xb1.n59739                            68.9
xb1.xb1.n59743                    -9.65104e-12
xb1.xb1.n59881                    -9.65104e-12
xb1.xb1.n59905                           -68.9
xb1.xb1.n65567                             265
xb1.xb1.n65575                    -9.65104e-12
xb1.xb1.n65713                    -9.65104e-12
xb1.xb1.n65737                            -265
xb1.xb1.n72064                         11.9743
xb1.xb1.n72073                        -11.9647
xb1.xb1.v11                       -1.24637e-08
xb1.xb1.v12                       -1.26139e-08
xb1.xb1.n81756                    -9.65104e-12
xb1.xb1.n161737                    7.50243e-06
xb1.xb1.n1356115                       4.20005
xb1.xb1.n1356061                      -4.14995
xb1.xb1.x_u1.7                        0.833786
xb1.xb1.x_u1.8                        0.833786
xb1.xb1.x_u1.3                               0
xb1.xb1.x_u1.6                               0
xb1.xb1.x_u1.4                               0
xb1.xb1.x_u1.5                               0
xb1.xb1.x_u10.gvo+_int1                      0
xb1.xb1.x_u10.gvo-_int1                      0
xb1.xb1.x_u11.gvo+_int1                      0
xb1.xb1.x_u11.gvo-_int1                      0
xb1.xb1.x_u12.gvo+_int1                      0
xb1.xb1.x_u12.gvo-_int1                      0
xb1.xb1.x_u16.gsw+_int1                      0
xb1.xb1.x_u18.g1_int1              2.56177e-05
xb1.xb1.x_u18.g1_int2              7.50244e-06
xb1.xb1.x_u19.g1_int1              3.52741e-05
xb1.xb1.x_u19.g1_int2             -7.50244e-06
xb1.xb1.x_u22.g1_int1                        0
xb1.xb1.x_u23.g1_int1                        0
xb1.xb1.x_u26.g1_int1              7.50244e-09
xb1.xb1.x_u27.g1_int1                        0
xb1.xb1.x_u30.g1_int1              -6.4364e-16
xb1.xb1.x_u31.g1_int1             -4.79025e-11
xb1.xb1.x_u32.g1_int1               0.00268422
xb1.xb1.x_u35.g1_int1                        0
xb1.xb1.x_u36.3                              0
xb1.xb1.x_u36.5                              0
xb1.xb1.x_u37.3                              0
xb1.xb1.x_u37.5                              0
xb1.xb1.x_u4.e1_int1                 1.712e-05
xb1.xb1.x_u6.g1_int1               2.23554e-05
xb1.hb                             4.47418e-05
xb1.mb                             2.23557e-05
xb1.xb2.n24458                    -1.77296e-11
xb1.xb2.n24659                    -9.73027e-12
xb1.xb2.n37029                      0.00609621
xb1.xb2.n37037                     0.000618932
xb1.xb2.n39124                      0.00609587
xb1.xb2.n39892                      9.1427e-08
xb1.xb2.n2425309                            12
xb1.xb2.n2425287                  -9.72851e-12
xb1.xb2.n2425325                           -12
xb1.xb2.mid                       -9.72851e-12
xb1.xb2.n56849                    -9.72851e-12
xb1.xb2.n57325                    -9.72851e-12
xb1.xb2.n59747                    -9.72851e-12
xb1.xb2.n59865                    -9.72851e-12
xb1.xb2.n25921                       -0.820799
xb1.xb2.n25929                    -2.62656e-06
xb1.xb2.n65579                    -9.72851e-12
xb1.xb2.n65697                    -9.72851e-12
xb1.xb2.n68774                     0.000112254
xb1.xb2.n72398                         11.9743
xb1.xb2.n72391                        -11.9647
xb1.xb2.n81574                    -1.24638e-08
xb1.xb2.n81664                     -1.2614e-08
xb1.xb2.sw_ol_opax197             -9.72851e-12
xb1.xb2.vclp                         0.0001118
xb1.xb2.vimon                      1.72419e-05
xb1.xb2.n27785                        0.820799
xb1.xb2.n27793                     2.62654e-06
xb1.xb2.vout_s                     4.47418e-05
xb1.xb2.n2402147                  -9.73027e-12
xb1.xb2.n2402155                  -9.72851e-12
xb1.xb2.n2419074                   0.000112141
xb1.xb2.n2525790                   0.000112029
xb1.xb2.n2526890                   0.000111918
xb1.xb2.n36262                     0.000111806
xb1.xb2.n32347                     2.23554e-05
xb1.xb2.clamp                      0.000112254
xb1.xb2.esdp                      -1.76351e-08
xb1.xb2.esdn                       2.23554e-05
xb1.xb2.n158495                    0.000111805
xb1.xb2.cl_clamp                   0.000111805
xb1.xb2.n161937                    4.47418e-05
xb1.xb2.claw_clamp                 0.000111806
xb1.xb2.n45999                     4.47418e-05
xb1.xb2.vcc_b                               12
xb1.xb2.vee_b                              -12
xb1.xb2.n25415                     1.71023e-05
xb1.xb2.n25397                     1.71024e-05
xb1.xb2.n25248                    -9.73017e-12
xb1.xb2.vcc_clp                        11.9743
xb1.xb2.vee_clp                       -11.9647
xb1.xb2.n1356345                      -4.14989
xb1.xb2.n1356333                      -4.14989
xb1.xb2.n1356409                       4.20011
xb1.xb2.n1356429                       4.20011
xb1.xb2.vsense                     0.000112254
xb1.xb2.n28678                     2.23554e-05
xb1.xb2.n28438                     1.71023e-05
xb1.xb2.n24207                    -1.76351e-08
xb1.xb2.n31303                     2.23554e-05
xb1.xb2.n31389                            12.1
xb1.xb2.n31737                           -12.1
xb1.xb2.n32236                     2.23554e-05
xb1.xb2.n32510                     1.55613e-10
xb1.xb2.n46041                      0.00609579
xb1.xb2.n55560                    -9.72851e-12
xb1.xb2.n57321                    -9.72851e-12
xb1.xb2.n59739                            68.9
xb1.xb2.n59743                    -9.72851e-12
xb1.xb2.n59881                    -9.72851e-12
xb1.xb2.n59905                           -68.9
xb1.xb2.n65567                             265
xb1.xb2.n65575                    -9.72851e-12
xb1.xb2.n65713                    -9.72851e-12
xb1.xb2.n65737                            -265
xb1.xb2.n72064                         11.9743
xb1.xb2.n72073                        -11.9647
xb1.xb2.v11                       -1.24638e-08
xb1.xb2.v12                        -1.2614e-08
xb1.xb2.n81756                    -9.72851e-12
xb1.xb2.n161737                    1.72419e-05
xb1.xb2.n1356115                       4.20011
xb1.xb2.n1356061                      -4.14989
xb1.xb2.x_u1.7                        0.833786
xb1.xb2.x_u1.8                        0.833786
xb1.xb2.x_u1.3                               0
xb1.xb2.x_u1.6                               0
xb1.xb2.x_u1.4                               0
xb1.xb2.x_u1.5                               0
xb1.xb2.x_u10.gvo+_int1                      0
xb1.xb2.x_u10.gvo-_int1                      0
xb1.xb2.x_u11.gvo+_int1                      0
xb1.xb2.x_u11.gvo-_int1                      0
xb1.xb2.x_u12.gvo+_int1                      0
xb1.xb2.x_u12.gvo-_int1                      0
xb1.xb2.x_u16.gsw+_int1                      0
xb1.xb2.x_u18.g1_int1              2.56179e-05
xb1.xb2.x_u18.g1_int2              1.72419e-05
xb1.xb2.x_u19.g1_int1              3.52739e-05
xb1.xb2.x_u19.g1_int2             -1.72419e-05
xb1.xb2.x_u22.g1_int1                        0
xb1.xb2.x_u23.g1_int1                        0
xb1.xb2.x_u26.g1_int1              1.72419e-08
xb1.xb2.x_u27.g1_int1                        0
xb1.xb2.x_u30.g1_int1              1.65497e-16
xb1.xb2.x_u31.g1_int1              1.23179e-11
xb1.xb2.x_u32.g1_int1               0.00609581
xb1.xb2.x_u35.g1_int1                        0
xb1.xb2.x_u36.3                              0
xb1.xb2.x_u36.5                              0
xb1.xb2.x_u37.3                              0
xb1.xb2.x_u37.5                              0
xb1.xb2.x_u4.e1_int1                 1.712e-05
xb1.xb2.x_u6.g1_int1               2.23554e-05
xb1.xa1.n24458                    -1.76525e-11
xb1.xa1.n24659                    -9.65311e-12
xb1.xa1.n37029                     0.000246925
xb1.xa1.n37037                     2.50697e-05
xb1.xa1.n39124                     0.000246912
xb1.xa1.n39892                     3.69397e-09
xb1.xa1.n2425309                            12
xb1.xa1.n2425287                  -9.65135e-12
xb1.xa1.n2425325                           -12
xb1.xa1.mid                       -9.65135e-12
xb1.xa1.n56849                    -9.65135e-12
xb1.xa1.n57325                    -9.65135e-12
xb1.xa1.n59747                    -9.65135e-12
xb1.xa1.n59865                    -9.65135e-12
xb1.xa1.n25921                       -0.820799
xb1.xa1.n25929                    -2.62656e-06
xb1.xa1.n65579                    -9.65135e-12
xb1.xa1.n65697                    -9.65135e-12
xb1.xa1.n68774                     2.51726e-05
xb1.xa1.n72398                         11.9743
xb1.xa1.n72391                        -11.9647
xb1.xa1.n81574                    -1.24638e-08
xb1.xa1.n81664                    -1.26139e-08
xb1.xa1.sw_ol_opax197             -9.65135e-12
xb1.xa1.vclp                       2.50671e-05
xb1.xa1.vimon                      3.03171e-09
xb1.xa1.n27785                        0.820799
xb1.xa1.n27793                     2.62654e-06
xb1.xa1.vout_s                     2.23557e-05
xb1.xa1.n2402147                  -9.65311e-12
xb1.xa1.n2402155                  -9.65135e-12
xb1.xa1.n2419074                   2.51474e-05
xb1.xa1.n2525790                   2.51223e-05
xb1.xa1.n2526890                   2.50972e-05
xb1.xa1.n36262                     2.50721e-05
xb1.xa1.n32347                     2.23554e-05
xb1.xa1.clamp                      2.51726e-05
xb1.xa1.esdp                      -1.76351e-08
xb1.xa1.esdn                       2.23554e-05
xb1.xa1.n158495                    2.50721e-05
xb1.xa1.cl_clamp                   2.50721e-05
xb1.xa1.n161937                    2.23557e-05
xb1.bufb                           2.23557e-05
xb1.xa1.claw_clamp                 2.50721e-05
xb1.xa1.n45999                     2.23557e-05
xb1.xa1.vcc_b                               12
xb1.xa1.vee_b                              -12
xb1.xa1.n25415                     1.71023e-05
xb1.xa1.n25397                     1.71024e-05
xb1.xa1.n25248                    -9.65302e-12
xb1.xa1.vcc_clp                        11.9743
xb1.xa1.vee_clp                       -11.9647
xb1.xa1.n1356345                      -4.14997
xb1.xa1.n1356333                      -4.14997
xb1.xa1.n1356409                       4.20003
xb1.xa1.n1356429                       4.20003
xb1.xa1.vsense                     2.51726e-05
xb1.xa1.n28678                     2.23554e-05
xb1.xa1.n28438                     1.71023e-05
xb1.xa1.n24207                    -1.76351e-08
xb1.xa1.n31303                     2.23554e-05
xb1.xa1.n31389                            12.1
xb1.xa1.n31737                           -12.1
xb1.xa1.n32236                     2.23554e-05
xb1.xa1.n32510                    -1.01437e-09
xb1.xa1.n46041                     0.000246908
xb1.xa1.n55560                    -9.65135e-12
xb1.xa1.n57321                    -9.65135e-12
xb1.xa1.n59739                            68.9
xb1.xa1.n59743                    -9.65135e-12
xb1.xa1.n59881                    -9.65135e-12
xb1.xa1.n59905                           -68.9
xb1.xa1.n65567                             265
xb1.xa1.n65575                    -9.65135e-12
xb1.xa1.n65713                    -9.65135e-12
xb1.xa1.n65737                            -265
xb1.xa1.n72064                         11.9743
xb1.xa1.n72073                        -11.9647
xb1.xa1.v11                       -1.24638e-08
xb1.xa1.v12                       -1.26139e-08
xb1.xa1.n81756                    -9.65135e-12
xb1.xa1.n161737                    3.03171e-09
xb1.xa1.n1356115                       4.20003
xb1.xa1.n1356061                      -4.14997
xb1.xa1.x_u1.7                        0.833786
xb1.xa1.x_u1.8                        0.833786
xb1.xa1.x_u1.3                               0
xb1.xa1.x_u1.6                               0
xb1.xa1.x_u1.4                               0
xb1.xa1.x_u1.5                               0
xb1.xa1.x_u10.gvo+_int1                      0
xb1.xa1.x_u10.gvo-_int1                      0
xb1.xa1.x_u11.gvo+_int1                      0
xb1.xa1.x_u11.gvo-_int1                      0
xb1.xa1.x_u12.gvo+_int1                      0
xb1.xa1.x_u12.gvo-_int1                      0
xb1.xa1.x_u16.gsw+_int1                      0
xb1.xa1.x_u18.g1_int1              2.56175e-05
xb1.xa1.x_u18.g1_int2              3.04137e-09
xb1.xa1.x_u19.g1_int1              3.52742e-05
xb1.xa1.x_u19.g1_int2             -3.04137e-09
xb1.xa1.x_u22.g1_int1                        0
xb1.xa1.x_u23.g1_int1                        0
xb1.xa1.x_u26.g1_int1              3.04137e-12
xb1.xa1.x_u27.g1_int1                        0
xb1.xa1.x_u30.g1_int1             -1.00574e-15
xb1.xa1.x_u31.g1_int1             -7.48518e-11
xb1.xa1.x_u32.g1_int1              0.000246909
xb1.xa1.x_u35.g1_int1                        0
xb1.xa1.x_u36.3                              0
xb1.xa1.x_u36.5                              0
xb1.xa1.x_u37.3                              0
xb1.xa1.x_u37.5                              0
xb1.xa1.x_u4.e1_int1                 1.712e-05
xb1.xa1.x_u6.g1_int1               2.23554e-05
xb1.ha                             2.23861e-05
xb1.ma                             2.23557e-05
xb1.xa2.n24458                    -1.76522e-11
xb1.xa2.n24659                     -9.6528e-12
xb1.xa2.n37029                      0.00268805
xb1.xa2.n37037                     0.000272911
xb1.xa2.n39124                       0.0026879
xb1.xa2.n39892                     4.03083e-08
xb1.xa2.n2425309                            12
xb1.xa2.n2425287                  -9.65104e-12
xb1.xa2.n2425325                           -12
xb1.xa2.mid                       -9.65104e-12
xb1.xa2.n56849                    -9.65104e-12
xb1.xa2.n57325                    -9.65104e-12
xb1.xa2.n59747                    -9.65104e-12
xb1.xa2.n59865                    -9.65104e-12
xb1.xa2.n25921                       -0.820799
xb1.xa2.n25929                    -2.62656e-06
xb1.xa2.n65579                    -9.65104e-12
xb1.xa2.n65697                    -9.65104e-12
xb1.xa2.n68774                     5.21653e-05
xb1.xa2.n72398                         11.9743
xb1.xa2.n72391                        -11.9647
xb1.xa2.n81574                    -1.24637e-08
xb1.xa2.n81664                    -1.26139e-08
xb1.xa2.sw_ol_opax197             -9.65104e-12
xb1.xa2.vclp                        5.1952e-05
xb1.xa2.vimon                      7.51265e-06
xb1.xa2.n27785                        0.820799
xb1.xa2.n27793                     2.62654e-06
xb1.xa2.vout_s                     2.23861e-05
xb1.xa2.n2402147                   -9.6528e-12
xb1.xa2.n2402155                  -9.65104e-12
xb1.xa2.n2419074                   5.21132e-05
xb1.xa2.n2525790                   5.20611e-05
xb1.xa2.n2526890                   5.20091e-05
xb1.xa2.n36262                     5.19572e-05
xb1.xa2.n32347                     2.23554e-05
xb1.xa2.clamp                      5.21654e-05
xb1.xa2.esdp                      -1.76351e-08
xb1.xa2.esdn                       2.23554e-05
xb1.xa2.n158495                     5.1957e-05
xb1.xa2.cl_clamp                    5.1957e-05
xb1.xa2.n161937                    2.23861e-05
xb1.xa2.claw_clamp                 5.19571e-05
xb1.xa2.n45999                     2.23861e-05
xb1.xa2.vcc_b                               12
xb1.xa2.vee_b                              -12
xb1.xa2.n25415                     1.71023e-05
xb1.xa2.n25397                     1.71024e-05
xb1.xa2.n25248                     -9.6527e-12
xb1.xa2.vcc_clp                        11.9743
xb1.xa2.vee_clp                       -11.9647
xb1.xa2.n1356345                      -4.14995
xb1.xa2.n1356333                      -4.14995
xb1.xa2.n1356409                       4.20005
xb1.xa2.n1356429                       4.20005
xb1.xa2.vsense                     5.21653e-05
xb1.xa2.n28678                     2.23554e-05
xb1.xa2.n28438                     1.71023e-05
xb1.xa2.n24207                    -1.76351e-08
xb1.xa2.n31303                     2.23554e-05
xb1.xa2.n31389                            12.1
xb1.xa2.n31737                           -12.1
xb1.xa2.n32236                     2.23554e-05
xb1.xa2.n32510                    -6.51686e-10
xb1.xa2.n46041                      0.00268787
xb1.xa2.n55560                    -9.65104e-12
xb1.xa2.n57321                    -9.65104e-12
xb1.xa2.n59739                            68.9
xb1.xa2.n59743                    -9.65104e-12
xb1.xa2.n59881                    -9.65104e-12
xb1.xa2.n59905                           -68.9
xb1.xa2.n65567                             265
xb1.xa2.n65575                    -9.65104e-12
xb1.xa2.n65713                    -9.65104e-12
xb1.xa2.n65737                            -265
xb1.xa2.n72064                         11.9743
xb1.xa2.n72073                        -11.9647
xb1.xa2.v11                       -1.24637e-08
xb1.xa2.v12                       -1.26139e-08
xb1.xa2.n81756                    -9.65104e-12
xb1.xa2.n161737                    7.51265e-06
xb1.xa2.n1356115                       4.20005
xb1.xa2.n1356061                      -4.14995
xb1.xa2.x_u1.7                        0.833786
xb1.xa2.x_u1.8                        0.833786
xb1.xa2.x_u1.3                               0
xb1.xa2.x_u1.6                               0
xb1.xa2.x_u1.4                               0
xb1.xa2.x_u1.5                               0
xb1.xa2.x_u10.gvo+_int1                      0
xb1.xa2.x_u10.gvo-_int1                      0
xb1.xa2.x_u11.gvo+_int1                      0
xb1.xa2.x_u11.gvo-_int1                      0
xb1.xa2.x_u12.gvo+_int1                      0
xb1.xa2.x_u12.gvo-_int1                      0
xb1.xa2.x_u16.gsw+_int1                      0
xb1.xa2.x_u18.g1_int1              2.56177e-05
xb1.xa2.x_u18.g1_int2              7.51266e-06
xb1.xa2.x_u19.g1_int1              3.52741e-05
xb1.xa2.x_u19.g1_int2             -7.51266e-06
xb1.xa2.x_u22.g1_int1                        0
xb1.xa2.x_u23.g1_int1                        0
xb1.xa2.x_u26.g1_int1              7.51266e-09
xb1.xa2.x_u27.g1_int1                        0
xb1.xa2.x_u30.g1_int1             -6.42686e-16
xb1.xa2.x_u31.g1_int1             -4.78316e-11
xb1.xa2.x_u32.g1_int1               0.00268788
xb1.xa2.x_u35.g1_int1                        0
xb1.xa2.x_u36.3                              0
xb1.xa2.x_u36.5                              0
xb1.xa2.x_u37.3                              0
xb1.xa2.x_u37.5                              0
xb1.xa2.x_u4.e1_int1                 1.712e-05
xb1.xa2.x_u6.g1_int1               2.23554e-05
xb2.yc                            -1.71251e-08
xb2.xb1.n24458                    -1.76522e-11
xb2.xb1.n24659                     -9.6528e-12
xb2.xb1.n37029                       0.0026844
xb2.xb1.n37037                      0.00027254
xb2.xb1.n39124                      0.00268425
xb2.xb1.n39892                     4.02535e-08
xb2.xb1.n2425309                            12
xb2.xb1.n2425287                  -9.65104e-12
xb2.xb1.n2425325                           -12
xb2.xb1.mid                       -9.65104e-12
xb2.xb1.n56849                    -9.65104e-12
xb2.xb1.n57325                    -9.65104e-12
xb2.xb1.n59747                    -9.65104e-12
xb2.xb1.n59865                    -9.65104e-12
xb2.xb1.n25921                       -0.820799
xb2.xb1.n25929                    -2.62656e-06
xb2.xb1.n65579                    -9.65104e-12
xb2.xb1.n65697                    -9.65104e-12
xb2.xb1.n68774                     5.20944e-05
xb2.xb1.n72398                         11.9743
xb2.xb1.n72391                        -11.9647
xb2.xb1.n81574                    -1.24637e-08
xb2.xb1.n81664                    -1.26139e-08
xb2.xb1.sw_ol_opax197             -9.65104e-12
xb2.xb1.vclp                       5.18814e-05
xb2.xb1.vimon                      7.50243e-06
xb2.xb1.n27785                        0.820799
xb2.xb1.n27793                     2.62654e-06
xb2.xb1.vout_s                     2.23557e-05
xb2.xb1.n2402147                   -9.6528e-12
xb2.xb1.n2402155                  -9.65104e-12
xb2.xb1.n2419074                   5.20424e-05
xb2.xb1.n2525790                   5.19904e-05
xb2.xb1.n2526890                   5.19384e-05
xb2.xb1.n36262                     5.18865e-05
xb2.xb1.n32347                     2.23554e-05
xb2.xb1.clamp                      5.20945e-05
xb2.xb1.esdp                      -1.76351e-08
xb2.xb1.esdn                       2.23554e-05
xb2.xb1.n158495                    5.18864e-05
xb2.xb1.cl_clamp                   5.18864e-05
xb2.xb1.n161937                    2.23557e-05
xb2.bufa                           2.23557e-05
xb2.xb1.claw_clamp                 5.18865e-05
xb2.xb1.n45999                     2.23557e-05
xb2.xb1.vcc_b                               12
xb2.xb1.vee_b                              -12
xb2.xb1.n25415                     1.71023e-05
xb2.xb1.n25397                     1.71024e-05
xb2.xb1.n25248                     -9.6527e-12
xb2.xb1.vcc_clp                        11.9743
xb2.xb1.vee_clp                       -11.9647
xb2.xb1.n1356345                      -4.14995
xb2.xb1.n1356333                      -4.14995
xb2.xb1.n1356409                       4.20005
xb2.xb1.n1356429                       4.20005
xb2.xb1.vsense                     5.20944e-05
xb2.xb1.n28678                     2.23554e-05
xb2.xb1.n28438                     1.71023e-05
xb2.xb1.n24207                    -1.76351e-08
xb2.xb1.n31303                     2.23554e-05
xb2.xb1.n31389                            12.1
xb2.xb1.n31737                           -12.1
xb2.xb1.n32236                     2.23554e-05
xb2.xb1.n32510                    -6.52638e-10
xb2.xb1.n46041                      0.00268421
xb2.xb1.n55560                    -9.65104e-12
xb2.xb1.n57321                    -9.65104e-12
xb2.xb1.n59739                            68.9
xb2.xb1.n59743                    -9.65104e-12
xb2.xb1.n59881                    -9.65104e-12
xb2.xb1.n59905                           -68.9
xb2.xb1.n65567                             265
xb2.xb1.n65575                    -9.65104e-12
xb2.xb1.n65713                    -9.65104e-12
xb2.xb1.n65737                            -265
xb2.xb1.n72064                         11.9743
xb2.xb1.n72073                        -11.9647
xb2.xb1.v11                       -1.24637e-08
xb2.xb1.v12                       -1.26139e-08
xb2.xb1.n81756                    -9.65104e-12
xb2.xb1.n161737                    7.50243e-06
xb2.xb1.n1356115                       4.20005
xb2.xb1.n1356061                      -4.14995
xb2.xb1.x_u1.7                        0.833786
xb2.xb1.x_u1.8                        0.833786
xb2.xb1.x_u1.3                               0
xb2.xb1.x_u1.6                               0
xb2.xb1.x_u1.4                               0
xb2.xb1.x_u1.5                               0
xb2.xb1.x_u10.gvo+_int1                      0
xb2.xb1.x_u10.gvo-_int1                      0
xb2.xb1.x_u11.gvo+_int1                      0
xb2.xb1.x_u11.gvo-_int1                      0
xb2.xb1.x_u12.gvo+_int1                      0
xb2.xb1.x_u12.gvo-_int1                      0
xb2.xb1.x_u16.gsw+_int1                      0
xb2.xb1.x_u18.g1_int1              2.56177e-05
xb2.xb1.x_u18.g1_int2              7.50244e-06
xb2.xb1.x_u19.g1_int1              3.52741e-05
xb2.xb1.x_u19.g1_int2             -7.50244e-06
xb2.xb1.x_u22.g1_int1                        0
xb2.xb1.x_u23.g1_int1                        0
xb2.xb1.x_u26.g1_int1              7.50244e-09
xb2.xb1.x_u27.g1_int1                        0
xb2.xb1.x_u30.g1_int1              -6.4364e-16
xb2.xb1.x_u31.g1_int1             -4.79025e-11
xb2.xb1.x_u32.g1_int1               0.00268422
xb2.xb1.x_u35.g1_int1                        0
xb2.xb1.x_u36.3                              0
xb2.xb1.x_u36.5                              0
xb2.xb1.x_u37.3                              0
xb2.xb1.x_u37.5                              0
xb2.xb1.x_u4.e1_int1                 1.712e-05
xb2.xb1.x_u6.g1_int1               2.23554e-05
xb2.hb                             4.47418e-05
xb2.mb                             2.23557e-05
xb2.xb2.n24458                    -1.76526e-11
xb2.xb2.n24659                    -9.65323e-12
xb2.xb2.n37029                      0.00609621
xb2.xb2.n37037                     0.000618932
xb2.xb2.n39124                      0.00609587
xb2.xb2.n39892                     9.14271e-08
xb2.xb2.n2425309                            12
xb2.xb2.n2425287                  -9.65147e-12
xb2.xb2.n2425325                           -12
xb2.xb2.mid                       -9.65147e-12
xb2.xb2.n56849                    -9.65147e-12
xb2.xb2.n57325                    -9.65147e-12
xb2.xb2.n59747                    -9.65147e-12
xb2.xb2.n59865                    -9.65147e-12
xb2.xb2.n25921                       -0.820799
xb2.xb2.n25929                    -2.62656e-06
xb2.xb2.n65579                    -9.65147e-12
xb2.xb2.n65697                    -9.65147e-12
xb2.xb2.n68774                     0.000112254
xb2.xb2.n72398                         11.9743
xb2.xb2.n72391                        -11.9647
xb2.xb2.n81574                    -1.24637e-08
xb2.xb2.n81664                     -1.2614e-08
xb2.xb2.sw_ol_opax197             -9.65147e-12
xb2.xb2.vclp                         0.0001118
xb2.xb2.vimon                      1.72419e-05
xb2.xb2.n27785                        0.820799
xb2.xb2.n27793                     2.62654e-06
xb2.xb2.vout_s                     4.47418e-05
xb2.xb2.n2402147                  -9.65323e-12
xb2.xb2.n2402155                  -9.65147e-12
xb2.xb2.n2419074                   0.000112141
xb2.xb2.n2525790                   0.000112029
xb2.xb2.n2526890                   0.000111918
xb2.xb2.n36262                     0.000111806
xb2.xb2.n32347                     2.23554e-05
xb2.xb2.clamp                      0.000112254
xb2.xb2.esdp                      -1.76351e-08
xb2.xb2.esdn                       2.23554e-05
xb2.xb2.n158495                    0.000111805
xb2.xb2.cl_clamp                   0.000111805
xb2.xb2.n161937                    4.47418e-05
xb2.xb2.claw_clamp                 0.000111806
xb2.xb2.n45999                     4.47418e-05
xb2.xb2.vcc_b                               12
xb2.xb2.vee_b                              -12
xb2.xb2.n25415                     1.71023e-05
xb2.xb2.n25397                     1.71024e-05
xb2.xb2.n25248                    -9.65313e-12
xb2.xb2.vcc_clp                        11.9743
xb2.xb2.vee_clp                       -11.9647
xb2.xb2.n1356345                      -4.14989
xb2.xb2.n1356333                      -4.14989
xb2.xb2.n1356409                       4.20011
xb2.xb2.n1356429                       4.20011
xb2.xb2.vsense                     0.000112254
xb2.xb2.n28678                     2.23554e-05
xb2.xb2.n28438                     1.71023e-05
xb2.xb2.n24207                    -1.76351e-08
xb2.xb2.n31303                     2.23554e-05
xb2.xb2.n31389                            12.1
xb2.xb2.n31737                           -12.1
xb2.xb2.n32236                     2.23554e-05
xb2.xb2.n32510                      1.5569e-10
xb2.xb2.n46041                      0.00609579
xb2.xb2.n55560                    -9.65147e-12
xb2.xb2.n57321                    -9.65147e-12
xb2.xb2.n59739                            68.9
xb2.xb2.n59743                    -9.65147e-12
xb2.xb2.n59881                    -9.65147e-12
xb2.xb2.n59905                           -68.9
xb2.xb2.n65567                             265
xb2.xb2.n65575                    -9.65147e-12
xb2.xb2.n65713                    -9.65147e-12
xb2.xb2.n65737                            -265
xb2.xb2.n72064                         11.9743
xb2.xb2.n72073                        -11.9647
xb2.xb2.v11                       -1.24637e-08
xb2.xb2.v12                        -1.2614e-08
xb2.xb2.n81756                    -9.65147e-12
xb2.xb2.n161737                    1.72419e-05
xb2.xb2.n1356115                       4.20011
xb2.xb2.n1356061                      -4.14989
xb2.xb2.x_u1.7                        0.833786
xb2.xb2.x_u1.8                        0.833786
xb2.xb2.x_u1.3                               0
xb2.xb2.x_u1.6                               0
xb2.xb2.x_u1.4                               0
xb2.xb2.x_u1.5                               0
xb2.xb2.x_u10.gvo+_int1                      0
xb2.xb2.x_u10.gvo-_int1                      0
xb2.xb2.x_u11.gvo+_int1                      0
xb2.xb2.x_u11.gvo-_int1                      0
xb2.xb2.x_u12.gvo+_int1                      0
xb2.xb2.x_u12.gvo-_int1                      0
xb2.xb2.x_u16.gsw+_int1                      0
xb2.xb2.x_u18.g1_int1              2.56179e-05
xb2.xb2.x_u18.g1_int2              1.72419e-05
xb2.xb2.x_u19.g1_int1              3.52739e-05
xb2.xb2.x_u19.g1_int2             -1.72419e-05
xb2.xb2.x_u22.g1_int1                        0
xb2.xb2.x_u23.g1_int1                        0
xb2.xb2.x_u26.g1_int1              1.72419e-08
xb2.xb2.x_u27.g1_int1                        0
xb2.xb2.x_u30.g1_int1              1.65497e-16
xb2.xb2.x_u31.g1_int1              1.23179e-11
xb2.xb2.x_u32.g1_int1               0.00609581
xb2.xb2.x_u35.g1_int1                        0
xb2.xb2.x_u36.3                              0
xb2.xb2.x_u36.5                              0
xb2.xb2.x_u37.3                              0
xb2.xb2.x_u37.5                              0
xb2.xb2.x_u4.e1_int1                 1.712e-05
xb2.xb2.x_u6.g1_int1               2.23554e-05
xb2.xa1.n24458                    -1.76525e-11
xb2.xa1.n24659                    -9.65311e-12
xb2.xa1.n37029                     0.000246925
xb2.xa1.n37037                     2.50697e-05
xb2.xa1.n39124                     0.000246912
xb2.xa1.n39892                     3.69397e-09
xb2.xa1.n2425309                            12
xb2.xa1.n2425287                  -9.65135e-12
xb2.xa1.n2425325                           -12
xb2.xa1.mid                       -9.65135e-12
xb2.xa1.n56849                    -9.65135e-12
xb2.xa1.n57325                    -9.65135e-12
xb2.xa1.n59747                    -9.65135e-12
xb2.xa1.n59865                    -9.65135e-12
xb2.xa1.n25921                       -0.820799
xb2.xa1.n25929                    -2.62656e-06
xb2.xa1.n65579                    -9.65135e-12
xb2.xa1.n65697                    -9.65135e-12
xb2.xa1.n68774                     2.51726e-05
xb2.xa1.n72398                         11.9743
xb2.xa1.n72391                        -11.9647
xb2.xa1.n81574                    -1.24638e-08
xb2.xa1.n81664                    -1.26139e-08
xb2.xa1.sw_ol_opax197             -9.65135e-12
xb2.xa1.vclp                       2.50671e-05
xb2.xa1.vimon                      3.03171e-09
xb2.xa1.n27785                        0.820799
xb2.xa1.n27793                     2.62654e-06
xb2.xa1.vout_s                     2.23557e-05
xb2.xa1.n2402147                  -9.65311e-12
xb2.xa1.n2402155                  -9.65135e-12
xb2.xa1.n2419074                   2.51474e-05
xb2.xa1.n2525790                   2.51223e-05
xb2.xa1.n2526890                   2.50972e-05
xb2.xa1.n36262                     2.50721e-05
xb2.xa1.n32347                     2.23554e-05
xb2.xa1.clamp                      2.51726e-05
xb2.xa1.esdp                      -1.76351e-08
xb2.xa1.esdn                       2.23554e-05
xb2.xa1.n158495                    2.50721e-05
xb2.xa1.cl_clamp                   2.50721e-05
xb2.xa1.n161937                    2.23557e-05
xb2.bufb                           2.23557e-05
xb2.xa1.claw_clamp                 2.50721e-05
xb2.xa1.n45999                     2.23557e-05
xb2.xa1.vcc_b                               12
xb2.xa1.vee_b                              -12
xb2.xa1.n25415                     1.71023e-05
xb2.xa1.n25397                     1.71024e-05
xb2.xa1.n25248                    -9.65302e-12
xb2.xa1.vcc_clp                        11.9743
xb2.xa1.vee_clp                       -11.9647
xb2.xa1.n1356345                      -4.14997
xb2.xa1.n1356333                      -4.14997
xb2.xa1.n1356409                       4.20003
xb2.xa1.n1356429                       4.20003
xb2.xa1.vsense                     2.51726e-05
xb2.xa1.n28678                     2.23554e-05
xb2.xa1.n28438                     1.71023e-05
xb2.xa1.n24207                    -1.76351e-08
xb2.xa1.n31303                     2.23554e-05
xb2.xa1.n31389                            12.1
xb2.xa1.n31737                           -12.1
xb2.xa1.n32236                     2.23554e-05
xb2.xa1.n32510                    -1.01437e-09
xb2.xa1.n46041                     0.000246908
xb2.xa1.n55560                    -9.65135e-12
xb2.xa1.n57321                    -9.65135e-12
xb2.xa1.n59739                            68.9
xb2.xa1.n59743                    -9.65135e-12
xb2.xa1.n59881                    -9.65135e-12
xb2.xa1.n59905                           -68.9
xb2.xa1.n65567                             265
xb2.xa1.n65575                    -9.65135e-12
xb2.xa1.n65713                    -9.65135e-12
xb2.xa1.n65737                            -265
xb2.xa1.n72064                         11.9743
xb2.xa1.n72073                        -11.9647
xb2.xa1.v11                       -1.24638e-08
xb2.xa1.v12                       -1.26139e-08
xb2.xa1.n81756                    -9.65135e-12
xb2.xa1.n161737                    3.03171e-09
xb2.xa1.n1356115                       4.20003
xb2.xa1.n1356061                      -4.14997
xb2.xa1.x_u1.7                        0.833786
xb2.xa1.x_u1.8                        0.833786
xb2.xa1.x_u1.3                               0
xb2.xa1.x_u1.6                               0
xb2.xa1.x_u1.4                               0
xb2.xa1.x_u1.5                               0
xb2.xa1.x_u10.gvo+_int1                      0
xb2.xa1.x_u10.gvo-_int1                      0
xb2.xa1.x_u11.gvo+_int1                      0
xb2.xa1.x_u11.gvo-_int1                      0
xb2.xa1.x_u12.gvo+_int1                      0
xb2.xa1.x_u12.gvo-_int1                      0
xb2.xa1.x_u16.gsw+_int1                      0
xb2.xa1.x_u18.g1_int1              2.56175e-05
xb2.xa1.x_u18.g1_int2              3.04137e-09
xb2.xa1.x_u19.g1_int1              3.52742e-05
xb2.xa1.x_u19.g1_int2             -3.04137e-09
xb2.xa1.x_u22.g1_int1              1.03559e-24
xb2.xa1.x_u23.g1_int1                        0
xb2.xa1.x_u26.g1_int1              3.04137e-12
xb2.xa1.x_u27.g1_int1                        0
xb2.xa1.x_u30.g1_int1             -1.00574e-15
xb2.xa1.x_u31.g1_int1             -7.48518e-11
xb2.xa1.x_u32.g1_int1              0.000246909
xb2.xa1.x_u35.g1_int1              1.03559e-24
xb2.xa1.x_u36.3                              0
xb2.xa1.x_u36.5                              0
xb2.xa1.x_u37.3                              0
xb2.xa1.x_u37.5                              0
xb2.xa1.x_u4.e1_int1                 1.712e-05
xb2.xa1.x_u6.g1_int1               2.23554e-05
xb2.ha                             2.23861e-05
xb2.ma                             2.23557e-05
xb2.xa2.n24458                    -1.76522e-11
xb2.xa2.n24659                     -9.6528e-12
xb2.xa2.n37029                      0.00268805
xb2.xa2.n37037                     0.000272911
xb2.xa2.n39124                       0.0026879
xb2.xa2.n39892                     4.03083e-08
xb2.xa2.n2425309                            12
xb2.xa2.n2425287                  -9.65104e-12
xb2.xa2.n2425325                           -12
xb2.xa2.mid                       -9.65104e-12
xb2.xa2.n56849                    -9.65104e-12
xb2.xa2.n57325                    -9.65104e-12
xb2.xa2.n59747                    -9.65104e-12
xb2.xa2.n59865                    -9.65104e-12
xb2.xa2.n25921                       -0.820799
xb2.xa2.n25929                    -2.62656e-06
xb2.xa2.n65579                    -9.65104e-12
xb2.xa2.n65697                    -9.65104e-12
xb2.xa2.n68774                     5.21653e-05
xb2.xa2.n72398                         11.9743
xb2.xa2.n72391                        -11.9647
xb2.xa2.n81574                    -1.24637e-08
xb2.xa2.n81664                    -1.26139e-08
xb2.xa2.sw_ol_opax197             -9.65104e-12
xb2.xa2.vclp                        5.1952e-05
xb2.xa2.vimon                      7.51265e-06
xb2.xa2.n27785                        0.820799
xb2.xa2.n27793                     2.62654e-06
xb2.xa2.vout_s                     2.23861e-05
xb2.xa2.n2402147                   -9.6528e-12
xb2.xa2.n2402155                  -9.65104e-12
xb2.xa2.n2419074                   5.21132e-05
xb2.xa2.n2525790                   5.20611e-05
xb2.xa2.n2526890                   5.20091e-05
xb2.xa2.n36262                     5.19572e-05
xb2.xa2.n32347                     2.23554e-05
xb2.xa2.clamp                      5.21654e-05
xb2.xa2.esdp                      -1.76351e-08
xb2.xa2.esdn                       2.23554e-05
xb2.xa2.n158495                     5.1957e-05
xb2.xa2.cl_clamp                    5.1957e-05
xb2.xa2.n161937                    2.23861e-05
xb2.xa2.claw_clamp                 5.19571e-05
xb2.xa2.n45999                     2.23861e-05
xb2.xa2.vcc_b                               12
xb2.xa2.vee_b                              -12
xb2.xa2.n25415                     1.71023e-05
xb2.xa2.n25397                     1.71024e-05
xb2.xa2.n25248                     -9.6527e-12
xb2.xa2.vcc_clp                        11.9743
xb2.xa2.vee_clp                       -11.9647
xb2.xa2.n1356345                      -4.14995
xb2.xa2.n1356333                      -4.14995
xb2.xa2.n1356409                       4.20005
xb2.xa2.n1356429                       4.20005
xb2.xa2.vsense                     5.21653e-05
xb2.xa2.n28678                     2.23554e-05
xb2.xa2.n28438                     1.71023e-05
xb2.xa2.n24207                    -1.76351e-08
xb2.xa2.n31303                     2.23554e-05
xb2.xa2.n31389                            12.1
xb2.xa2.n31737                           -12.1
xb2.xa2.n32236                     2.23554e-05
xb2.xa2.n32510                    -6.51686e-10
xb2.xa2.n46041                      0.00268787
xb2.xa2.n55560                    -9.65104e-12
xb2.xa2.n57321                    -9.65104e-12
xb2.xa2.n59739                            68.9
xb2.xa2.n59743                    -9.65104e-12
xb2.xa2.n59881                    -9.65104e-12
xb2.xa2.n59905                           -68.9
xb2.xa2.n65567                             265
xb2.xa2.n65575                    -9.65104e-12
xb2.xa2.n65713                    -9.65104e-12
xb2.xa2.n65737                            -265
xb2.xa2.n72064                         11.9743
xb2.xa2.n72073                        -11.9647
xb2.xa2.v11                       -1.24637e-08
xb2.xa2.v12                       -1.26139e-08
xb2.xa2.n81756                    -9.65104e-12
xb2.xa2.n161737                    7.51265e-06
xb2.xa2.n1356115                       4.20005
xb2.xa2.n1356061                      -4.14995
xb2.xa2.x_u1.7                        0.833786
xb2.xa2.x_u1.8                        0.833786
xb2.xa2.x_u1.3                               0
xb2.xa2.x_u1.6                               0
xb2.xa2.x_u1.4                               0
xb2.xa2.x_u1.5                               0
xb2.xa2.x_u10.gvo+_int1                      0
xb2.xa2.x_u10.gvo-_int1                      0
xb2.xa2.x_u11.gvo+_int1                      0
xb2.xa2.x_u11.gvo-_int1                      0
xb2.xa2.x_u12.gvo+_int1                      0
xb2.xa2.x_u12.gvo-_int1                      0
xb2.xa2.x_u16.gsw+_int1                      0
xb2.xa2.x_u18.g1_int1              2.56177e-05
xb2.xa2.x_u18.g1_int2              7.51266e-06
xb2.xa2.x_u19.g1_int1              3.52741e-05
xb2.xa2.x_u19.g1_int2             -7.51266e-06
xb2.xa2.x_u22.g1_int1                        0
xb2.xa2.x_u23.g1_int1                        0
xb2.xa2.x_u26.g1_int1              7.51266e-09
xb2.xa2.x_u27.g1_int1                        0
xb2.xa2.x_u30.g1_int1             -6.42686e-16
xb2.xa2.x_u31.g1_int1             -4.78316e-11
xb2.xa2.x_u32.g1_int1               0.00268788
xb2.xa2.x_u35.g1_int1                        0
xb2.xa2.x_u36.3                              0
xb2.xa2.x_u36.5                              0
xb2.xa2.x_u37.3                              0
xb2.xa2.x_u37.5                              0
xb2.xa2.x_u4.e1_int1                 1.712e-05
xb2.xa2.x_u6.g1_int1               2.23554e-05
xb3.yc                            -1.71251e-08
xb3.xb1.n24458                    -1.76522e-11
xb3.xb1.n24659                     -9.6528e-12
xb3.xb1.n37029                       0.0026844
xb3.xb1.n37037                      0.00027254
xb3.xb1.n39124                      0.00268425
xb3.xb1.n39892                     4.02535e-08
xb3.xb1.n2425309                            12
xb3.xb1.n2425287                  -9.65104e-12
xb3.xb1.n2425325                           -12
xb3.xb1.mid                       -9.65104e-12
xb3.xb1.n56849                    -9.65104e-12
xb3.xb1.n57325                    -9.65104e-12
xb3.xb1.n59747                    -9.65104e-12
xb3.xb1.n59865                    -9.65104e-12
xb3.xb1.n25921                       -0.820799
xb3.xb1.n25929                    -2.62656e-06
xb3.xb1.n65579                    -9.65104e-12
xb3.xb1.n65697                    -9.65104e-12
xb3.xb1.n68774                     5.20944e-05
xb3.xb1.n72398                         11.9743
xb3.xb1.n72391                        -11.9647
xb3.xb1.n81574                    -1.24637e-08
xb3.xb1.n81664                    -1.26139e-08
xb3.xb1.sw_ol_opax197             -9.65104e-12
xb3.xb1.vclp                       5.18814e-05
xb3.xb1.vimon                      7.50243e-06
xb3.xb1.n27785                        0.820799
xb3.xb1.n27793                     2.62654e-06
xb3.xb1.vout_s                     2.23557e-05
xb3.xb1.n2402147                   -9.6528e-12
xb3.xb1.n2402155                  -9.65104e-12
xb3.xb1.n2419074                   5.20424e-05
xb3.xb1.n2525790                   5.19904e-05
xb3.xb1.n2526890                   5.19384e-05
xb3.xb1.n36262                     5.18865e-05
xb3.xb1.n32347                     2.23554e-05
xb3.xb1.clamp                      5.20945e-05
xb3.xb1.esdp                      -1.76351e-08
xb3.xb1.esdn                       2.23554e-05
xb3.xb1.n158495                    5.18864e-05
xb3.xb1.cl_clamp                   5.18864e-05
xb3.xb1.n161937                    2.23557e-05
xb3.bufa                           2.23557e-05
xb3.xb1.claw_clamp                 5.18865e-05
xb3.xb1.n45999                     2.23557e-05
xb3.xb1.vcc_b                               12
xb3.xb1.vee_b                              -12
xb3.xb1.n25415                     1.71023e-05
xb3.xb1.n25397                     1.71024e-05
xb3.xb1.n25248                     -9.6527e-12
xb3.xb1.vcc_clp                        11.9743
xb3.xb1.vee_clp                       -11.9647
xb3.xb1.n1356345                      -4.14995
xb3.xb1.n1356333                      -4.14995
xb3.xb1.n1356409                       4.20005
xb3.xb1.n1356429                       4.20005
xb3.xb1.vsense                     5.20944e-05
xb3.xb1.n28678                     2.23554e-05
xb3.xb1.n28438                     1.71023e-05
xb3.xb1.n24207                    -1.76351e-08
xb3.xb1.n31303                     2.23554e-05
xb3.xb1.n31389                            12.1
xb3.xb1.n31737                           -12.1
xb3.xb1.n32236                     2.23554e-05
xb3.xb1.n32510                    -6.52638e-10
xb3.xb1.n46041                      0.00268421
xb3.xb1.n55560                    -9.65104e-12
xb3.xb1.n57321                    -9.65104e-12
xb3.xb1.n59739                            68.9
xb3.xb1.n59743                    -9.65104e-12
xb3.xb1.n59881                    -9.65104e-12
xb3.xb1.n59905                           -68.9
xb3.xb1.n65567                             265
xb3.xb1.n65575                    -9.65104e-12
xb3.xb1.n65713                    -9.65104e-12
xb3.xb1.n65737                            -265
xb3.xb1.n72064                         11.9743
xb3.xb1.n72073                        -11.9647
xb3.xb1.v11                       -1.24637e-08
xb3.xb1.v12                       -1.26139e-08
xb3.xb1.n81756                    -9.65104e-12
xb3.xb1.n161737                    7.50243e-06
xb3.xb1.n1356115                       4.20005
xb3.xb1.n1356061                      -4.14995
xb3.xb1.x_u1.7                        0.833786
xb3.xb1.x_u1.8                        0.833786
xb3.xb1.x_u1.3                               0
xb3.xb1.x_u1.6                               0
xb3.xb1.x_u1.4                               0
xb3.xb1.x_u1.5                               0
xb3.xb1.x_u10.gvo+_int1                      0
xb3.xb1.x_u10.gvo-_int1                      0
xb3.xb1.x_u11.gvo+_int1                      0
xb3.xb1.x_u11.gvo-_int1                      0
xb3.xb1.x_u12.gvo+_int1                      0
xb3.xb1.x_u12.gvo-_int1                      0
xb3.xb1.x_u16.gsw+_int1                      0
xb3.xb1.x_u18.g1_int1              2.56177e-05
xb3.xb1.x_u18.g1_int2              7.50244e-06
xb3.xb1.x_u19.g1_int1              3.52741e-05
xb3.xb1.x_u19.g1_int2             -7.50244e-06
xb3.xb1.x_u22.g1_int1                        0
xb3.xb1.x_u23.g1_int1                        0
xb3.xb1.x_u26.g1_int1              7.50244e-09
xb3.xb1.x_u27.g1_int1                        0
xb3.xb1.x_u30.g1_int1              -6.4364e-16
xb3.xb1.x_u31.g1_int1             -4.79025e-11
xb3.xb1.x_u32.g1_int1               0.00268422
xb3.xb1.x_u35.g1_int1                        0
xb3.xb1.x_u36.3                              0
xb3.xb1.x_u36.5                              0
xb3.xb1.x_u37.3                              0
xb3.xb1.x_u37.5                              0
xb3.xb1.x_u4.e1_int1                 1.712e-05
xb3.xb1.x_u6.g1_int1               2.23554e-05
xb3.hb                             4.47418e-05
xb3.mb                             2.23557e-05
xb3.xb2.n24458                    -1.76526e-11
xb3.xb2.n24659                    -9.65323e-12
xb3.xb2.n37029                      0.00609621
xb3.xb2.n37037                     0.000618932
xb3.xb2.n39124                      0.00609587
xb3.xb2.n39892                     9.14271e-08
xb3.xb2.n2425309                            12
xb3.xb2.n2425287                  -9.65147e-12
xb3.xb2.n2425325                           -12
xb3.xb2.mid                       -9.65147e-12
xb3.xb2.n56849                    -9.65147e-12
xb3.xb2.n57325                    -9.65147e-12
xb3.xb2.n59747                    -9.65147e-12
xb3.xb2.n59865                    -9.65147e-12
xb3.xb2.n25921                       -0.820799
xb3.xb2.n25929                    -2.62656e-06
xb3.xb2.n65579                    -9.65147e-12
xb3.xb2.n65697                    -9.65147e-12
xb3.xb2.n68774                     0.000112254
xb3.xb2.n72398                         11.9743
xb3.xb2.n72391                        -11.9647
xb3.xb2.n81574                    -1.24637e-08
xb3.xb2.n81664                     -1.2614e-08
xb3.xb2.sw_ol_opax197             -9.65147e-12
xb3.xb2.vclp                         0.0001118
xb3.xb2.vimon                      1.72419e-05
xb3.xb2.n27785                        0.820799
xb3.xb2.n27793                     2.62654e-06
xb3.xb2.vout_s                     4.47418e-05
xb3.xb2.n2402147                  -9.65323e-12
xb3.xb2.n2402155                  -9.65147e-12
xb3.xb2.n2419074                   0.000112141
xb3.xb2.n2525790                   0.000112029
xb3.xb2.n2526890                   0.000111918
xb3.xb2.n36262                     0.000111806
xb3.xb2.n32347                     2.23554e-05
xb3.xb2.clamp                      0.000112254
xb3.xb2.esdp                      -1.76351e-08
xb3.xb2.esdn                       2.23554e-05
xb3.xb2.n158495                    0.000111805
xb3.xb2.cl_clamp                   0.000111805
xb3.xb2.n161937                    4.47418e-05
xb3.xb2.claw_clamp                 0.000111806
xb3.xb2.n45999                     4.47418e-05
xb3.xb2.vcc_b                               12
xb3.xb2.vee_b                              -12
xb3.xb2.n25415                     1.71023e-05
xb3.xb2.n25397                     1.71024e-05
xb3.xb2.n25248                    -9.65313e-12
xb3.xb2.vcc_clp                        11.9743
xb3.xb2.vee_clp                       -11.9647
xb3.xb2.n1356345                      -4.14989
xb3.xb2.n1356333                      -4.14989
xb3.xb2.n1356409                       4.20011
xb3.xb2.n1356429                       4.20011
xb3.xb2.vsense                     0.000112254
xb3.xb2.n28678                     2.23554e-05
xb3.xb2.n28438                     1.71023e-05
xb3.xb2.n24207                    -1.76351e-08
xb3.xb2.n31303                     2.23554e-05
xb3.xb2.n31389                            12.1
xb3.xb2.n31737                           -12.1
xb3.xb2.n32236                     2.23554e-05
xb3.xb2.n32510                      1.5569e-10
xb3.xb2.n46041                      0.00609579
xb3.xb2.n55560                    -9.65147e-12
xb3.xb2.n57321                    -9.65147e-12
xb3.xb2.n59739                            68.9
xb3.xb2.n59743                    -9.65147e-12
xb3.xb2.n59881                    -9.65147e-12
xb3.xb2.n59905                           -68.9
xb3.xb2.n65567                             265
xb3.xb2.n65575                    -9.65147e-12
xb3.xb2.n65713                    -9.65147e-12
xb3.xb2.n65737                            -265
xb3.xb2.n72064                         11.9743
xb3.xb2.n72073                        -11.9647
xb3.xb2.v11                       -1.24637e-08
xb3.xb2.v12                        -1.2614e-08
xb3.xb2.n81756                    -9.65147e-12
xb3.xb2.n161737                    1.72419e-05
xb3.xb2.n1356115                       4.20011
xb3.xb2.n1356061                      -4.14989
xb3.xb2.x_u1.7                        0.833786
xb3.xb2.x_u1.8                        0.833786
xb3.xb2.x_u1.3                               0
xb3.xb2.x_u1.6                               0
xb3.xb2.x_u1.4                               0
xb3.xb2.x_u1.5                               0
xb3.xb2.x_u10.gvo+_int1                      0
xb3.xb2.x_u10.gvo-_int1                      0
xb3.xb2.x_u11.gvo+_int1                      0
xb3.xb2.x_u11.gvo-_int1                      0
xb3.xb2.x_u12.gvo+_int1                      0
xb3.xb2.x_u12.gvo-_int1                      0
xb3.xb2.x_u16.gsw+_int1                      0
xb3.xb2.x_u18.g1_int1              2.56179e-05
xb3.xb2.x_u18.g1_int2              1.72419e-05
xb3.xb2.x_u19.g1_int1              3.52739e-05
xb3.xb2.x_u19.g1_int2             -1.72419e-05
xb3.xb2.x_u22.g1_int1                        0
xb3.xb2.x_u23.g1_int1                        0
xb3.xb2.x_u26.g1_int1              1.72419e-08
xb3.xb2.x_u27.g1_int1                        0
xb3.xb2.x_u30.g1_int1              1.65497e-16
xb3.xb2.x_u31.g1_int1              1.23179e-11
xb3.xb2.x_u32.g1_int1               0.00609581
xb3.xb2.x_u35.g1_int1                        0
xb3.xb2.x_u36.3                              0
xb3.xb2.x_u36.5                              0
xb3.xb2.x_u37.3                              0
xb3.xb2.x_u37.5                              0
xb3.xb2.x_u4.e1_int1                 1.712e-05
xb3.xb2.x_u6.g1_int1               2.23554e-05
xb3.xa1.n24458                    -1.76525e-11
xb3.xa1.n24659                    -9.65311e-12
xb3.xa1.n37029                     0.000246925
xb3.xa1.n37037                     2.50697e-05
xb3.xa1.n39124                     0.000246912
xb3.xa1.n39892                     3.69397e-09
xb3.xa1.n2425309                            12
xb3.xa1.n2425287                  -9.65135e-12
xb3.xa1.n2425325                           -12
xb3.xa1.mid                       -9.65135e-12
xb3.xa1.n56849                    -9.65135e-12
xb3.xa1.n57325                    -9.65135e-12
xb3.xa1.n59747                    -9.65135e-12
xb3.xa1.n59865                    -9.65135e-12
xb3.xa1.n25921                       -0.820799
xb3.xa1.n25929                    -2.62656e-06
xb3.xa1.n65579                    -9.65135e-12
xb3.xa1.n65697                    -9.65135e-12
xb3.xa1.n68774                     2.51726e-05
xb3.xa1.n72398                         11.9743
xb3.xa1.n72391                        -11.9647
xb3.xa1.n81574                    -1.24638e-08
xb3.xa1.n81664                    -1.26139e-08
xb3.xa1.sw_ol_opax197             -9.65135e-12
xb3.xa1.vclp                       2.50671e-05
xb3.xa1.vimon                      3.03171e-09
xb3.xa1.n27785                        0.820799
xb3.xa1.n27793                     2.62654e-06
xb3.xa1.vout_s                     2.23557e-05
xb3.xa1.n2402147                  -9.65311e-12
xb3.xa1.n2402155                  -9.65135e-12
xb3.xa1.n2419074                   2.51474e-05
xb3.xa1.n2525790                   2.51223e-05
xb3.xa1.n2526890                   2.50972e-05
xb3.xa1.n36262                     2.50721e-05
xb3.xa1.n32347                     2.23554e-05
xb3.xa1.clamp                      2.51726e-05
xb3.xa1.esdp                      -1.76351e-08
xb3.xa1.esdn                       2.23554e-05
xb3.xa1.n158495                    2.50721e-05
xb3.xa1.cl_clamp                   2.50721e-05
xb3.xa1.n161937                    2.23557e-05
xb3.bufb                           2.23557e-05
xb3.xa1.claw_clamp                 2.50721e-05
xb3.xa1.n45999                     2.23557e-05
xb3.xa1.vcc_b                               12
xb3.xa1.vee_b                              -12
xb3.xa1.n25415                     1.71023e-05
xb3.xa1.n25397                     1.71024e-05
xb3.xa1.n25248                    -9.65302e-12
xb3.xa1.vcc_clp                        11.9743
xb3.xa1.vee_clp                       -11.9647
xb3.xa1.n1356345                      -4.14997
xb3.xa1.n1356333                      -4.14997
xb3.xa1.n1356409                       4.20003
xb3.xa1.n1356429                       4.20003
xb3.xa1.vsense                     2.51726e-05
xb3.xa1.n28678                     2.23554e-05
xb3.xa1.n28438                     1.71023e-05
xb3.xa1.n24207                    -1.76351e-08
xb3.xa1.n31303                     2.23554e-05
xb3.xa1.n31389                            12.1
xb3.xa1.n31737                           -12.1
xb3.xa1.n32236                     2.23554e-05
xb3.xa1.n32510                    -1.01437e-09
xb3.xa1.n46041                     0.000246908
xb3.xa1.n55560                    -9.65135e-12
xb3.xa1.n57321                    -9.65135e-12
xb3.xa1.n59739                            68.9
xb3.xa1.n59743                    -9.65135e-12
xb3.xa1.n59881                    -9.65135e-12
xb3.xa1.n59905                           -68.9
xb3.xa1.n65567                             265
xb3.xa1.n65575                    -9.65135e-12
xb3.xa1.n65713                    -9.65135e-12
xb3.xa1.n65737                            -265
xb3.xa1.n72064                         11.9743
xb3.xa1.n72073                        -11.9647
xb3.xa1.v11                       -1.24638e-08
xb3.xa1.v12                       -1.26139e-08
xb3.xa1.n81756                    -9.65135e-12
xb3.xa1.n161737                    3.03171e-09
xb3.xa1.n1356115                       4.20003
xb3.xa1.n1356061                      -4.14997
xb3.xa1.x_u1.7                        0.833786
xb3.xa1.x_u1.8                        0.833786
xb3.xa1.x_u1.3                               0
xb3.xa1.x_u1.6                               0
xb3.xa1.x_u1.4                               0
xb3.xa1.x_u1.5                               0
xb3.xa1.x_u10.gvo+_int1                      0
xb3.xa1.x_u10.gvo-_int1                      0
xb3.xa1.x_u11.gvo+_int1                      0
xb3.xa1.x_u11.gvo-_int1                      0
xb3.xa1.x_u12.gvo+_int1                      0
xb3.xa1.x_u12.gvo-_int1                      0
xb3.xa1.x_u16.gsw+_int1                      0
xb3.xa1.x_u18.g1_int1              2.56175e-05
xb3.xa1.x_u18.g1_int2              3.04137e-09
xb3.xa1.x_u19.g1_int1              3.52742e-05
xb3.xa1.x_u19.g1_int2             -3.04137e-09
xb3.xa1.x_u22.g1_int1                        0
xb3.xa1.x_u23.g1_int1                        0
xb3.xa1.x_u26.g1_int1              3.04137e-12
xb3.xa1.x_u27.g1_int1                        0
xb3.xa1.x_u30.g1_int1             -1.00574e-15
xb3.xa1.x_u31.g1_int1             -7.48518e-11
xb3.xa1.x_u32.g1_int1              0.000246909
xb3.xa1.x_u35.g1_int1                        0
xb3.xa1.x_u36.3                              0
xb3.xa1.x_u36.5                              0
xb3.xa1.x_u37.3                              0
xb3.xa1.x_u37.5                              0
xb3.xa1.x_u4.e1_int1                 1.712e-05
xb3.xa1.x_u6.g1_int1               2.23554e-05
xb3.ha                             2.23861e-05
xb3.ma                             2.23557e-05
xb3.xa2.n24458                    -1.76522e-11
xb3.xa2.n24659                     -9.6528e-12
xb3.xa2.n37029                      0.00268805
xb3.xa2.n37037                     0.000272911
xb3.xa2.n39124                       0.0026879
xb3.xa2.n39892                     4.03083e-08
xb3.xa2.n2425309                            12
xb3.xa2.n2425287                  -9.65104e-12
xb3.xa2.n2425325                           -12
xb3.xa2.mid                       -9.65104e-12
xb3.xa2.n56849                    -9.65104e-12
xb3.xa2.n57325                    -9.65104e-12
xb3.xa2.n59747                    -9.65104e-12
xb3.xa2.n59865                    -9.65104e-12
xb3.xa2.n25921                       -0.820799
xb3.xa2.n25929                    -2.62656e-06
xb3.xa2.n65579                    -9.65104e-12
xb3.xa2.n65697                    -9.65104e-12
xb3.xa2.n68774                     5.21653e-05
xb3.xa2.n72398                         11.9743
xb3.xa2.n72391                        -11.9647
xb3.xa2.n81574                    -1.24637e-08
xb3.xa2.n81664                    -1.26139e-08
xb3.xa2.sw_ol_opax197             -9.65104e-12
xb3.xa2.vclp                        5.1952e-05
xb3.xa2.vimon                      7.51265e-06
xb3.xa2.n27785                        0.820799
xb3.xa2.n27793                     2.62654e-06
xb3.xa2.vout_s                     2.23861e-05
xb3.xa2.n2402147                   -9.6528e-12
xb3.xa2.n2402155                  -9.65104e-12
xb3.xa2.n2419074                   5.21132e-05
xb3.xa2.n2525790                   5.20611e-05
xb3.xa2.n2526890                   5.20091e-05
xb3.xa2.n36262                     5.19572e-05
xb3.xa2.n32347                     2.23554e-05
xb3.xa2.clamp                      5.21654e-05
xb3.xa2.esdp                      -1.76351e-08
xb3.xa2.esdn                       2.23554e-05
xb3.xa2.n158495                     5.1957e-05
xb3.xa2.cl_clamp                    5.1957e-05
xb3.xa2.n161937                    2.23861e-05
xb3.xa2.claw_clamp                 5.19571e-05
xb3.xa2.n45999                     2.23861e-05
xb3.xa2.vcc_b                               12
xb3.xa2.vee_b                              -12
xb3.xa2.n25415                     1.71023e-05
xb3.xa2.n25397                     1.71024e-05
xb3.xa2.n25248                     -9.6527e-12
xb3.xa2.vcc_clp                        11.9743
xb3.xa2.vee_clp                       -11.9647
xb3.xa2.n1356345                      -4.14995
xb3.xa2.n1356333                      -4.14995
xb3.xa2.n1356409                       4.20005
xb3.xa2.n1356429                       4.20005
xb3.xa2.vsense                     5.21653e-05
xb3.xa2.n28678                     2.23554e-05
xb3.xa2.n28438                     1.71023e-05
xb3.xa2.n24207                    -1.76351e-08
xb3.xa2.n31303                     2.23554e-05
xb3.xa2.n31389                            12.1
xb3.xa2.n31737                           -12.1
xb3.xa2.n32236                     2.23554e-05
xb3.xa2.n32510                    -6.51686e-10
xb3.xa2.n46041                      0.00268787
xb3.xa2.n55560                    -9.65104e-12
xb3.xa2.n57321                    -9.65104e-12
xb3.xa2.n59739                            68.9
xb3.xa2.n59743                    -9.65104e-12
xb3.xa2.n59881                    -9.65104e-12
xb3.xa2.n59905                           -68.9
xb3.xa2.n65567                             265
xb3.xa2.n65575                    -9.65104e-12
xb3.xa2.n65713                    -9.65104e-12
xb3.xa2.n65737                            -265
xb3.xa2.n72064                         11.9743
xb3.xa2.n72073                        -11.9647
xb3.xa2.v11                       -1.24637e-08
xb3.xa2.v12                       -1.26139e-08
xb3.xa2.n81756                    -9.65104e-12
xb3.xa2.n161737                    7.51265e-06
xb3.xa2.n1356115                       4.20005
xb3.xa2.n1356061                      -4.14995
xb3.xa2.x_u1.7                        0.833786
xb3.xa2.x_u1.8                        0.833786
xb3.xa2.x_u1.3                               0
xb3.xa2.x_u1.6                               0
xb3.xa2.x_u1.4                               0
xb3.xa2.x_u1.5                               0
xb3.xa2.x_u10.gvo+_int1                      0
xb3.xa2.x_u10.gvo-_int1                      0
xb3.xa2.x_u11.gvo+_int1                      0
xb3.xa2.x_u11.gvo-_int1                      0
xb3.xa2.x_u12.gvo+_int1                      0
xb3.xa2.x_u12.gvo-_int1                      0
xb3.xa2.x_u16.gsw+_int1                      0
xb3.xa2.x_u18.g1_int1              2.56177e-05
xb3.xa2.x_u18.g1_int2              7.51266e-06
xb3.xa2.x_u19.g1_int1              3.52741e-05
xb3.xa2.x_u19.g1_int2             -7.51266e-06
xb3.xa2.x_u22.g1_int1                        0
xb3.xa2.x_u23.g1_int1                        0
xb3.xa2.x_u26.g1_int1              7.51266e-09
xb3.xa2.x_u27.g1_int1                        0
xb3.xa2.x_u30.g1_int1             -6.42686e-16
xb3.xa2.x_u31.g1_int1             -4.78316e-11
xb3.xa2.x_u32.g1_int1               0.00268788
xb3.xa2.x_u35.g1_int1                        0
xb3.xa2.x_u36.3                              0
xb3.xa2.x_u36.5                              0
xb3.xa2.x_u37.3                              0
xb3.xa2.x_u37.5                              0
xb3.xa2.x_u4.e1_int1                 1.712e-05
xb3.xa2.x_u6.g1_int1               2.23554e-05
b.xb3.xa2.x_u6.bg1#branch         -2.23554e-14
b.xb3.xa2.x_u4.be1#branch           -1.712e-14
b.xb3.xa2.x_u35.bg1#branch                   0
b.xb3.xa2.x_u32.bg1#branch        -2.68788e-12
b.xb3.xa2.x_u31.bg1#branch         4.78316e-20
b.xb3.xa2.x_u30.bg1#branch         6.42686e-25
b.xb3.xa2.x_u27.bg1#branch                   0
b.xb3.xa2.x_u26.bg1#branch        -7.51266e-18
b.xb3.xa2.x_u23.bg1#branch                   0
b.xb3.xa2.x_u22.bg1#branch                   0
b.xb3.xa2.x_u19.bg1#branch         7.51266e-15
b.xb3.xa2.x_u18.bg1#branch        -7.51266e-15
b.xb3.xa2.x_u16.bgsw+#branch                 0
b.xb3.xa2.x_u12.bgvo-#branch                 0
b.xb3.xa2.x_u12.bgvo+#branch                 0
b.xb3.xa2.x_u11.bgvo-#branch                 0
b.xb3.xa2.x_u11.bgvo+#branch                 0
b.xb3.xa2.x_u10.bgvo-#branch                 0
b.xb3.xa2.x_u10.bgvo+#branch                 0
b.xb3.xa1.x_u6.bg1#branch         -2.23554e-14
b.xb3.xa1.x_u4.be1#branch           -1.712e-14
b.xb3.xa1.x_u35.bg1#branch                   0
b.xb3.xa1.x_u32.bg1#branch        -2.46909e-13
b.xb3.xa1.x_u31.bg1#branch         7.48518e-20
b.xb3.xa1.x_u30.bg1#branch         1.00574e-24
b.xb3.xa1.x_u27.bg1#branch                   0
b.xb3.xa1.x_u26.bg1#branch        -3.04137e-21
b.xb3.xa1.x_u23.bg1#branch                   0
b.xb3.xa1.x_u22.bg1#branch                   0
b.xb3.xa1.x_u19.bg1#branch         3.04137e-18
b.xb3.xa1.x_u18.bg1#branch        -3.04137e-18
b.xb3.xa1.x_u16.bgsw+#branch                 0
b.xb3.xa1.x_u12.bgvo-#branch                 0
b.xb3.xa1.x_u12.bgvo+#branch                 0
b.xb3.xa1.x_u11.bgvo-#branch                 0
b.xb3.xa1.x_u11.bgvo+#branch                 0
b.xb3.xa1.x_u10.bgvo-#branch                 0
b.xb3.xa1.x_u10.bgvo+#branch                 0
b.xb3.xb2.x_u6.bg1#branch         -2.23554e-14
b.xb3.xb2.x_u4.be1#branch           -1.712e-14
b.xb3.xb2.x_u35.bg1#branch                   0
b.xb3.xb2.x_u32.bg1#branch        -6.09581e-12
b.xb3.xb2.x_u31.bg1#branch        -1.23179e-20
b.xb3.xb2.x_u30.bg1#branch        -1.65497e-25
b.xb3.xb2.x_u27.bg1#branch                   0
b.xb3.xb2.x_u26.bg1#branch        -1.72419e-17
b.xb3.xb2.x_u23.bg1#branch                   0
b.xb3.xb2.x_u22.bg1#branch                   0
b.xb3.xb2.x_u19.bg1#branch         1.72419e-14
b.xb3.xb2.x_u18.bg1#branch        -1.72419e-14
b.xb3.xb2.x_u16.bgsw+#branch                 0
b.xb3.xb2.x_u12.bgvo-#branch                 0
b.xb3.xb2.x_u12.bgvo+#branch                 0
b.xb3.xb2.x_u11.bgvo-#branch                 0
b.xb3.xb2.x_u11.bgvo+#branch                 0
b.xb3.xb2.x_u10.bgvo-#branch                 0
b.xb3.xb2.x_u10.bgvo+#branch                 0
b.xb3.xb1.x_u6.bg1#branch         -2.23554e-14
b.xb3.xb1.x_u4.be1#branch           -1.712e-14
b.xb3.xb1.x_u35.bg1#branch                   0
b.xb3.xb1.x_u32.bg1#branch        -2.68422e-12
b.xb3.xb1.x_u31.bg1#branch         4.79025e-20
b.xb3.xb1.x_u30.bg1#branch          6.4364e-25
b.xb3.xb1.x_u27.bg1#branch                   0
b.xb3.xb1.x_u26.bg1#branch        -7.50244e-18
b.xb3.xb1.x_u23.bg1#branch                   0
b.xb3.xb1.x_u22.bg1#branch                   0
b.xb3.xb1.x_u19.bg1#branch         7.50244e-15
b.xb3.xb1.x_u18.bg1#branch        -7.50244e-15
b.xb3.xb1.x_u16.bgsw+#branch                 0
b.xb3.xb1.x_u12.bgvo-#branch                 0
b.xb3.xb1.x_u12.bgvo+#branch                 0
b.xb3.xb1.x_u11.bgvo-#branch                 0
b.xb3.xb1.x_u11.bgvo+#branch                 0
b.xb3.xb1.x_u10.bgvo-#branch                 0
b.xb3.xb1.x_u10.bgvo+#branch                 0
b.xb2.xa2.x_u6.bg1#branch         -2.23554e-14
b.xb2.xa2.x_u4.be1#branch           -1.712e-14
b.xb2.xa2.x_u35.bg1#branch                   0
b.xb2.xa2.x_u32.bg1#branch        -2.68788e-12
b.xb2.xa2.x_u31.bg1#branch         4.78316e-20
b.xb2.xa2.x_u30.bg1#branch         6.42686e-25
b.xb2.xa2.x_u27.bg1#branch                   0
b.xb2.xa2.x_u26.bg1#branch        -7.51266e-18
b.xb2.xa2.x_u23.bg1#branch                   0
b.xb2.xa2.x_u22.bg1#branch                   0
b.xb2.xa2.x_u19.bg1#branch         7.51266e-15
b.xb2.xa2.x_u18.bg1#branch        -7.51266e-15
b.xb2.xa2.x_u16.bgsw+#branch                 0
b.xb2.xa2.x_u12.bgvo-#branch                 0
b.xb2.xa2.x_u12.bgvo+#branch                 0
b.xb2.xa2.x_u11.bgvo-#branch                 0
b.xb2.xa2.x_u11.bgvo+#branch                 0
b.xb2.xa2.x_u10.bgvo-#branch                 0
b.xb2.xa2.x_u10.bgvo+#branch                 0
b.xb2.xa1.x_u6.bg1#branch         -2.23554e-14
b.xb2.xa1.x_u4.be1#branch           -1.712e-14
b.xb2.xa1.x_u35.bg1#branch        -1.03559e-33
b.xb2.xa1.x_u32.bg1#branch        -2.46909e-13
b.xb2.xa1.x_u31.bg1#branch         7.48518e-20
b.xb2.xa1.x_u30.bg1#branch         1.00574e-24
b.xb2.xa1.x_u27.bg1#branch                   0
b.xb2.xa1.x_u26.bg1#branch        -3.04137e-21
b.xb2.xa1.x_u23.bg1#branch                   0
b.xb2.xa1.x_u22.bg1#branch        -1.03559e-33
b.xb2.xa1.x_u19.bg1#branch         3.04137e-18
b.xb2.xa1.x_u18.bg1#branch        -3.04137e-18
b.xb2.xa1.x_u16.bgsw+#branch                 0
b.xb2.xa1.x_u12.bgvo-#branch                 0
b.xb2.xa1.x_u12.bgvo+#branch                 0
b.xb2.xa1.x_u11.bgvo-#branch                 0
b.xb2.xa1.x_u11.bgvo+#branch                 0
b.xb2.xa1.x_u10.bgvo-#branch                 0
b.xb2.xa1.x_u10.bgvo+#branch                 0
b.xb2.xb2.x_u6.bg1#branch         -2.23554e-14
b.xb2.xb2.x_u4.be1#branch           -1.712e-14
b.xb2.xb2.x_u35.bg1#branch                   0
b.xb2.xb2.x_u32.bg1#branch        -6.09581e-12
b.xb2.xb2.x_u31.bg1#branch        -1.23179e-20
b.xb2.xb2.x_u30.bg1#branch        -1.65497e-25
b.xb2.xb2.x_u27.bg1#branch                   0
b.xb2.xb2.x_u26.bg1#branch        -1.72419e-17
b.xb2.xb2.x_u23.bg1#branch                   0
b.xb2.xb2.x_u22.bg1#branch                   0
b.xb2.xb2.x_u19.bg1#branch         1.72419e-14
b.xb2.xb2.x_u18.bg1#branch        -1.72419e-14
b.xb2.xb2.x_u16.bgsw+#branch                 0
b.xb2.xb2.x_u12.bgvo-#branch                 0
b.xb2.xb2.x_u12.bgvo+#branch                 0
b.xb2.xb2.x_u11.bgvo-#branch                 0
b.xb2.xb2.x_u11.bgvo+#branch                 0
b.xb2.xb2.x_u10.bgvo-#branch                 0
b.xb2.xb2.x_u10.bgvo+#branch                 0
b.xb2.xb1.x_u6.bg1#branch         -2.23554e-14
b.xb2.xb1.x_u4.be1#branch           -1.712e-14
b.xb2.xb1.x_u35.bg1#branch                   0
b.xb2.xb1.x_u32.bg1#branch        -2.68422e-12
b.xb2.xb1.x_u31.bg1#branch         4.79025e-20
b.xb2.xb1.x_u30.bg1#branch          6.4364e-25
b.xb2.xb1.x_u27.bg1#branch                   0
b.xb2.xb1.x_u26.bg1#branch        -7.50244e-18
b.xb2.xb1.x_u23.bg1#branch                   0
b.xb2.xb1.x_u22.bg1#branch                   0
b.xb2.xb1.x_u19.bg1#branch         7.50244e-15
b.xb2.xb1.x_u18.bg1#branch        -7.50244e-15
b.xb2.xb1.x_u16.bgsw+#branch                 0
b.xb2.xb1.x_u12.bgvo-#branch                 0
b.xb2.xb1.x_u12.bgvo+#branch                 0
b.xb2.xb1.x_u11.bgvo-#branch                 0
b.xb2.xb1.x_u11.bgvo+#branch                 0
b.xb2.xb1.x_u10.bgvo-#branch                 0
b.xb2.xb1.x_u10.bgvo+#branch                 0
b.xb1.xa2.x_u6.bg1#branch         -2.23554e-14
b.xb1.xa2.x_u4.be1#branch           -1.712e-14
b.xb1.xa2.x_u35.bg1#branch                   0
b.xb1.xa2.x_u32.bg1#branch        -2.68788e-12
b.xb1.xa2.x_u31.bg1#branch         4.78316e-20
b.xb1.xa2.x_u30.bg1#branch         6.42686e-25
b.xb1.xa2.x_u27.bg1#branch                   0
b.xb1.xa2.x_u26.bg1#branch        -7.51266e-18
b.xb1.xa2.x_u23.bg1#branch                   0
b.xb1.xa2.x_u22.bg1#branch                   0
b.xb1.xa2.x_u19.bg1#branch         7.51266e-15
b.xb1.xa2.x_u18.bg1#branch        -7.51266e-15
b.xb1.xa2.x_u16.bgsw+#branch                 0
b.xb1.xa2.x_u12.bgvo-#branch                 0
b.xb1.xa2.x_u12.bgvo+#branch                 0
b.xb1.xa2.x_u11.bgvo-#branch                 0
b.xb1.xa2.x_u11.bgvo+#branch                 0
b.xb1.xa2.x_u10.bgvo-#branch                 0
b.xb1.xa2.x_u10.bgvo+#branch                 0
b.xb1.xa1.x_u6.bg1#branch         -2.23554e-14
b.xb1.xa1.x_u4.be1#branch           -1.712e-14
b.xb1.xa1.x_u35.bg1#branch                   0
b.xb1.xa1.x_u32.bg1#branch        -2.46909e-13
b.xb1.xa1.x_u31.bg1#branch         7.48518e-20
b.xb1.xa1.x_u30.bg1#branch         1.00574e-24
b.xb1.xa1.x_u27.bg1#branch                   0
b.xb1.xa1.x_u26.bg1#branch        -3.04137e-21
b.xb1.xa1.x_u23.bg1#branch                   0
b.xb1.xa1.x_u22.bg1#branch                   0
b.xb1.xa1.x_u19.bg1#branch         3.04137e-18
b.xb1.xa1.x_u18.bg1#branch        -3.04137e-18
b.xb1.xa1.x_u16.bgsw+#branch                 0
b.xb1.xa1.x_u12.bgvo-#branch                 0
b.xb1.xa1.x_u12.bgvo+#branch                 0
b.xb1.xa1.x_u11.bgvo-#branch                 0
b.xb1.xa1.x_u11.bgvo+#branch                 0
b.xb1.xa1.x_u10.bgvo-#branch                 0
b.xb1.xa1.x_u10.bgvo+#branch                 0
b.xb1.xb2.x_u6.bg1#branch         -2.23554e-14
b.xb1.xb2.x_u4.be1#branch           -1.712e-14
b.xb1.xb2.x_u35.bg1#branch                   0
b.xb1.xb2.x_u32.bg1#branch        -6.09581e-12
b.xb1.xb2.x_u31.bg1#branch        -1.23179e-20
b.xb1.xb2.x_u30.bg1#branch        -1.65497e-25
b.xb1.xb2.x_u27.bg1#branch                   0
b.xb1.xb2.x_u26.bg1#branch        -1.72419e-17
b.xb1.xb2.x_u23.bg1#branch                   0
b.xb1.xb2.x_u22.bg1#branch                   0
b.xb1.xb2.x_u19.bg1#branch         1.72419e-14
b.xb1.xb2.x_u18.bg1#branch        -1.72419e-14
b.xb1.xb2.x_u16.bgsw+#branch                 0
b.xb1.xb2.x_u12.bgvo-#branch                 0
b.xb1.xb2.x_u12.bgvo+#branch                 0
b.xb1.xb2.x_u11.bgvo-#branch                 0
b.xb1.xb2.x_u11.bgvo+#branch                 0
b.xb1.xb2.x_u10.bgvo-#branch                 0
b.xb1.xb2.x_u10.bgvo+#branch                 0
b.xb1.xb1.x_u6.bg1#branch         -2.23554e-14
b.xb1.xb1.x_u4.be1#branch           -1.712e-14
b.xb1.xb1.x_u35.bg1#branch                   0
b.xb1.xb1.x_u32.bg1#branch        -2.68422e-12
b.xb1.xb1.x_u31.bg1#branch         4.79025e-20
b.xb1.xb1.x_u30.bg1#branch          6.4364e-25
b.xb1.xb1.x_u27.bg1#branch                   0
b.xb1.xb1.x_u26.bg1#branch        -7.50244e-18
b.xb1.xb1.x_u23.bg1#branch                   0
b.xb1.xb1.x_u22.bg1#branch                   0
b.xb1.xb1.x_u19.bg1#branch         7.50244e-15
b.xb1.xb1.x_u18.bg1#branch        -7.50244e-15
b.xb1.xb1.x_u16.bgsw+#branch                 0
b.xb1.xb1.x_u12.bgvo-#branch                 0
b.xb1.xb1.x_u12.bgvo+#branch                 0
b.xb1.xb1.x_u11.bgvo-#branch                 0
b.xb1.xb1.x_u11.bgvo+#branch                 0
b.xb1.xb1.x_u10.bgvo-#branch                 0
b.xb1.xb1.x_u10.bgvo+#branch                 0
b.xb0.xa2.x_u6.bg1#branch         -2.23554e-14
b.xb0.xa2.x_u4.be1#branch           -1.712e-14
b.xb0.xa2.x_u35.bg1#branch                   0
b.xb0.xa2.x_u32.bg1#branch        -2.68788e-12
b.xb0.xa2.x_u31.bg1#branch         4.78316e-20
b.xb0.xa2.x_u30.bg1#branch         6.42686e-25
b.xb0.xa2.x_u27.bg1#branch                   0
b.xb0.xa2.x_u26.bg1#branch        -7.51266e-18
b.xb0.xa2.x_u23.bg1#branch         1.03559e-33
b.xb0.xa2.x_u22.bg1#branch                   0
b.xb0.xa2.x_u19.bg1#branch         7.51266e-15
b.xb0.xa2.x_u18.bg1#branch        -7.51266e-15
b.xb0.xa2.x_u16.bgsw+#branch                 0
b.xb0.xa2.x_u12.bgvo-#branch                 0
b.xb0.xa2.x_u12.bgvo+#branch                 0
b.xb0.xa2.x_u11.bgvo-#branch                 0
b.xb0.xa2.x_u11.bgvo+#branch                 0
b.xb0.xa2.x_u10.bgvo-#branch                 0
b.xb0.xa2.x_u10.bgvo+#branch                 0
b.xb0.xa1.x_u6.bg1#branch         -2.23554e-14
b.xb0.xa1.x_u4.be1#branch           -1.712e-14
b.xb0.xa1.x_u35.bg1#branch                   0
b.xb0.xa1.x_u32.bg1#branch        -2.46909e-13
b.xb0.xa1.x_u31.bg1#branch         7.48518e-20
b.xb0.xa1.x_u30.bg1#branch         1.00574e-24
b.xb0.xa1.x_u27.bg1#branch                   0
b.xb0.xa1.x_u26.bg1#branch        -3.04137e-21
b.xb0.xa1.x_u23.bg1#branch                   0
b.xb0.xa1.x_u22.bg1#branch        -1.03723e-33
b.xb0.xa1.x_u19.bg1#branch         3.04137e-18
b.xb0.xa1.x_u18.bg1#branch        -3.04137e-18
b.xb0.xa1.x_u16.bgsw+#branch                 0
b.xb0.xa1.x_u12.bgvo-#branch                 0
b.xb0.xa1.x_u12.bgvo+#branch                 0
b.xb0.xa1.x_u11.bgvo-#branch                 0
b.xb0.xa1.x_u11.bgvo+#branch                 0
b.xb0.xa1.x_u10.bgvo-#branch                 0
b.xb0.xa1.x_u10.bgvo+#branch                 0
b.xb0.xb2.x_u6.bg1#branch         -2.23554e-14
b.xb0.xb2.x_u4.be1#branch           -1.712e-14
b.xb0.xb2.x_u35.bg1#branch                   0
b.xb0.xb2.x_u32.bg1#branch        -6.09581e-12
b.xb0.xb2.x_u31.bg1#branch        -1.23179e-20
b.xb0.xb2.x_u30.bg1#branch        -1.65497e-25
b.xb0.xb2.x_u27.bg1#branch                   0
b.xb0.xb2.x_u26.bg1#branch        -1.72419e-17
b.xb0.xb2.x_u23.bg1#branch                   0
b.xb0.xb2.x_u22.bg1#branch                   0
b.xb0.xb2.x_u19.bg1#branch         1.72419e-14
b.xb0.xb2.x_u18.bg1#branch        -1.72419e-14
b.xb0.xb2.x_u16.bgsw+#branch                 0
b.xb0.xb2.x_u12.bgvo-#branch                 0
b.xb0.xb2.x_u12.bgvo+#branch                 0
b.xb0.xb2.x_u11.bgvo-#branch                 0
b.xb0.xb2.x_u11.bgvo+#branch                 0
b.xb0.xb2.x_u10.bgvo-#branch                 0
b.xb0.xb2.x_u10.bgvo+#branch                 0
b.xb0.xb1.x_u6.bg1#branch         -2.23554e-14
b.xb0.xb1.x_u4.be1#branch           -1.712e-14
b.xb0.xb1.x_u35.bg1#branch         1.03721e-33
b.xb0.xb1.x_u32.bg1#branch        -2.68422e-12
b.xb0.xb1.x_u31.bg1#branch         4.79025e-20
b.xb0.xb1.x_u30.bg1#branch          6.4364e-25
b.xb0.xb1.x_u27.bg1#branch                   0
b.xb0.xb1.x_u26.bg1#branch        -7.50244e-18
b.xb0.xb1.x_u23.bg1#branch         1.03721e-33
b.xb0.xb1.x_u22.bg1#branch         1.03721e-33
b.xb0.xb1.x_u19.bg1#branch         7.50244e-15
b.xb0.xb1.x_u18.bg1#branch        -7.50244e-15
b.xb0.xb1.x_u16.bgsw+#branch                 0
b.xb0.xb1.x_u12.bgvo-#branch                 0
b.xb0.xb1.x_u12.bgvo+#branch                 0
b.xb0.xb1.x_u11.bgvo-#branch                 0
b.xb0.xb1.x_u11.bgvo+#branch                 0
b.xb0.xb1.x_u10.bgvo-#branch                 0
b.xb0.xb1.x_u10.bgvo+#branch                 0
b.xn3.xgb.x_u6.bg1#branch         -2.23555e-14
b.xn3.xgb.x_u4.be1#branch           -1.712e-14
b.xn3.xgb.x_u35.bg1#branch                   0
b.xn3.xgb.x_u32.bg1#branch        -1.58419e-11
b.xn3.xgb.x_u31.bg1#branch        -1.87923e-19
b.xn3.xgb.x_u30.bg1#branch        -2.52498e-24
b.xn3.xgb.x_u27.bg1#branch                   0
b.xn3.xgb.x_u26.bg1#branch         -4.4945e-17
b.xn3.xgb.x_u23.bg1#branch                   0
b.xn3.xgb.x_u22.bg1#branch                   0
b.xn3.xgb.x_u19.bg1#branch          4.4945e-14
b.xn3.xgb.x_u18.bg1#branch         -4.4945e-14
b.xn3.xgb.x_u16.bgsw+#branch                 0
b.xn3.xgb.x_u12.bgvo-#branch                 0
b.xn3.xgb.x_u12.bgvo+#branch                 0
b.xn3.xgb.x_u11.bgvo-#branch                 0
b.xn3.xgb.x_u11.bgvo+#branch                 0
b.xn3.xgb.x_u10.bgvo-#branch                 0
b.xn3.xgb.x_u10.bgvo+#branch                 0
b.xn3.xga.x_u6.bg1#branch         -2.23554e-14
b.xn3.xga.x_u4.be1#branch           -1.712e-14
b.xn3.xga.x_u35.bg1#branch                   0
b.xn3.xga.x_u32.bg1#branch         2.63175e-11
b.xn3.xga.x_u31.bg1#branch         4.58903e-19
b.xn3.xga.x_u30.bg1#branch         6.16594e-24
b.xn3.xga.x_u27.bg1#branch        -7.86914e-17
b.xn3.xga.x_u26.bg1#branch                   0
b.xn3.xga.x_u23.bg1#branch                   0
b.xn3.xga.x_u22.bg1#branch                   0
b.xn3.xga.x_u19.bg1#branch        -7.86914e-14
b.xn3.xga.x_u18.bg1#branch         7.86914e-14
b.xn3.xga.x_u16.bgsw+#branch                 0
b.xn3.xga.x_u12.bgvo-#branch                 0
b.xn3.xga.x_u12.bgvo+#branch                 0
b.xn3.xga.x_u11.bgvo-#branch                 0
b.xn3.xga.x_u11.bgvo+#branch                 0
b.xn3.xga.x_u10.bgvo-#branch                 0
b.xn3.xga.x_u10.bgvo+#branch                 0
b.xn2.xgb.x_u6.bg1#branch         -2.23555e-14
b.xn2.xgb.x_u4.be1#branch           -1.712e-14
b.xn2.xgb.x_u35.bg1#branch                   0
b.xn2.xgb.x_u32.bg1#branch        -1.58419e-11
b.xn2.xgb.x_u31.bg1#branch        -1.87923e-19
b.xn2.xgb.x_u30.bg1#branch        -2.52498e-24
b.xn2.xgb.x_u27.bg1#branch                   0
b.xn2.xgb.x_u26.bg1#branch         -4.4945e-17
b.xn2.xgb.x_u23.bg1#branch                   0
b.xn2.xgb.x_u22.bg1#branch                   0
b.xn2.xgb.x_u19.bg1#branch          4.4945e-14
b.xn2.xgb.x_u18.bg1#branch         -4.4945e-14
b.xn2.xgb.x_u16.bgsw+#branch                 0
b.xn2.xgb.x_u12.bgvo-#branch                 0
b.xn2.xgb.x_u12.bgvo+#branch                 0
b.xn2.xgb.x_u11.bgvo-#branch                 0
b.xn2.xgb.x_u11.bgvo+#branch                 0
b.xn2.xgb.x_u10.bgvo-#branch                 0
b.xn2.xgb.x_u10.bgvo+#branch                 0
b.xn2.xga.x_u6.bg1#branch         -2.23554e-14
b.xn2.xga.x_u4.be1#branch           -1.712e-14
b.xn2.xga.x_u35.bg1#branch                   0
b.xn2.xga.x_u32.bg1#branch         2.63175e-11
b.xn2.xga.x_u31.bg1#branch         4.58903e-19
b.xn2.xga.x_u30.bg1#branch         6.16594e-24
b.xn2.xga.x_u27.bg1#branch        -7.86914e-17
b.xn2.xga.x_u26.bg1#branch                   0
b.xn2.xga.x_u23.bg1#branch                   0
b.xn2.xga.x_u22.bg1#branch                   0
b.xn2.xga.x_u19.bg1#branch        -7.86914e-14
b.xn2.xga.x_u18.bg1#branch         7.86914e-14
b.xn2.xga.x_u16.bgsw+#branch                 0
b.xn2.xga.x_u12.bgvo-#branch                 0
b.xn2.xga.x_u12.bgvo+#branch                 0
b.xn2.xga.x_u11.bgvo-#branch                 0
b.xn2.xga.x_u11.bgvo+#branch                 0
b.xn2.xga.x_u10.bgvo-#branch                 0
b.xn2.xga.x_u10.bgvo+#branch                 0
b.xn1.xgb.x_u6.bg1#branch         -2.23555e-14
b.xn1.xgb.x_u4.be1#branch           -1.712e-14
b.xn1.xgb.x_u35.bg1#branch                   0
b.xn1.xgb.x_u32.bg1#branch        -1.58419e-11
b.xn1.xgb.x_u31.bg1#branch        -1.87923e-19
b.xn1.xgb.x_u30.bg1#branch        -2.52498e-24
b.xn1.xgb.x_u27.bg1#branch                   0
b.xn1.xgb.x_u26.bg1#branch         -4.4945e-17
b.xn1.xgb.x_u23.bg1#branch                   0
b.xn1.xgb.x_u22.bg1#branch                   0
b.xn1.xgb.x_u19.bg1#branch          4.4945e-14
b.xn1.xgb.x_u18.bg1#branch         -4.4945e-14
b.xn1.xgb.x_u16.bgsw+#branch                 0
b.xn1.xgb.x_u12.bgvo-#branch                 0
b.xn1.xgb.x_u12.bgvo+#branch                 0
b.xn1.xgb.x_u11.bgvo-#branch                 0
b.xn1.xgb.x_u11.bgvo+#branch                 0
b.xn1.xgb.x_u10.bgvo-#branch                 0
b.xn1.xgb.x_u10.bgvo+#branch                 0
b.xn1.xga.x_u6.bg1#branch         -2.23554e-14
b.xn1.xga.x_u4.be1#branch           -1.712e-14
b.xn1.xga.x_u35.bg1#branch                   0
b.xn1.xga.x_u32.bg1#branch         2.63175e-11
b.xn1.xga.x_u31.bg1#branch         4.58903e-19
b.xn1.xga.x_u30.bg1#branch         6.16594e-24
b.xn1.xga.x_u27.bg1#branch        -7.86914e-17
b.xn1.xga.x_u26.bg1#branch                   0
b.xn1.xga.x_u23.bg1#branch                   0
b.xn1.xga.x_u22.bg1#branch                   0
b.xn1.xga.x_u19.bg1#branch        -7.86914e-14
b.xn1.xga.x_u18.bg1#branch         7.86914e-14
b.xn1.xga.x_u16.bgsw+#branch                 0
b.xn1.xga.x_u12.bgvo-#branch                 0
b.xn1.xga.x_u12.bgvo+#branch                 0
b.xn1.xga.x_u11.bgvo-#branch                 0
b.xn1.xga.x_u11.bgvo+#branch                 0
b.xn1.xga.x_u10.bgvo-#branch                 0
b.xn1.xga.x_u10.bgvo+#branch                 0
b.xn0.xgb.x_u6.bg1#branch         -2.23555e-14
b.xn0.xgb.x_u4.be1#branch           -1.712e-14
b.xn0.xgb.x_u35.bg1#branch                   0
b.xn0.xgb.x_u32.bg1#branch        -1.58419e-11
b.xn0.xgb.x_u31.bg1#branch        -1.87923e-19
b.xn0.xgb.x_u30.bg1#branch        -2.52498e-24
b.xn0.xgb.x_u27.bg1#branch                   0
b.xn0.xgb.x_u26.bg1#branch         -4.4945e-17
b.xn0.xgb.x_u23.bg1#branch                   0
b.xn0.xgb.x_u22.bg1#branch                   0
b.xn0.xgb.x_u19.bg1#branch          4.4945e-14
b.xn0.xgb.x_u18.bg1#branch         -4.4945e-14
b.xn0.xgb.x_u16.bgsw+#branch                 0
b.xn0.xgb.x_u12.bgvo-#branch                 0
b.xn0.xgb.x_u12.bgvo+#branch                 0
b.xn0.xgb.x_u11.bgvo-#branch                 0
b.xn0.xgb.x_u11.bgvo+#branch                 0
b.xn0.xgb.x_u10.bgvo-#branch                 0
b.xn0.xgb.x_u10.bgvo+#branch                 0
b.xn0.xga.x_u6.bg1#branch         -2.23554e-14
b.xn0.xga.x_u4.be1#branch           -1.712e-14
b.xn0.xga.x_u35.bg1#branch                   0
b.xn0.xga.x_u32.bg1#branch         2.63175e-11
b.xn0.xga.x_u31.bg1#branch         4.58903e-19
b.xn0.xga.x_u30.bg1#branch         6.16594e-24
b.xn0.xga.x_u27.bg1#branch        -7.86914e-17
b.xn0.xga.x_u26.bg1#branch                   0
b.xn0.xga.x_u23.bg1#branch                   0
b.xn0.xga.x_u22.bg1#branch                   0
b.xn0.xga.x_u19.bg1#branch        -7.86914e-14
b.xn0.xga.x_u18.bg1#branch         7.86914e-14
b.xn0.xga.x_u16.bgsw+#branch                 0
b.xn0.xga.x_u12.bgvo-#branch                 0
b.xn0.xga.x_u12.bgvo+#branch                 0
b.xn0.xga.x_u11.bgvo-#branch                 0
b.xn0.xga.x_u11.bgvo+#branch                 0
b.xn0.xga.x_u10.bgvo-#branch                 0
b.xn0.xga.x_u10.bgvo+#branch                 0
h.xb3.xa2.x_h3.h_h3#branch         2.49275e-17
v.xb3.xa2.x_h3.vh_h3#branch        1.24541e-08
h.xb3.xa2.x_h2.h_h2#branch         2.52278e-17
v.xb3.xa2.x_h2.vh_h2#branch       -1.26043e-08
h.xb3.xa2.x_h1.h_h1#branch        -1.50328e-14
v.xb3.xa2.x_h1.vh_h1#branch        7.51266e-09
h.xb3.xa1.x_h3.h_h3#branch         2.49276e-17
v.xb3.xa1.x_h3.vh_h3#branch        1.24541e-08
h.xb3.xa1.x_h2.h_h2#branch         2.52277e-17
v.xb3.xa1.x_h2.vh_h2#branch       -1.26042e-08
h.xb3.xa1.x_h1.h_h1#branch        -6.06647e-18
v.xb3.xa1.x_h1.vh_h1#branch        3.04137e-12
h.xb3.xb2.x_h3.h_h3#branch         2.49274e-17
v.xb3.xb2.x_h3.vh_h3#branch         1.2454e-08
h.xb3.xb2.x_h2.h_h2#branch         2.52279e-17
v.xb3.xb2.x_h2.vh_h2#branch       -1.26043e-08
h.xb3.xb2.x_h1.h_h1#branch         -3.4501e-14
v.xb3.xb2.x_h1.vh_h1#branch        1.72419e-08
h.xb3.xb1.x_h3.h_h3#branch         2.49275e-17
v.xb3.xb1.x_h3.vh_h3#branch        1.24541e-08
h.xb3.xb1.x_h2.h_h2#branch         2.52278e-17
v.xb3.xb1.x_h2.vh_h2#branch       -1.26043e-08
h.xb3.xb1.x_h1.h_h1#branch        -1.50124e-14
v.xb3.xb1.x_h1.vh_h1#branch        7.50244e-09
h.xb2.xa2.x_h3.h_h3#branch         2.49275e-17
v.xb2.xa2.x_h3.vh_h3#branch        1.24541e-08
h.xb2.xa2.x_h2.h_h2#branch         2.52278e-17
v.xb2.xa2.x_h2.vh_h2#branch       -1.26043e-08
h.xb2.xa2.x_h1.h_h1#branch        -1.50328e-14
v.xb2.xa2.x_h1.vh_h1#branch        7.51266e-09
h.xb2.xa1.x_h3.h_h3#branch         2.49276e-17
v.xb2.xa1.x_h3.vh_h3#branch        1.24541e-08
h.xb2.xa1.x_h2.h_h2#branch         2.52277e-17
v.xb2.xa1.x_h2.vh_h2#branch       -1.26042e-08
h.xb2.xa1.x_h1.h_h1#branch        -6.06647e-18
v.xb2.xa1.x_h1.vh_h1#branch        3.04137e-12
h.xb2.xb2.x_h3.h_h3#branch         2.49274e-17
v.xb2.xb2.x_h3.vh_h3#branch         1.2454e-08
h.xb2.xb2.x_h2.h_h2#branch         2.52279e-17
v.xb2.xb2.x_h2.vh_h2#branch       -1.26043e-08
h.xb2.xb2.x_h1.h_h1#branch         -3.4501e-14
v.xb2.xb2.x_h1.vh_h1#branch        1.72419e-08
h.xb2.xb1.x_h3.h_h3#branch         2.49275e-17
v.xb2.xb1.x_h3.vh_h3#branch        1.24541e-08
h.xb2.xb1.x_h2.h_h2#branch         2.52278e-17
v.xb2.xb1.x_h2.vh_h2#branch       -1.26043e-08
h.xb2.xb1.x_h1.h_h1#branch        -1.50124e-14
v.xb2.xb1.x_h1.vh_h1#branch        7.50244e-09
h.xb1.xa2.x_h3.h_h3#branch         2.49275e-17
v.xb1.xa2.x_h3.vh_h3#branch        1.24541e-08
h.xb1.xa2.x_h2.h_h2#branch         2.52278e-17
v.xb1.xa2.x_h2.vh_h2#branch       -1.26043e-08
h.xb1.xa2.x_h1.h_h1#branch        -1.50328e-14
v.xb1.xa2.x_h1.vh_h1#branch        7.51266e-09
h.xb1.xa1.x_h3.h_h3#branch         2.49276e-17
v.xb1.xa1.x_h3.vh_h3#branch        1.24541e-08
h.xb1.xa1.x_h2.h_h2#branch         2.52278e-17
v.xb1.xa1.x_h2.vh_h2#branch       -1.26042e-08
h.xb1.xa1.x_h1.h_h1#branch        -6.06647e-18
v.xb1.xa1.x_h1.vh_h1#branch        3.04137e-12
h.xb1.xb2.x_h3.h_h3#branch         2.49275e-17
v.xb1.xb2.x_h3.vh_h3#branch         1.2454e-08
h.xb1.xb2.x_h2.h_h2#branch         2.52281e-17
v.xb1.xb2.x_h2.vh_h2#branch       -1.26043e-08
h.xb1.xb2.x_h1.h_h1#branch         -3.4501e-14
v.xb1.xb2.x_h1.vh_h1#branch        1.72419e-08
h.xb1.xb1.x_h3.h_h3#branch         2.49275e-17
v.xb1.xb1.x_h3.vh_h3#branch        1.24541e-08
h.xb1.xb1.x_h2.h_h2#branch         2.52278e-17
v.xb1.xb1.x_h2.vh_h2#branch       -1.26043e-08
h.xb1.xb1.x_h1.h_h1#branch        -1.50124e-14
v.xb1.xb1.x_h1.vh_h1#branch        7.50244e-09
h.xb0.xa2.x_h3.h_h3#branch         2.49275e-17
v.xb0.xa2.x_h3.vh_h3#branch        1.24541e-08
h.xb0.xa2.x_h2.h_h2#branch         2.52278e-17
v.xb0.xa2.x_h2.vh_h2#branch       -1.26043e-08
h.xb0.xa2.x_h1.h_h1#branch        -1.50328e-14
v.xb0.xa2.x_h1.vh_h1#branch        7.51266e-09
h.xb0.xa1.x_h3.h_h3#branch         2.49276e-17
v.xb0.xa1.x_h3.vh_h3#branch        1.24541e-08
h.xb0.xa1.x_h2.h_h2#branch         2.52278e-17
v.xb0.xa1.x_h2.vh_h2#branch       -1.26042e-08
h.xb0.xa1.x_h1.h_h1#branch        -6.06647e-18
v.xb0.xa1.x_h1.vh_h1#branch        3.04137e-12
h.xb0.xb2.x_h3.h_h3#branch         2.49274e-17
v.xb0.xb2.x_h3.vh_h3#branch         1.2454e-08
h.xb0.xb2.x_h2.h_h2#branch         2.52279e-17
v.xb0.xb2.x_h2.vh_h2#branch       -1.26043e-08
h.xb0.xb2.x_h1.h_h1#branch         -3.4501e-14
v.xb0.xb2.x_h1.vh_h1#branch        1.72419e-08
h.xb0.xb1.x_h3.h_h3#branch         2.49275e-17
v.xb0.xb1.x_h3.vh_h3#branch        1.24541e-08
h.xb0.xb1.x_h2.h_h2#branch         2.52278e-17
v.xb0.xb1.x_h2.vh_h2#branch       -1.26043e-08
h.xb0.xb1.x_h1.h_h1#branch        -1.50124e-14
v.xb0.xb1.x_h1.vh_h1#branch        7.50244e-09
h.xn3.xgb.x_h3.h_h3#branch          2.4927e-17
v.xn3.xgb.x_h3.vh_h3#branch        1.24539e-08
h.xn3.xgb.x_h2.h_h2#branch         2.52283e-17
v.xn3.xgb.x_h2.vh_h2#branch       -1.26045e-08
h.xn3.xgb.x_h1.h_h1#branch         -8.9935e-14
v.xn3.xgb.x_h1.vh_h1#branch         4.4945e-08
h.xn3.xga.x_h3.h_h3#branch         2.49283e-17
v.xn3.xga.x_h3.vh_h3#branch        1.24545e-08
h.xn3.xga.x_h2.h_h2#branch          2.5227e-17
v.xn3.xga.x_h2.vh_h2#branch       -1.26038e-08
h.xn3.xga.x_h1.h_h1#branch         1.57461e-13
v.xn3.xga.x_h1.vh_h1#branch       -7.86914e-08
h.xn2.xgb.x_h3.h_h3#branch          2.4927e-17
v.xn2.xgb.x_h3.vh_h3#branch        1.24539e-08
h.xn2.xgb.x_h2.h_h2#branch         2.52283e-17
v.xn2.xgb.x_h2.vh_h2#branch       -1.26045e-08
h.xn2.xgb.x_h1.h_h1#branch         -8.9935e-14
v.xn2.xgb.x_h1.vh_h1#branch         4.4945e-08
h.xn2.xga.x_h3.h_h3#branch         2.49283e-17
v.xn2.xga.x_h3.vh_h3#branch        1.24545e-08
h.xn2.xga.x_h2.h_h2#branch          2.5227e-17
v.xn2.xga.x_h2.vh_h2#branch       -1.26038e-08
h.xn2.xga.x_h1.h_h1#branch         1.57461e-13
v.xn2.xga.x_h1.vh_h1#branch       -7.86914e-08
h.xn1.xgb.x_h3.h_h3#branch          2.4927e-17
v.xn1.xgb.x_h3.vh_h3#branch        1.24539e-08
h.xn1.xgb.x_h2.h_h2#branch         2.52283e-17
v.xn1.xgb.x_h2.vh_h2#branch       -1.26045e-08
h.xn1.xgb.x_h1.h_h1#branch         -8.9935e-14
v.xn1.xgb.x_h1.vh_h1#branch         4.4945e-08
h.xn1.xga.x_h3.h_h3#branch         2.49283e-17
v.xn1.xga.x_h3.vh_h3#branch        1.24545e-08
h.xn1.xga.x_h2.h_h2#branch          2.5227e-17
v.xn1.xga.x_h2.vh_h2#branch       -1.26038e-08
h.xn1.xga.x_h1.h_h1#branch         1.57461e-13
v.xn1.xga.x_h1.vh_h1#branch       -7.86914e-08
h.xn0.xgb.x_h3.h_h3#branch          2.4927e-17
v.xn0.xgb.x_h3.vh_h3#branch        1.24539e-08
h.xn0.xgb.x_h2.h_h2#branch         2.52283e-17
v.xn0.xgb.x_h2.vh_h2#branch       -1.26045e-08
h.xn0.xgb.x_h1.h_h1#branch         -8.9935e-14
v.xn0.xgb.x_h1.vh_h1#branch         4.4945e-08
h.xn0.xga.x_h3.h_h3#branch         2.49283e-17
v.xn0.xga.x_h3.vh_h3#branch        1.24545e-08
h.xn0.xga.x_h2.h_h2#branch          2.5227e-17
v.xn0.xga.x_h2.vh_h2#branch       -1.26038e-08
h.xn0.xga.x_h1.h_h1#branch         1.57461e-13
v.xn0.xga.x_h1.vh_h1#branch       -7.86914e-08
l.xb3.lc#branch                   -1.72779e-17
l.xb2.lc#branch                   -1.68166e-17
l.xb1.lc#branch                   -1.72812e-17
l.xb0.lc#branch                   -1.71248e-17
l.xn3.lg#branch                   -3.75994e-09
l.xn2.lg#branch                   -3.75994e-09
l.xn1.lg#branch                   -3.75994e-09
l.xn0.lg#branch                   -3.75994e-09
e.xb3.xa2.x_u4.e1#branch          -7.36594e-14
e.xb3.xa2.x_u37.e1#branch                    0
e.xb3.xa2.x_u36.e1#branch                    0
e.xb3.xa2.x_u1.e3#branch           5.32364e-12
e.xb3.xa2.x_u1.e2#branch                     0
e.xb3.xa2.x_u1.e1#branch                     0
e.xb3.xa2.e_e3#branch             -4.47946e-14
e.xb3.xa2.e_e2#branch             -5.02078e-11
e.xb3.xa2.e_e1#branch             -1.61004e-10
e.xb3.xa1.x_u4.e1#branch          -7.36594e-14
e.xb3.xa1.x_u37.e1#branch                    0
e.xb3.xa1.x_u36.e1#branch                    0
e.xb3.xa1.x_u1.e3#branch           5.32364e-12
e.xb3.xa1.x_u1.e2#branch                     0
e.xb3.xa1.x_u1.e1#branch                     0
e.xb3.xa1.e_e3#branch             -4.47337e-14
e.xb3.xa1.e_e2#branch             -5.01003e-11
e.xb3.xa1.e_e1#branch             -1.52958e-10
e.xb3.xb2.x_u4.e1#branch          -7.36594e-14
e.xb3.xb2.x_u37.e1#branch                    0
e.xb3.xb2.x_u36.e1#branch                    0
e.xb3.xb2.x_u1.e3#branch           5.32364e-12
e.xb3.xb2.x_u1.e2#branch                     0
e.xb3.xb2.x_u1.e1#branch                     0
e.xb3.xb2.e_e3#branch             -8.95283e-14
e.xb3.xb2.e_e2#branch             -5.04472e-11
e.xb3.xb2.e_e1#branch             -1.72685e-10
e.xb3.xb1.x_u4.e1#branch          -7.36594e-14
e.xb3.xb1.x_u37.e1#branch                    0
e.xb3.xb1.x_u36.e1#branch                    0
e.xb3.xb1.x_u1.e3#branch           5.32364e-12
e.xb3.xb1.x_u1.e2#branch                     0
e.xb3.xb1.x_u1.e1#branch                     0
e.xb3.xb1.e_e3#branch             -4.47337e-14
e.xb3.xb1.e_e2#branch             -5.02075e-11
e.xb3.xb1.e_e1#branch             -1.60994e-10
e.xb2.xa2.x_u4.e1#branch          -7.36594e-14
e.xb2.xa2.x_u37.e1#branch                    0
e.xb2.xa2.x_u36.e1#branch                    0
e.xb2.xa2.x_u1.e3#branch           5.32364e-12
e.xb2.xa2.x_u1.e2#branch                     0
e.xb2.xa2.x_u1.e1#branch                     0
e.xb2.xa2.e_e3#branch             -4.47946e-14
e.xb2.xa2.e_e2#branch             -5.02078e-11
e.xb2.xa2.e_e1#branch             -1.61004e-10
e.xb2.xa1.x_u4.e1#branch          -7.36594e-14
e.xb2.xa1.x_u37.e1#branch                    0
e.xb2.xa1.x_u36.e1#branch                    0
e.xb2.xa1.x_u1.e3#branch           5.32364e-12
e.xb2.xa1.x_u1.e2#branch                     0
e.xb2.xa1.x_u1.e1#branch                     0
e.xb2.xa1.e_e3#branch             -4.47337e-14
e.xb2.xa1.e_e2#branch             -5.01003e-11
e.xb2.xa1.e_e1#branch             -1.52958e-10
e.xb2.xb2.x_u4.e1#branch          -7.36594e-14
e.xb2.xb2.x_u37.e1#branch                    0
e.xb2.xb2.x_u36.e1#branch                    0
e.xb2.xb2.x_u1.e3#branch           5.32364e-12
e.xb2.xb2.x_u1.e2#branch                     0
e.xb2.xb2.x_u1.e1#branch                     0
e.xb2.xb2.e_e3#branch             -8.95283e-14
e.xb2.xb2.e_e2#branch             -5.04472e-11
e.xb2.xb2.e_e1#branch             -1.72686e-10
e.xb2.xb1.x_u4.e1#branch          -7.36594e-14
e.xb2.xb1.x_u37.e1#branch                    0
e.xb2.xb1.x_u36.e1#branch                    0
e.xb2.xb1.x_u1.e3#branch           5.32364e-12
e.xb2.xb1.x_u1.e2#branch                     0
e.xb2.xb1.x_u1.e1#branch                     0
e.xb2.xb1.e_e3#branch             -4.47337e-14
e.xb2.xb1.e_e2#branch             -5.02075e-11
e.xb2.xb1.e_e1#branch             -1.60996e-10
e.xb1.xa2.x_u4.e1#branch          -7.36594e-14
e.xb1.xa2.x_u37.e1#branch                    0
e.xb1.xa2.x_u36.e1#branch                    0
e.xb1.xa2.x_u1.e3#branch           5.32364e-12
e.xb1.xa2.x_u1.e2#branch                     0
e.xb1.xa2.x_u1.e1#branch                     0
e.xb1.xa2.e_e3#branch             -4.47946e-14
e.xb1.xa2.e_e2#branch             -5.02078e-11
e.xb1.xa2.e_e1#branch             -1.61004e-10
e.xb1.xa1.x_u4.e1#branch          -7.36594e-14
e.xb1.xa1.x_u37.e1#branch                    0
e.xb1.xa1.x_u36.e1#branch                    0
e.xb1.xa1.x_u1.e3#branch           5.32364e-12
e.xb1.xa1.x_u1.e2#branch                     0
e.xb1.xa1.x_u1.e1#branch                     0
e.xb1.xa1.e_e3#branch             -4.47337e-14
e.xb1.xa1.e_e2#branch             -5.01003e-11
e.xb1.xa1.e_e1#branch             -1.52956e-10
e.xb1.xb2.x_u4.e1#branch          -7.36594e-14
e.xb1.xb2.x_u37.e1#branch                    0
e.xb1.xb2.x_u36.e1#branch                    0
e.xb1.xb2.x_u1.e3#branch           5.32364e-12
e.xb1.xb2.x_u1.e2#branch                     0
e.xb1.xb2.x_u1.e1#branch                     0
e.xb1.xb2.e_e3#branch             -8.95283e-14
e.xb1.xb2.e_e2#branch             -5.04472e-11
e.xb1.xb2.e_e1#branch             -1.72679e-10
e.xb1.xb1.x_u4.e1#branch          -7.36594e-14
e.xb1.xb1.x_u37.e1#branch                    0
e.xb1.xb1.x_u36.e1#branch                    0
e.xb1.xb1.x_u1.e3#branch           5.32364e-12
e.xb1.xb1.x_u1.e2#branch                     0
e.xb1.xb1.x_u1.e1#branch                     0
e.xb1.xb1.e_e3#branch             -4.47337e-14
e.xb1.xb1.e_e2#branch             -5.02075e-11
e.xb1.xb1.e_e1#branch             -1.60994e-10
e.xb0.xa2.x_u4.e1#branch          -7.36594e-14
e.xb0.xa2.x_u37.e1#branch                    0
e.xb0.xa2.x_u36.e1#branch                    0
e.xb0.xa2.x_u1.e3#branch           5.32364e-12
e.xb0.xa2.x_u1.e2#branch                     0
e.xb0.xa2.x_u1.e1#branch                     0
e.xb0.xa2.e_e3#branch             -4.47946e-14
e.xb0.xa2.e_e2#branch             -5.02078e-11
e.xb0.xa2.e_e1#branch             -1.61006e-10
e.xb0.xa1.x_u4.e1#branch          -7.36594e-14
e.xb0.xa1.x_u37.e1#branch                    0
e.xb0.xa1.x_u36.e1#branch                    0
e.xb0.xa1.x_u1.e3#branch           5.32364e-12
e.xb0.xa1.x_u1.e2#branch                     0
e.xb0.xa1.x_u1.e1#branch                     0
e.xb0.xa1.e_e3#branch             -4.47337e-14
e.xb0.xa1.e_e2#branch             -5.01003e-11
e.xb0.xa1.e_e1#branch             -1.52957e-10
e.xb0.xb2.x_u4.e1#branch          -7.36594e-14
e.xb0.xb2.x_u37.e1#branch                    0
e.xb0.xb2.x_u36.e1#branch                    0
e.xb0.xb2.x_u1.e3#branch           5.32364e-12
e.xb0.xb2.x_u1.e2#branch                     0
e.xb0.xb2.x_u1.e1#branch                     0
e.xb0.xb2.e_e3#branch             -8.95283e-14
e.xb0.xb2.e_e2#branch             -5.04472e-11
e.xb0.xb2.e_e1#branch             -1.72684e-10
e.xb0.xb1.x_u4.e1#branch          -7.36594e-14
e.xb0.xb1.x_u37.e1#branch                    0
e.xb0.xb1.x_u36.e1#branch                    0
e.xb0.xb1.x_u1.e3#branch           5.32364e-12
e.xb0.xb1.x_u1.e2#branch                     0
e.xb0.xb1.x_u1.e1#branch                     0
e.xb0.xb1.e_e3#branch             -4.47337e-14
e.xb0.xb1.e_e2#branch             -5.02075e-11
e.xb0.xb1.e_e1#branch             -1.60995e-10
e.xn3.xgb.x_u4.e1#branch          -7.36598e-14
e.xn3.xgb.x_u37.e1#branch                    0
e.xn3.xgb.x_u36.e1#branch                    0
e.xn3.xgb.x_u1.e3#branch           5.32364e-12
e.xn3.xgb.x_u1.e2#branch                     0
e.xn3.xgb.x_u1.e1#branch                     0
e.xn3.xgb.e_e3#branch             -2.24603e-13
e.xn3.xgb.e_e2#branch             -5.11461e-11
e.xn3.xgb.e_e1#branch             -2.06142e-10
e.xn3.xga.x_u4.e1#branch          -7.36594e-14
e.xn3.xga.x_u37.e1#branch                    0
e.xn3.xga.x_u36.e1#branch                    0
e.xn3.xga.x_u1.e3#branch           5.32364e-12
e.xn3.xga.x_u1.e2#branch                     0
e.xn3.xga.x_u1.e1#branch                     0
e.xn3.xga.e_e3#branch              1.35111e-13
e.xn3.xga.e_e2#branch             -4.85718e-11
e.xn3.xga.e_e1#branch             -6.36357e-11
e.xn2.xgb.x_u4.e1#branch          -7.36598e-14
e.xn2.xgb.x_u37.e1#branch                    0
e.xn2.xgb.x_u36.e1#branch                    0
e.xn2.xgb.x_u1.e3#branch           5.32364e-12
e.xn2.xgb.x_u1.e2#branch                     0
e.xn2.xgb.x_u1.e1#branch                     0
e.xn2.xgb.e_e3#branch             -2.24603e-13
e.xn2.xgb.e_e2#branch             -5.11461e-11
e.xn2.xgb.e_e1#branch             -2.06143e-10
e.xn2.xga.x_u4.e1#branch          -7.36594e-14
e.xn2.xga.x_u37.e1#branch                    0
e.xn2.xga.x_u36.e1#branch                    0
e.xn2.xga.x_u1.e3#branch           5.32364e-12
e.xn2.xga.x_u1.e2#branch                     0
e.xn2.xga.x_u1.e1#branch                     0
e.xn2.xga.e_e3#branch              1.35111e-13
e.xn2.xga.e_e2#branch             -4.85717e-11
e.xn2.xga.e_e1#branch             -6.36345e-11
e.xn1.xgb.x_u4.e1#branch          -7.36598e-14
e.xn1.xgb.x_u37.e1#branch                    0
e.xn1.xgb.x_u36.e1#branch                    0
e.xn1.xgb.x_u1.e3#branch           5.32364e-12
e.xn1.xgb.x_u1.e2#branch                     0
e.xn1.xgb.x_u1.e1#branch                     0
e.xn1.xgb.e_e3#branch             -2.24603e-13
e.xn1.xgb.e_e2#branch             -5.11461e-11
e.xn1.xgb.e_e1#branch             -2.06142e-10
e.xn1.xga.x_u4.e1#branch          -7.36594e-14
e.xn1.xga.x_u37.e1#branch                    0
e.xn1.xga.x_u36.e1#branch                    0
e.xn1.xga.x_u1.e3#branch           5.32364e-12
e.xn1.xga.x_u1.e2#branch                     0
e.xn1.xga.x_u1.e1#branch                     0
e.xn1.xga.e_e3#branch              1.35111e-13
e.xn1.xga.e_e2#branch             -4.85717e-11
e.xn1.xga.e_e1#branch             -6.36349e-11
e.xn0.xgb.x_u4.e1#branch          -7.36598e-14
e.xn0.xgb.x_u37.e1#branch                    0
e.xn0.xgb.x_u36.e1#branch                    0
e.xn0.xgb.x_u1.e3#branch           5.32364e-12
e.xn0.xgb.x_u1.e2#branch                     0
e.xn0.xgb.x_u1.e1#branch                     0
e.xn0.xgb.e_e3#branch             -2.24603e-13
e.xn0.xgb.e_e2#branch             -5.11461e-11
e.xn0.xgb.e_e1#branch             -2.06141e-10
e.xn0.xga.x_u4.e1#branch          -7.36594e-14
e.xn0.xga.x_u37.e1#branch                    0
e.xn0.xga.x_u36.e1#branch                    0
e.xn0.xga.x_u1.e3#branch           5.32364e-12
e.xn0.xga.x_u1.e2#branch                     0
e.xn0.xga.x_u1.e1#branch                     0
e.xn0.xga.e_e3#branch              1.35111e-13
e.xn0.xga.e_e2#branch             -4.85718e-11
e.xn0.xga.e_e1#branch             -6.36324e-11
v.xb3.xa2.v_v_orp#branch          -4.20005e-09
v.xb3.xa2.v_v_orn#branch           4.14995e-09
v.xb3.xa2.v_v_iscp#branch         -6.89689e-08
v.xb3.xa2.v_v_iscn#branch          6.89689e-08
v.xb3.xa2.v_v_grp#branch          -2.65265e-07
v.xb3.xa2.v_v_grn#branch           2.65265e-07
v.xb3.xa2.v_vcm_min#branch         1.21121e-08
v.xb3.xa2.v_vcm_max#branch        -1.21121e-08
v.xb3.xa1.v_v_orp#branch          -4.20003e-09
v.xb3.xa1.v_v_orn#branch           4.14997e-09
v.xb3.xa1.v_v_iscp#branch         -6.89689e-08
v.xb3.xa1.v_v_iscn#branch          6.89689e-08
v.xb3.xa1.v_v_grp#branch          -2.65265e-07
v.xb3.xa1.v_v_grn#branch           2.65265e-07
v.xb3.xa1.v_vcm_min#branch         1.21121e-08
v.xb3.xa1.v_vcm_max#branch        -1.21121e-08
v.xb3.xb2.v_v_orp#branch          -4.20011e-09
v.xb3.xb2.v_v_orn#branch           4.14989e-09
v.xb3.xb2.v_v_iscp#branch         -6.89689e-08
v.xb3.xb2.v_v_iscn#branch          6.89689e-08
v.xb3.xb2.v_v_grp#branch          -2.65265e-07
v.xb3.xb2.v_v_grn#branch           2.65265e-07
v.xb3.xb2.v_vcm_min#branch         1.21121e-08
v.xb3.xb2.v_vcm_max#branch        -1.21121e-08
v.xb3.xb1.v_v_orp#branch          -4.20005e-09
v.xb3.xb1.v_v_orn#branch           4.14995e-09
v.xb3.xb1.v_v_iscp#branch         -6.89689e-08
v.xb3.xb1.v_v_iscn#branch          6.89689e-08
v.xb3.xb1.v_v_grp#branch          -2.65265e-07
v.xb3.xb1.v_v_grn#branch           2.65265e-07
v.xb3.xb1.v_vcm_min#branch         1.21121e-08
v.xb3.xb1.v_vcm_max#branch        -1.21121e-08
v.xb2.xa2.v_v_orp#branch          -4.20005e-09
v.xb2.xa2.v_v_orn#branch           4.14995e-09
v.xb2.xa2.v_v_iscp#branch         -6.89689e-08
v.xb2.xa2.v_v_iscn#branch          6.89689e-08
v.xb2.xa2.v_v_grp#branch          -2.65265e-07
v.xb2.xa2.v_v_grn#branch           2.65265e-07
v.xb2.xa2.v_vcm_min#branch         1.21121e-08
v.xb2.xa2.v_vcm_max#branch        -1.21121e-08
v.xb2.xa1.v_v_orp#branch          -4.20003e-09
v.xb2.xa1.v_v_orn#branch           4.14997e-09
v.xb2.xa1.v_v_iscp#branch         -6.89689e-08
v.xb2.xa1.v_v_iscn#branch          6.89689e-08
v.xb2.xa1.v_v_grp#branch          -2.65265e-07
v.xb2.xa1.v_v_grn#branch           2.65265e-07
v.xb2.xa1.v_vcm_min#branch         1.21121e-08
v.xb2.xa1.v_vcm_max#branch        -1.21121e-08
v.xb2.xb2.v_v_orp#branch          -4.20011e-09
v.xb2.xb2.v_v_orn#branch           4.14989e-09
v.xb2.xb2.v_v_iscp#branch         -6.89689e-08
v.xb2.xb2.v_v_iscn#branch          6.89689e-08
v.xb2.xb2.v_v_grp#branch          -2.65265e-07
v.xb2.xb2.v_v_grn#branch           2.65265e-07
v.xb2.xb2.v_vcm_min#branch         1.21121e-08
v.xb2.xb2.v_vcm_max#branch        -1.21121e-08
v.xb2.xb1.v_v_orp#branch          -4.20005e-09
v.xb2.xb1.v_v_orn#branch           4.14995e-09
v.xb2.xb1.v_v_iscp#branch         -6.89689e-08
v.xb2.xb1.v_v_iscn#branch          6.89689e-08
v.xb2.xb1.v_v_grp#branch          -2.65265e-07
v.xb2.xb1.v_v_grn#branch           2.65265e-07
v.xb2.xb1.v_vcm_min#branch         1.21121e-08
v.xb2.xb1.v_vcm_max#branch        -1.21121e-08
v.xb1.xa2.v_v_orp#branch          -4.20005e-09
v.xb1.xa2.v_v_orn#branch           4.14995e-09
v.xb1.xa2.v_v_iscp#branch         -6.89689e-08
v.xb1.xa2.v_v_iscn#branch          6.89689e-08
v.xb1.xa2.v_v_grp#branch          -2.65265e-07
v.xb1.xa2.v_v_grn#branch           2.65265e-07
v.xb1.xa2.v_vcm_min#branch         1.21121e-08
v.xb1.xa2.v_vcm_max#branch        -1.21121e-08
v.xb1.xa1.v_v_orp#branch          -4.20003e-09
v.xb1.xa1.v_v_orn#branch           4.14997e-09
v.xb1.xa1.v_v_iscp#branch         -6.89689e-08
v.xb1.xa1.v_v_iscn#branch          6.89689e-08
v.xb1.xa1.v_v_grp#branch          -2.65265e-07
v.xb1.xa1.v_v_grn#branch           2.65265e-07
v.xb1.xa1.v_vcm_min#branch         1.21121e-08
v.xb1.xa1.v_vcm_max#branch        -1.21121e-08
v.xb1.xb2.v_v_orp#branch          -4.20011e-09
v.xb1.xb2.v_v_orn#branch           4.14989e-09
v.xb1.xb2.v_v_iscp#branch         -6.89689e-08
v.xb1.xb2.v_v_iscn#branch          6.89689e-08
v.xb1.xb2.v_v_grp#branch          -2.65265e-07
v.xb1.xb2.v_v_grn#branch           2.65265e-07
v.xb1.xb2.v_vcm_min#branch         1.21121e-08
v.xb1.xb2.v_vcm_max#branch        -1.21121e-08
v.xb1.xb1.v_v_orp#branch          -4.20005e-09
v.xb1.xb1.v_v_orn#branch           4.14995e-09
v.xb1.xb1.v_v_iscp#branch         -6.89689e-08
v.xb1.xb1.v_v_iscn#branch          6.89689e-08
v.xb1.xb1.v_v_grp#branch          -2.65265e-07
v.xb1.xb1.v_v_grn#branch           2.65265e-07
v.xb1.xb1.v_vcm_min#branch         1.21121e-08
v.xb1.xb1.v_vcm_max#branch        -1.21121e-08
v.xb0.xa2.v_v_orp#branch          -4.20005e-09
v.xb0.xa2.v_v_orn#branch           4.14995e-09
v.xb0.xa2.v_v_iscp#branch         -6.89689e-08
v.xb0.xa2.v_v_iscn#branch          6.89689e-08
v.xb0.xa2.v_v_grp#branch          -2.65265e-07
v.xb0.xa2.v_v_grn#branch           2.65265e-07
v.xb0.xa2.v_vcm_min#branch         1.21121e-08
v.xb0.xa2.v_vcm_max#branch        -1.21121e-08
v.xb0.xa1.v_v_orp#branch          -4.20003e-09
v.xb0.xa1.v_v_orn#branch           4.14997e-09
v.xb0.xa1.v_v_iscp#branch         -6.89689e-08
v.xb0.xa1.v_v_iscn#branch          6.89689e-08
v.xb0.xa1.v_v_grp#branch          -2.65265e-07
v.xb0.xa1.v_v_grn#branch           2.65265e-07
v.xb0.xa1.v_vcm_min#branch         1.21121e-08
v.xb0.xa1.v_vcm_max#branch        -1.21121e-08
v.xb0.xb2.v_v_orp#branch          -4.20011e-09
v.xb0.xb2.v_v_orn#branch           4.14989e-09
v.xb0.xb2.v_v_iscp#branch         -6.89689e-08
v.xb0.xb2.v_v_iscn#branch          6.89689e-08
v.xb0.xb2.v_v_grp#branch          -2.65265e-07
v.xb0.xb2.v_v_grn#branch           2.65265e-07
v.xb0.xb2.v_vcm_min#branch         1.21121e-08
v.xb0.xb2.v_vcm_max#branch        -1.21121e-08
v.xb0.xb1.v_v_orp#branch          -4.20005e-09
v.xb0.xb1.v_v_orn#branch           4.14995e-09
v.xb0.xb1.v_v_iscp#branch         -6.89689e-08
v.xb0.xb1.v_v_iscn#branch          6.89689e-08
v.xb0.xb1.v_v_grp#branch          -2.65265e-07
v.xb0.xb1.v_v_grn#branch           2.65265e-07
v.xb0.xb1.v_vcm_min#branch         1.21121e-08
v.xb0.xb1.v_vcm_max#branch        -1.21121e-08
v.xn3.xgb.v_v_orp#branch          -4.20029e-09
v.xn3.xgb.v_v_orn#branch           4.14971e-09
v.xn3.xgb.v_v_iscp#branch         -6.89689e-08
v.xn3.xgb.v_v_iscn#branch          6.89689e-08
v.xn3.xgb.v_v_grp#branch          -2.65265e-07
v.xn3.xgb.v_v_grn#branch           2.65265e-07
v.xn3.xgb.v_vcm_min#branch         1.21121e-08
v.xn3.xgb.v_vcm_max#branch        -1.21121e-08
v.xn3.xga.v_v_orp#branch          -4.19964e-09
v.xn3.xga.v_v_orn#branch           4.15036e-09
v.xn3.xga.v_v_iscp#branch         -6.89689e-08
v.xn3.xga.v_v_iscn#branch          6.89689e-08
v.xn3.xga.v_v_grp#branch          -2.65265e-07
v.xn3.xga.v_v_grn#branch           2.65265e-07
v.xn3.xga.v_vcm_min#branch         1.21121e-08
v.xn3.xga.v_vcm_max#branch        -1.21121e-08
v.xn2.xgb.v_v_orp#branch          -4.20029e-09
v.xn2.xgb.v_v_orn#branch           4.14971e-09
v.xn2.xgb.v_v_iscp#branch         -6.89689e-08
v.xn2.xgb.v_v_iscn#branch          6.89689e-08
v.xn2.xgb.v_v_grp#branch          -2.65265e-07
v.xn2.xgb.v_v_grn#branch           2.65265e-07
v.xn2.xgb.v_vcm_min#branch         1.21121e-08
v.xn2.xgb.v_vcm_max#branch        -1.21121e-08
v.xn2.xga.v_v_orp#branch          -4.19964e-09
v.xn2.xga.v_v_orn#branch           4.15036e-09
v.xn2.xga.v_v_iscp#branch         -6.89689e-08
v.xn2.xga.v_v_iscn#branch          6.89689e-08
v.xn2.xga.v_v_grp#branch          -2.65265e-07
v.xn2.xga.v_v_grn#branch           2.65265e-07
v.xn2.xga.v_vcm_min#branch         1.21121e-08
v.xn2.xga.v_vcm_max#branch        -1.21121e-08
v.xn1.xgb.v_v_orp#branch          -4.20029e-09
v.xn1.xgb.v_v_orn#branch           4.14971e-09
v.xn1.xgb.v_v_iscp#branch         -6.89689e-08
v.xn1.xgb.v_v_iscn#branch          6.89689e-08
v.xn1.xgb.v_v_grp#branch          -2.65265e-07
v.xn1.xgb.v_v_grn#branch           2.65265e-07
v.xn1.xgb.v_vcm_min#branch         1.21121e-08
v.xn1.xgb.v_vcm_max#branch        -1.21121e-08
v.xn1.xga.v_v_orp#branch          -4.19964e-09
v.xn1.xga.v_v_orn#branch           4.15036e-09
v.xn1.xga.v_v_iscp#branch         -6.89689e-08
v.xn1.xga.v_v_iscn#branch          6.89689e-08
v.xn1.xga.v_v_grp#branch          -2.65265e-07
v.xn1.xga.v_v_grn#branch           2.65265e-07
v.xn1.xga.v_vcm_min#branch         1.21121e-08
v.xn1.xga.v_vcm_max#branch        -1.21121e-08
v.xn0.xgb.v_v_orp#branch          -4.20029e-09
v.xn0.xgb.v_v_orn#branch           4.14971e-09
v.xn0.xgb.v_v_iscp#branch         -6.89689e-08
v.xn0.xgb.v_v_iscn#branch          6.89689e-08
v.xn0.xgb.v_v_grp#branch          -2.65265e-07
v.xn0.xgb.v_v_grn#branch           2.65265e-07
v.xn0.xgb.v_vcm_min#branch         1.21121e-08
v.xn0.xgb.v_vcm_max#branch        -1.21121e-08
v.xn0.xga.v_v_orp#branch          -4.19964e-09
v.xn0.xga.v_v_orn#branch           4.15036e-09
v.xn0.xga.v_v_iscp#branch         -6.89689e-08
v.xn0.xga.v_v_iscn#branch          6.89689e-08
v.xn0.xga.v_v_grp#branch          -2.65265e-07
v.xn0.xga.v_v_grn#branch           2.65265e-07
v.xn0.xga.v_vcm_min#branch         1.21121e-08
v.xn0.xga.v_vcm_max#branch        -1.21121e-08
vee#branch                           0.0240003
vcc#branch                          -0.0240003
a.xb3.xa2.x_u19.ag1#branch_1_0    -3.52741e-14
a.xb3.xa2.x_u18.ag1#branch_1_0    -2.56177e-14
a.xb3.xa1.x_u19.ag1#branch_1_0    -3.52742e-14
a.xb3.xa1.x_u18.ag1#branch_1_0    -2.56175e-14
a.xb3.xb2.x_u19.ag1#branch_1_0    -3.52739e-14
a.xb3.xb2.x_u18.ag1#branch_1_0    -2.56179e-14
a.xb3.xb1.x_u19.ag1#branch_1_0    -3.52741e-14
a.xb3.xb1.x_u18.ag1#branch_1_0    -2.56177e-14
a.xb2.xa2.x_u19.ag1#branch_1_0    -3.52741e-14
a.xb2.xa2.x_u18.ag1#branch_1_0    -2.56177e-14
a.xb2.xa1.x_u19.ag1#branch_1_0    -3.52742e-14
a.xb2.xa1.x_u18.ag1#branch_1_0    -2.56175e-14
a.xb2.xb2.x_u19.ag1#branch_1_0    -3.52739e-14
a.xb2.xb2.x_u18.ag1#branch_1_0    -2.56179e-14
a.xb2.xb1.x_u19.ag1#branch_1_0    -3.52741e-14
a.xb2.xb1.x_u18.ag1#branch_1_0    -2.56177e-14
a.xb1.xa2.x_u19.ag1#branch_1_0    -3.52741e-14
a.xb1.xa2.x_u18.ag1#branch_1_0    -2.56177e-14
a.xb1.xa1.x_u19.ag1#branch_1_0    -3.52742e-14
a.xb1.xa1.x_u18.ag1#branch_1_0    -2.56175e-14
a.xb1.xb2.x_u19.ag1#branch_1_0    -3.52739e-14
a.xb1.xb2.x_u18.ag1#branch_1_0    -2.56179e-14
a.xb1.xb1.x_u19.ag1#branch_1_0    -3.52741e-14
a.xb1.xb1.x_u18.ag1#branch_1_0    -2.56177e-14
a.xb0.xa2.x_u19.ag1#branch_1_0    -3.52741e-14
a.xb0.xa2.x_u18.ag1#branch_1_0    -2.56177e-14
a.xb0.xa1.x_u19.ag1#branch_1_0    -3.52742e-14
a.xb0.xa1.x_u18.ag1#branch_1_0    -2.56175e-14
a.xb0.xb2.x_u19.ag1#branch_1_0    -3.52739e-14
a.xb0.xb2.x_u18.ag1#branch_1_0    -2.56179e-14
a.xb0.xb1.x_u19.ag1#branch_1_0    -3.52741e-14
a.xb0.xb1.x_u18.ag1#branch_1_0    -2.56177e-14
a.xn3.xgb.x_u19.ag1#branch_1_0    -3.52733e-14
a.xn3.xgb.x_u18.ag1#branch_1_0    -2.56184e-14
a.xn3.xga.x_u19.ag1#branch_1_0    -3.52759e-14
a.xn3.xga.x_u18.ag1#branch_1_0    -2.56159e-14
a.xn2.xgb.x_u19.ag1#branch_1_0    -3.52733e-14
a.xn2.xgb.x_u18.ag1#branch_1_0    -2.56184e-14
a.xn2.xga.x_u19.ag1#branch_1_0    -3.52759e-14
a.xn2.xga.x_u18.ag1#branch_1_0    -2.56159e-14
a.xn1.xgb.x_u19.ag1#branch_1_0    -3.52733e-14
a.xn1.xgb.x_u18.ag1#branch_1_0    -2.56184e-14
a.xn1.xga.x_u19.ag1#branch_1_0    -3.52759e-14
a.xn1.xga.x_u18.ag1#branch_1_0    -2.56159e-14
a.xn0.xgb.x_u19.ag1#branch_1_0    -3.52733e-14
a.xn0.xgb.x_u18.ag1#branch_1_0    -2.56184e-14
a.xn0.xga.x_u19.ag1#branch_1_0    -3.52759e-14
a.xn0.xga.x_u18.ag1#branch_1_0    -2.56159e-14

 Reference value :  1.60000e-08 Reference value :  5.39790e-06 Reference value :  5.74856e-06 Reference value :  6.27544e-06 Reference value :  6.29974e-06 Reference value :  6.36933e-06 Reference value :  6.38426e-06 Reference value :  6.38508e-06 Reference value :  6.47727e-06 Reference value :  6.48014e-06 Reference value :  6.48195e-06 Reference value :  6.49513e-06 Reference value :  6.49658e-06 Reference value :  6.53815e-06 Reference value :  6.56284e-06 Reference value :  6.58095e-06 Reference value :  6.58137e-06 Reference value :  6.61543e-06 Reference value :  6.62023e-06 Reference value :  6.69947e-06 Reference value :  6.70470e-06 Reference value :  6.79401e-06 Reference value :  6.94487e-06 Reference value :  1.68573e-05 Reference value :  1.70797e-05 Reference value :  1.72685e-05 Reference value :  1.73891e-05 Reference value :  1.78114e-05 Reference value :  1.79631e-05 Reference value :  1.80354e-05 Reference value :  1.82831e-05 Reference value :  1.84161e-05 Reference value :  1.91644e-05 Reference value :  1.92785e-05 Reference value :  1.98689e-05 Reference value :  1.99405e-05 Reference value :  1.99429e-05 Reference value :  1.99524e-05 Reference value :  1.99552e-05 Reference value :  1.99681e-05 Reference value :  1.99819e-05 Reference value :  1.99837e-05 Reference value :  2.00213e-05 Reference value :  2.00344e-05 Reference value :  2.00369e-05 Reference value :  2.00554e-05 Reference value :  2.00595e-05 Reference value :  2.00737e-05 Reference value :  2.00751e-05 Reference value :  2.00757e-05 Reference value :  2.02155e-05 Reference value :  2.02842e-05 Reference value :  2.82653e-05 Reference value :  2.94899e-05 Reference value :  2.96105e-05 Reference value :  2.99508e-05 Reference value :  3.01522e-05 Reference value :  3.03885e-05 Reference value :  3.12709e-05 Reference value :  3.19528e-05 Reference value :  3.19583e-05 Reference value :  3.19636e-05 Reference value :  3.19669e-05 Reference value :  3.19676e-05 Reference value :  3.19693e-05 Reference value :  3.19700e-05 Reference value :  3.19700e-05 Reference value :  3.19711e-05 Reference value :  3.20406e-05 Reference value :  3.20440e-05 Reference value :  3.20453e-05 Reference value :  3.20460e-05 Reference value :  3.20485e-05 Reference value :  3.20489e-05 Reference value :  3.20512e-05 Reference value :  3.20521e-05 Reference value :  3.21929e-05 Reference value :  3.24880e-05 Reference value :  3.40841e-05 Reference value :  3.41206e-05 Reference value :  3.41231e-05 Reference value :  3.41259e-05 Reference value :  3.41272e-05 Reference value :  3.41278e-05 Reference value :  3.42255e-05 Reference value :  3.42273e-05 Reference value :  3.42574e-05 Reference value :  3.42607e-05 Reference value :  3.43455e-05 Reference value :  3.44762e-05 Reference value :  3.66752e-05 Reference value :  3.69336e-05 Reference value :  3.72394e-05 Reference value :  3.82181e-05 Reference value :  4.11057e-05 Reference value :  4.11753e-05 Reference value :  4.12596e-05 Reference value :  4.14840e-05 Reference value :  4.17063e-05 Reference value :  4.17416e-05 Reference value :  4.19334e-05 Reference value :  4.27969e-05 Reference value :  4.28902e-05 Reference value :  4.34387e-05 Reference value :  4.34437e-05 Reference value :  4.34535e-05 Reference value :  4.34551e-05 Reference value :  4.34699e-05 Reference value :  4.34740e-05 Reference value :  4.34950e-05 Reference value :  4.34957e-05 Reference value :  4.35574e-05 Reference value :  4.35682e-05 Reference value :  4.35695e-05 Reference value :  4.35782e-05 Reference value :  4.35801e-05 Reference value :  4.35804e-05 Reference value :  4.35951e-05 Reference value :  4.35987e-05 Reference value :  4.36170e-05 Reference value :  4.36178e-05 Reference value :  4.36183e-05 Reference value :  4.36183e-05 Reference value :  4.37137e-05 Reference value :  4.38107e-05 Reference value :  4.42886e-05 Reference value :  4.45061e-05 Reference value :  4.45125e-05 Reference value :  4.45187e-05 Reference value :  4.45348e-05 Reference value :  4.45353e-05 Reference value :  4.45500e-05 Reference value :  4.45510e-05 Reference value :  4.45690e-05 Reference value :  4.45792e-05 Reference value :  4.47480e-05 Reference value :  4.48491e-05 Reference value :  4.92201e-05 Reference value :  4.92674e-05 Reference value :  4.93790e-05 Reference value :  4.94323e-05 Reference value :  4.98372e-05 Reference value :  5.26108e-05 Reference value :  5.27207e-05 Reference value :  5.27535e-05 Reference value :  5.29745e-05 Reference value :  5.31427e-05 Reference value :  5.31722e-05 Reference value :  5.33591e-05 Reference value :  5.41286e-05 Reference value :  5.43082e-05 Reference value :  5.48556e-05 Reference value :  5.48563e-05 Reference value :  5.48727e-05 Reference value :  5.48743e-05 Reference value :  5.48756e-05 Reference value :  5.48965e-05 Reference value :  5.48989e-05 Reference value :  5.49910e-05 Reference value :  5.49940e-05 Reference value :  5.49953e-05 Reference value :  5.50130e-05 Reference value :  5.50144e-05 Reference value :  5.50152e-05 Reference value :  5.50152e-05 Reference value :  5.50152e-05 Reference value :  5.50335e-05 Reference value :  5.50380e-05 Reference value :  5.50649e-05 Reference value :  5.51583e-05 Reference value :  5.53424e-05 Reference value :  5.55746e-05 Reference value :  5.55863e-05 Reference value :  5.55920e-05 Reference value :  5.55943e-05 Reference value :  5.55952e-05 Reference value :  5.55964e-05 Reference value :  5.56014e-05 Reference value :  5.58120e-05 Reference value :  6.10224e-05 Reference value :  6.10625e-05 Reference value :  6.11176e-05 Reference value :  6.11526e-05 Reference value :  6.15479e-05 Reference value :  6.40473e-05 Reference value :  6.41263e-05 Reference value :  6.41423e-05 Reference value :  6.45290e-05 Reference value :  6.45397e-05 Reference value :  6.47492e-05 Reference value :  6.56370e-05 Reference value :  6.61950e-05 Reference value :  6.62383e-05 Reference value :  6.62399e-05 Reference value :  6.62460e-05 Reference value :  6.62474e-05 Reference value :  6.62495e-05 Reference value :  6.63750e-05 Reference value :  6.63934e-05 Reference value :  6.63939e-05 Reference value :  6.64003e-05 Reference value :  6.64009e-05 Reference value :  6.64025e-05 Reference value :  6.64053e-05 Reference value :  6.64062e-05 Reference value :  6.65288e-05 Reference value :  6.67699e-05 Reference value :  6.67926e-05 Reference value :  6.67938e-05 Reference value :  6.67997e-05 Reference value :  6.68007e-05 Reference value :  6.68086e-05 Reference value :  6.69250e-05 Reference value :  7.23596e-05 Reference value :  7.26356e-05 Reference value :  7.26630e-05 Reference value :  7.29569e-05 Reference value :  7.46536e-05 Reference value :  7.54520e-05 Reference value :  7.55181e-05 Reference value :  7.57382e-05 Reference value :  7.59020e-05 Reference value :  7.59160e-05 Reference value :  7.65165e-05 Reference value :  7.73677e-05 Reference value :  7.76036e-05 Reference value :  7.76066e-05 Reference value :  7.76079e-05 Reference value :  7.76153e-05 Reference value :  7.76165e-05 Reference value :  7.76183e-05 Reference value :  7.77634e-05 Reference value :  7.77644e-05 Reference value :  7.77716e-05 Reference value :  7.77719e-05 Reference value :  7.77734e-05 Reference value :  7.77741e-05 Reference value :  7.77741e-05 Reference value :  7.77741e-05 Reference value :  7.77741e-05 Reference value :  7.78705e-05 Reference value :  7.80768e-05 Reference value :  7.80801e-05 Reference value :  7.80813e-05 Reference value :  7.80975e-05 Reference value :  7.80978e-05 Reference value :  7.83014e-05 Reference value :  8.38830e-05 Reference value :  8.39952e-05 Reference value :  8.40940e-05 Reference value :  8.41069e-05 Reference value :  8.44850e-05 Reference value :  8.67701e-05 Reference value :  8.68696e-05 Reference value :  8.68940e-05 Reference value :  8.72160e-05 Reference value :  8.72635e-05 Reference value :  8.73637e-05 Reference value :  8.80696e-05 Reference value :  8.86141e-05 Reference value :  8.89531e-05 Reference value :  8.89540e-05 Reference value :  8.89581e-05 Reference value :  8.89597e-05 Reference value :  8.89674e-05 Reference value :  8.89683e-05 Reference value :  8.89702e-05 Reference value :  8.91003e-05 Reference value :  8.91187e-05 Reference value :  8.91195e-05 Reference value :  8.91238e-05 Reference value :  8.91248e-05 Reference value :  8.91322e-05 Reference value :  8.91325e-05 Reference value :  8.91328e-05 Reference value :  8.91347e-05 Reference value :  8.92062e-05 Reference value :  8.93478e-05 Reference value :  8.93933e-05 Reference value :  8.93980e-05 Reference value :  8.94036e-05 Reference value :  8.94049e-05 Reference value :  8.94062e-05 Reference value :  8.96316e-05 Reference value :  9.54022e-05 Reference value :  9.54879e-05 Reference value :  9.55066e-05 Reference value :  9.57978e-05 Reference value :  9.79223e-05 Reference value :  9.81576e-05 Reference value :  9.82355e-05 Reference value :  9.82700e-05 Reference value :  9.85783e-05 Reference value :  9.86219e-05 Reference value :  9.88370e-05 Reference value :  9.97632e-05 Reference value :  1.00306e-04 Reference value :  1.00315e-04 Reference value :  1.00318e-04 Reference value :  1.00320e-04 Reference value :  1.00322e-04 Reference value :  1.00323e-04 Reference value :  1.00325e-04 Reference value :  1.00478e-04 Reference value :  1.00478e-04 Reference value :  1.00482e-04 Reference value :  1.00482e-04 Reference value :  1.00484e-04 Reference value :  1.00485e-04 Reference value :  1.00487e-04 Reference value :  1.00488e-04 Reference value :  1.00488e-04 Reference value :  1.00488e-04 Reference value :  1.00488e-04 Reference value :  1.00488e-04 Reference value :  1.00488e-04 Reference value :  1.00488e-04 Reference value :  1.00496e-04 Reference value :  1.00620e-04 Reference value :  1.00733e-04 Reference value :  1.00735e-04 Reference value :  1.00735e-04 Reference value :  1.00967e-04 Reference value :  1.06780e-04 Reference value :  1.06869e-04 Reference value :  1.06881e-04 Reference value :  1.07372e-04 Reference value :  1.09283e-04 Reference value :  1.09585e-04 Reference value :  1.09922e-04 Reference value :  1.09971e-04 Reference value :  1.10171e-04 Reference value :  1.11067e-04 Reference value :  1.11637e-04 Reference value :  1.11664e-04 Reference value :  1.11665e-04 Reference value :  1.11667e-04 Reference value :  1.11668e-04 Reference value :  1.11816e-04 Reference value :  1.11833e-04 Reference value :  1.11834e-04 Reference value :  1.11835e-04 Reference value :  1.11835e-04 Reference value :  1.11836e-04 Reference value :  1.11836e-04 Reference value :  1.11850e-04 Reference value :  1.12017e-04 Reference value :  1.12065e-04 Reference value :  1.12067e-04 Reference value :  1.12068e-04 Reference value :  1.12071e-04 Reference value :  1.12074e-04 Reference value :  1.12249e-04 Reference value :  1.17793e-04 Reference value :  1.18159e-04 Reference value :  1.18238e-04 Reference value :  1.18756e-04 Reference value :  1.20843e-04 Reference value :  1.20936e-04 Reference value :  1.20952e-04 Reference value :  1.21292e-04 Reference value :  1.21324e-04 Reference value :  1.21588e-04 Reference value :  1.22502e-04 Reference value :  1.23010e-04 Reference value :  1.23018e-04 Reference value :  1.23019e-04 Reference value :  1.23023e-04 Reference value :  1.23025e-04 Reference value :  1.23181e-04 Reference value :  1.23183e-04 Reference value :  1.23183e-04 Reference value :  1.23186e-04 Reference value :  1.23188e-04 Reference value :  1.23276e-04 Reference value :  1.23411e-04 Reference value :  1.23413e-04 Reference value :  1.23414e-04 Reference value :  1.23414e-04 Reference value :  1.23414e-04 Reference value :  1.23414e-04 Reference value :  1.23415e-04 Reference value :  1.23415e-04 Reference value :  1.23418e-04 Reference value :  1.23419e-04 Reference value :  1.23419e-04 Reference value :  1.23420e-04 Reference value :  1.23652e-04 Reference value :  1.29484e-04 Reference value :  1.29594e-04 Reference value :  1.29902e-04 Reference value :  1.31884e-04 Reference value :  1.32266e-04 Reference value :  1.32289e-04 Reference value :  1.32628e-04 Reference value :  1.32675e-04 Reference value :  1.33148e-04 Reference value :  1.34149e-04 Reference value :  1.34338e-04 Reference value :  1.34364e-04 Reference value :  1.34365e-04 Reference value :  1.34367e-04 Reference value :  1.34368e-04 Reference value :  1.34526e-04 Reference value :  1.34532e-04 Reference value :  1.34533e-04 Reference value :  1.34536e-04 Reference value :  1.34537e-04 Reference value :  1.34634e-04 Reference value :  1.34744e-04 Reference value :  1.34757e-04 Reference value :  1.34758e-04 Reference value :  1.34759e-04 Reference value :  1.34760e-04 Reference value :  1.34760e-04 Reference value :  1.35009e-04 Reference value :  1.40841e-04 Reference value :  1.40915e-04 Reference value :  1.40947e-04 Reference value :  1.41325e-04 Reference value :  1.43430e-04 Reference value :  1.43614e-04 Reference value :  1.43649e-04 Reference value :  1.43971e-04 Reference value :  1.44022e-04 Reference value :  1.44582e-04 Reference value :  1.45500e-04 Reference value :  1.45716e-04 Reference value :  1.45719e-04 Reference value :  1.45720e-04 Reference value :  1.45882e-04 Reference value :  1.45883e-04 Reference value :  1.45884e-04 Reference value :  1.45939e-04 Reference value :  1.46087e-04 Reference value :  1.46107e-04 Reference value :  1.46108e-04 Reference value :  1.46109e-04 Reference value :  1.46110e-04 Reference value :  1.46110e-04 Reference value :  1.46110e-04 Reference value :  1.46310e-04 Reference value :  1.52195e-04 Reference value :  1.52274e-04 Reference value :  1.52304e-04 Reference value :  1.52991e-04 Reference value :  1.54910e-04 Reference value :  1.54984e-04 Reference value :  1.55325e-04 Reference value :  1.55575e-04 Reference value :  1.56472e-04 Reference value :  1.57060e-04 Reference value :  1.57062e-04 Reference value :  1.57063e-04 Reference value :  1.57064e-04 Reference value :  1.57231e-04 Reference value :  1.57232e-04 Reference value :  1.57233e-04 Reference value :  1.57233e-04 Reference value :  1.57233e-04 Reference value :  1.57233e-04 Reference value :  1.57325e-04 Reference value :  1.57446e-04 Reference value :  1.57451e-04 Reference value :  1.57452e-04 Reference value :  1.57453e-04 Reference value :  1.57453e-04 Reference value :  1.57454e-04 Reference value :  1.57454e-04 Reference value :  1.57454e-04 Reference value :  1.57454e-04 Reference value :  1.57454e-04 Reference value :  1.57490e-04 Reference value :  1.63569e-04 Reference value :  1.63648e-04 Reference value :  1.64149e-04 Reference value :  1.66162e-04 Reference value :  1.66337e-04 Reference value :  1.66671e-04 Reference value :  1.66720e-04 Reference value :  1.67640e-04 Reference value :  1.68384e-04 Reference value :  1.68415e-04 Reference value :  1.68416e-04 Reference value :  1.68418e-04 Reference value :  1.68579e-04 Reference value :  1.68580e-04 Reference value :  1.68580e-04 Reference value :  1.68581e-04 Reference value :  1.68581e-04 Reference value :  1.68582e-04 Reference value :  1.68582e-04 Reference value :  1.68582e-04 Reference value :  1.68582e-04 Reference value :  1.68582e-04 Reference value :  1.68582e-04 Reference value :  1.68675e-04 Reference value :  1.68795e-04 Reference value :  1.68803e-04 Reference value :  1.68804e-04 Reference value :  1.68804e-04 Reference value :  1.68804e-04 Reference value :  1.68805e-04 Reference value :  1.68805e-04 Reference value :  1.69844e-04 Reference value :  1.74917e-04 Reference value :  1.74997e-04 Reference value :  1.75452e-04 Reference value :  1.77606e-04 Reference value :  1.77681e-04 Reference value :  1.78021e-04 Reference value :  1.78264e-04 Reference value :  1.79038e-04 Reference value :  1.79712e-04 Reference value :  1.79758e-04 Reference value :  1.79759e-04 Reference value :  1.79760e-04 Reference value :  1.79761e-04 Reference value :  1.79928e-04 Reference value :  1.79929e-04 Reference value :  1.79929e-04 Reference value :  1.79929e-04 Reference value :  1.79929e-04 Reference value :  1.79930e-04 Reference value :  1.79930e-04 Reference value :  1.79930e-04 Reference value :  1.79930e-04 Reference value :  1.79930e-04 Reference value :  1.79930e-04 Reference value :  1.80016e-04 Reference value :  1.80143e-04 Reference value :  1.80148e-04 Reference value :  1.80149e-04 Reference value :  1.80149e-04 Reference value :  1.80149e-04 Reference value :  1.80149e-04 Reference value :  1.80149e-04 Reference value :  1.80149e-04 Reference value :  1.80155e-04 Reference value :  1.80540e-04 Reference value :  1.86258e-04 Reference value :  1.86344e-04 Reference value :  1.86730e-04 Reference value :  1.88621e-04 Reference value :  1.89043e-04 Reference value :  1.89404e-04 Reference value :  1.89440e-04 Reference value :  1.90512e-04 Reference value :  1.91090e-04 Reference value :  1.91112e-04 Reference value :  1.91113e-04 Reference value :  1.91114e-04 Reference value :  1.91274e-04 Reference value :  1.91278e-04 Reference value :  1.91278e-04 Reference value :  1.91278e-04 Reference value :  1.91278e-04 Reference value :  1.91348e-04 Reference value :  1.91485e-04 Reference value :  1.91499e-04 Reference value :  1.91500e-04 Reference value :  1.91500e-04 Reference value :  1.91501e-04 Reference value :  1.91501e-04 Reference value :  1.91501e-04 Reference value :  1.91501e-04 Reference value :  1.91501e-04 Reference value :  1.91501e-04 Reference value :  1.91501e-04 Reference value :  1.91501e-04 Reference value :  1.91501e-04 Reference value :  1.91501e-04 Reference value :  1.91501e-04 Reference value :  1.91501e-04 Reference value :  1.91533e-04 Reference value :  1.97279e-04 Reference value :  1.97708e-04 Reference value :  1.98360e-04 Reference value :  2.00337e-04 Reference value :  2.00586e-04 Reference value :  2.00763e-04 Reference value :  2.00829e-04 Reference value :  2.01767e-04 Reference value :  2.02421e-04 Reference value :  2.02456e-04 Reference value :  2.02456e-04 Reference value :  2.02457e-04 Reference value :  2.02618e-04 Reference value :  2.02625e-04 Reference value :  2.02625e-04 Reference value :  2.02626e-04 Reference value :  2.02627e-04 Reference value :  2.02627e-04 Reference value :  2.02627e-04 Reference value :  2.02627e-04 Reference value :  2.02671e-04 Reference value :  2.02822e-04 Reference value :  2.02843e-04 Reference value :  2.02845e-04 Reference value :  2.02845e-04 Reference value :  2.02845e-04 Reference value :  2.02845e-04 Reference value :  2.02845e-04 Reference value :  2.02845e-04 Reference value :  2.02846e-04 Reference value :  2.02853e-04 Reference value :  2.03262e-04 Reference value :  2.08942e-04 Reference value :  2.09040e-04 Reference value :  2.09413e-04 Reference value :  2.11311e-04 Reference value :  2.11729e-04 Reference value :  2.12024e-04 Reference value :  2.12120e-04 Reference value :  2.12840e-04 Reference value :  2.13686e-04 Reference value :  2.13797e-04 Reference value :  2.13809e-04 Reference value :  2.13810e-04 Reference value :  2.13810e-04 Reference value :  2.13972e-04 Reference value :  2.13973e-04 Reference value :  2.13974e-04 Reference value :  2.13975e-04 Reference value :  2.13975e-04 Reference value :  2.13975e-04 Reference value :  2.13975e-04 Reference value :  2.13975e-04 Reference value :  2.14083e-04 Reference value :  2.14188e-04 Reference value :  2.14197e-04 Reference value :  2.14198e-04 Reference value :  2.14198e-04 Reference value :  2.14198e-04 Reference value :  2.14198e-04 Reference value :  2.14198e-04 Reference value :  2.14203e-04 Reference value :  2.14735e-04 Reference value :  2.20294e-04 Reference value :  2.20388e-04 Reference value :  2.20771e-04 Reference value :  2.22833e-04 Reference value :  2.23050e-04 Reference value :  2.23275e-04 Reference value :  2.23459e-04 Reference value :  2.23672e-04 Reference value :  2.24577e-04 Reference value :  2.25143e-04 Reference value :  2.25152e-04 Reference value :  2.25154e-04 Reference value :  2.25315e-04 Reference value :  2.25322e-04 Reference value :  2.25323e-04 Reference value :  2.25323e-04 Reference value :  2.25323e-04 Reference value :  2.25323e-04 Reference value :  2.25423e-04 Reference value :  2.25539e-04 Reference value :  2.25542e-04 Reference value :  2.25543e-04 Reference value :  2.25543e-04 Reference value :  2.25543e-04 Reference value :  2.25543e-04 Reference value :  2.25585e-04 Reference value :  2.31308e-04 Reference value :  2.31658e-04 Reference value :  2.31958e-04 Reference value :  2.33113e-04 Reference value :  2.34324e-04 Reference value :  2.34427e-04 Reference value :  2.34760e-04 Reference value :  2.34820e-04 Reference value :  2.35537e-04 Reference value :  2.36400e-04 Reference value :  2.36504e-04 Reference value :  2.36506e-04 Reference value :  2.36507e-04 Reference value :  2.36648e-04 Reference value :  2.36671e-04 Reference value :  2.36671e-04 Reference value :  2.36671e-04 Reference value :  2.36671e-04 Reference value :  2.36672e-04 Reference value :  2.36708e-04 Reference value :  2.36883e-04 Reference value :  2.36894e-04 Reference value :  2.36895e-04 Reference value :  2.36895e-04 Reference value :  2.36895e-04 Reference value :  2.36895e-04 Reference value :  2.36895e-04 Reference value :  2.37144e-04 Reference value :  2.42953e-04 Reference value :  2.43421e-04 Reference value :  2.45475e-04 Reference value :  2.45773e-04 Reference value :  2.46113e-04 Reference value :  2.46304e-04 Reference value :  2.47256e-04 Reference value :  2.47819e-04 Reference value :  2.47850e-04 Reference value :  2.47851e-04 Reference value :  2.47874e-04 Reference value :  2.48017e-04 Reference value :  2.48019e-04 Reference value :  2.48020e-04 Reference value :  2.48020e-04 Reference value :  2.48020e-04 Reference value :  2.48020e-04 Reference value :  2.48020e-04 Reference value :  2.48159e-04 Reference value :  2.48236e-04 Reference value :  2.48239e-04 Reference value :  2.48239e-04 Reference value :  2.48239e-04 Reference value :  2.48240e-04 Reference value :  2.48266e-04 Reference value :  2.54021e-04 Reference value :  2.54436e-04 Reference value :  2.54967e-04 Reference value :  2.57021e-04 Reference value :  2.57056e-04 Reference value :  2.57328e-04 Reference value :  2.57504e-04 Reference value :  2.57717e-04 Reference value :  2.58627e-04 Reference value :  2.59203e-04 Reference value :  2.59204e-04 Reference value :  2.59204e-04 Reference value :  2.59366e-04 Reference value :  2.59368e-04 Reference value :  2.59369e-04 Reference value :  2.59369e-04 Reference value :  2.59369e-04 Reference value :  2.59369e-04 Reference value :  2.59417e-04 Reference value :  2.59572e-04 Reference value :  2.59589e-04 Reference value :  2.59590e-04 Reference value :  2.59591e-04 Reference value :  2.59591e-04 Reference value :  2.59591e-04 Reference value :  2.59591e-04 Reference value :  2.59594e-04 Reference value :  2.60246e-04 Reference value :  2.65682e-04 Reference value :  2.65999e-04 Reference value :  2.67193e-04 Reference value :  2.68466e-04 Reference value :  2.68803e-04 Reference value :  2.69049e-04 Reference value :  2.69960e-04 Reference value :  2.70540e-04 Reference value :  2.70546e-04 Reference value :  2.70548e-04 Reference value :  2.70706e-04 Reference value :  2.70716e-04 Reference value :  2.70717e-04 Reference value :  2.70717e-04 Reference value :  2.70717e-04 Reference value :  2.70717e-04 Reference value :  2.70717e-04 Reference value :  2.70717e-04 Reference value :  2.70804e-04 Reference value :  2.70927e-04 Reference value :  2.70935e-04 Reference value :  2.70936e-04 Reference value :  2.70936e-04 Reference value :  2.70936e-04 Reference value :  2.70936e-04 Reference value :  2.70937e-04 Reference value :  2.70970e-04 Reference value :  2.76910e-04 Reference value :  2.77133e-04 Reference value :  2.77682e-04 Reference value :  2.79709e-04 Reference value :  2.80024e-04 Reference value :  2.80160e-04 Reference value :  2.80409e-04 Reference value :  2.81309e-04 Reference value :  2.81899e-04 Reference value :  2.81900e-04 Reference value :  2.81901e-04 Reference value :  2.81901e-04 Reference value :  2.82055e-04 Reference value :  2.82065e-04 Reference value :  2.82066e-04 Reference value :  2.82066e-04 Reference value :  2.82066e-04 Reference value :  2.82066e-04 Reference value :  2.82066e-04 Reference value :  2.82110e-04 Reference value :  2.82276e-04 Reference value :  2.82286e-04 Reference value :  2.82288e-04 Reference value :  2.82288e-04 Reference value :  2.82288e-04 Reference value :  2.82288e-04 Reference value :  2.82288e-04 Reference value :  2.82288e-04 Reference value :  2.82553e-04 Reference value :  2.88395e-04 Reference value :  2.88833e-04 Reference value :  2.90882e-04 Reference value :  2.91091e-04 Reference value :  2.91360e-04 Reference value :  2.91549e-04 Reference value :  2.91756e-04 Reference value :  2.92654e-04 Reference value :  2.93215e-04 Reference value :  2.93243e-04 Reference value :  2.93244e-04 Reference value :  2.93245e-04 Reference value :  2.93405e-04 Reference value :  2.93413e-04 Reference value :  2.93414e-04 Reference value :  2.93414e-04 Reference value :  2.93415e-04 Reference value :  2.93612e-04 Reference value :  2.93633e-04 Reference value :  2.93633e-04 Reference value :  2.93633e-04 Reference value :  2.93633e-04 Reference value :  2.93673e-04 Reference value :  2.99428e-04 Reference value :  2.99743e-04 Reference value :  3.00196e-04 Reference value :  3.02260e-04 Reference value :  3.02446e-04 Reference value :  3.02854e-04 Reference value :  3.03190e-04 Reference value :  3.04036e-04 Reference value :  3.04583e-04 Reference value :  3.04597e-04 Reference value :  3.04598e-04 Reference value :  3.04762e-04 Reference value :  3.04763e-04 Reference value :  3.04763e-04 Reference value :  3.04763e-04 Reference value :  3.04763e-04 Reference value :  3.04763e-04 Reference value :  3.04868e-04 Reference value :  3.04980e-04 Reference value :  3.04984e-04 Reference value :  3.04986e-04 Reference value :  3.04986e-04 Reference value :  3.04986e-04 Reference value :  3.04986e-04 Reference value :  3.04986e-04 Reference value :  3.04986e-04 Reference value :  3.04986e-04 Reference value :  3.04995e-04 Reference value :  3.10754e-04 Reference value :  3.11177e-04 Reference value :  3.11539e-04 Reference value :  3.13476e-04 Reference value :  3.13865e-04 Reference value :  3.14200e-04 Reference value :  3.14462e-04 Reference value :  3.15367e-04 Reference value :  3.15921e-04 Reference value :  3.15939e-04 Reference value :  3.15941e-04 Reference value :  3.15942e-04 Reference value :  3.16100e-04 Reference value :  3.16111e-04 Reference value :  3.16111e-04 Reference value :  3.16111e-04 Reference value :  3.16112e-04 Reference value :  3.16283e-04 Reference value :  3.16329e-04 Reference value :  3.16330e-04 Reference value :  3.16331e-04 Reference value :  3.16373e-04 Reference value :  3.22049e-04 Reference value :  3.22440e-04 Reference value :  3.22953e-04 Reference value :  3.25137e-04 Reference value :  3.25549e-04 Reference value :  3.25803e-04 Reference value :  3.26722e-04 Reference value :  3.27294e-04 Reference value :  3.27295e-04 Reference value :  3.27459e-04 Reference value :  3.27459e-04 Reference value :  3.27460e-04 Reference value :  3.27460e-04 Reference value :  3.27460e-04 Reference value :  3.27460e-04 Reference value :  3.27460e-04 Reference value :  3.27460e-04 Reference value :  3.27460e-04 Reference value :  3.27460e-04 Reference value :  3.27460e-04 Reference value :  3.27460e-04 Reference value :  3.27460e-04 Reference value :  3.27460e-04 Reference value :  3.27551e-04 Reference value :  3.27673e-04 Reference value :  3.27680e-04 Reference value :  3.27681e-04 Reference value :  3.27682e-04 Reference value :  3.27682e-04 Reference value :  3.27682e-04 Reference value :  3.27926e-04 Reference value :  3.33708e-04 Reference value :  3.33874e-04 Reference value :  3.34380e-04 Reference value :  3.36477e-04 Reference value :  3.36767e-04 Reference value :  3.36945e-04 Reference value :  3.37182e-04 Reference value :  3.38201e-04 Reference value :  3.38612e-04 Reference value :  3.38637e-04 Reference value :  3.38638e-04 Reference value :  3.38703e-04 Reference value :  3.38807e-04 Reference value :  3.38808e-04 Reference value :  3.38808e-04 Reference value :  3.38808e-04 Reference value :  3.38808e-04 Reference value :  3.38808e-04 Reference value :  3.38808e-04 Reference value :  3.38808e-04 Reference value :  3.38808e-04 Reference value :  3.38883e-04 Reference value :  3.39026e-04 Reference value :  3.39027e-04 Reference value :  3.39027e-04 Reference value :  3.39238e-04 Reference value :  3.45132e-04 Reference value :  3.45485e-04 Reference value :  3.46829e-04 Reference value :  3.47911e-04 Reference value :  3.48248e-04 Reference value :  3.48586e-04 Reference value :  3.49446e-04 Reference value :  3.49966e-04 Reference value :  3.49991e-04 Reference value :  3.49992e-04
No. of Data Rows : 25154
Note: Simulation executed from .control section 
