Using SPARSE 1.3 as Direct Linear Solver
Note: Starting dynamic gmin stepping
Note: Dynamic gmin stepping completed

Note: Compatibility modes selected: ps a


Circuit: * 32-node lc-gyrator ring (shape_zero realisation-gyroscopic branch)

Reducing trtol to 1 for xspice 'A' devices
Doing analysis at TEMP = 27.000000 and TNOM = 27.000000


Initial Transient Solution
--------------------------

Node                                   Voltage
----                                   -------
vcc                                         12
vee                                        -12
n0                                 1.31184e-24
xn0.xg                             1.31184e-24
n1                                 2.42998e-25
xn1.xg                             2.42998e-25
n2                                 1.35685e-24
xn2.xg                             1.35685e-24
n3                                           0
xn3.xg                                       0
xb0.yc                             1.31184e-24
xb0.xb1.n24458                    -9.87817e-12
xb0.xb1.n24659                    -9.65109e-12
xb0.xb1.n37029                      0.00268459
xb0.xb1.n37037                     0.000272559
xb0.xb1.n39124                      0.00268444
xb0.xb1.n39892                     4.02563e-08
xb0.xb1.n2425309                            12
xb0.xb1.n2425287                  -9.65104e-12
xb0.xb1.n2425325                           -12
xb0.xb1.mid                       -9.65104e-12
xb0.xb1.n56849                    -9.65104e-12
xb0.xb1.n57325                    -9.65104e-12
xb0.xb1.n59747                    -9.65104e-12
xb0.xb1.n59865                    -9.65104e-12
xb0.xb1.n25921                       -0.820799
xb0.xb1.n25929                    -2.62656e-06
xb0.xb1.n65579                    -9.65104e-12
xb0.xb1.n65697                    -9.65104e-12
xb0.xb1.n68774                     5.21137e-05
xb0.xb1.n72398                         11.9743
xb0.xb1.n72391                        -11.9647
xb0.xb1.n81574                    -1.24637e-08
xb0.xb1.n81664                    -1.26139e-08
xb0.xb1.sw_ol_opax197             -9.65104e-12
xb0.xb1.vclp                       5.19006e-05
xb0.xb1.vimon                      7.50243e-06
xb0.xb1.n27785                        0.820799
xb0.xb1.n27793                     2.62654e-06
xb0.xb1.vout_s                     2.23728e-05
xb0.xb1.n2402147                  -9.65109e-12
xb0.xb1.n2402155                  -9.65104e-12
xb0.xb1.n2419074                   5.20616e-05
xb0.xb1.n2525790                   5.20096e-05
xb0.xb1.n2526890                   5.19576e-05
xb0.xb1.n36262                     5.19057e-05
xb0.xb1.n32347                     2.23725e-05
xb0.xb1.clamp                      5.21138e-05
xb0.xb1.esdp                          -5.1e-10
xb0.xb1.esdn                       2.23725e-05
xb0.xb1.n158495                    5.19056e-05
xb0.xb1.cl_clamp                   5.19056e-05
xb0.xb1.n161937                    2.23728e-05
xb0.bufa                           2.23728e-05
xb0.xb1.claw_clamp                 5.19057e-05
xb0.xb1.n45999                     2.23728e-05
xb0.xb1.vcc_b                               12
xb0.xb1.vee_b                              -12
xb0.xb1.n25415                     1.71194e-05
xb0.xb1.n25397                     1.71195e-05
xb0.xb1.n25248                    -9.65099e-12
xb0.xb1.vcc_clp                        11.9743
xb0.xb1.vee_clp                       -11.9647
xb0.xb1.n1356345                      -4.14995
xb0.xb1.n1356333                      -4.14995
xb0.xb1.n1356409                       4.20005
xb0.xb1.n1356429                       4.20005
xb0.xb1.vsense                     5.21137e-05
xb0.xb1.n28678                     2.23725e-05
xb0.xb1.n28438                     1.71194e-05
xb0.xb1.n24207                        -5.1e-10
xb0.xb1.n31303                     2.23725e-05
xb0.xb1.n31389                            12.1
xb0.xb1.n31737                           -12.1
xb0.xb1.n32236                     2.23725e-05
xb0.xb1.n32510                    -6.52379e-10
xb0.xb1.n46041                       0.0026844
xb0.xb1.n55560                    -9.65104e-12
xb0.xb1.n57321                    -9.65104e-12
xb0.xb1.n59739                            68.9
xb0.xb1.n59743                    -9.65104e-12
xb0.xb1.n59881                    -9.65104e-12
xb0.xb1.n59905                           -68.9
xb0.xb1.n65567                             265
xb0.xb1.n65575                    -9.65104e-12
xb0.xb1.n65713                    -9.65104e-12
xb0.xb1.n65737                            -265
xb0.xb1.n72064                         11.9743
xb0.xb1.n72073                        -11.9647
xb0.xb1.v11                       -1.24637e-08
xb0.xb1.v12                       -1.26139e-08
xb0.xb1.n81756                    -9.65104e-12
xb0.xb1.n161737                    7.50243e-06
xb0.xb1.n1356115                       4.20005
xb0.xb1.n1356061                      -4.14995
xb0.xb1.x_u1.7                        0.833786
xb0.xb1.x_u1.8                        0.833786
xb0.xb1.x_u1.3                               0
xb0.xb1.x_u1.6                               0
xb0.xb1.x_u1.4                               0
xb0.xb1.x_u1.5                               0
xb0.xb1.x_u10.gvo+_int1                      0
xb0.xb1.x_u10.gvo-_int1                      0
xb0.xb1.x_u11.gvo+_int1                      0
xb0.xb1.x_u11.gvo-_int1                      0
xb0.xb1.x_u12.gvo+_int1                      0
xb0.xb1.x_u12.gvo-_int1                      0
xb0.xb1.x_u16.gsw+_int1                      0
xb0.xb1.x_u18.g1_int1              2.56177e-05
xb0.xb1.x_u18.g1_int2              7.50244e-06
xb0.xb1.x_u19.g1_int1              3.52741e-05
xb0.xb1.x_u19.g1_int2             -7.50244e-06
xb0.xb1.x_u22.g1_int1                        0
xb0.xb1.x_u23.g1_int1                        0
xb0.xb1.x_u26.g1_int1              7.50244e-09
xb0.xb1.x_u27.g1_int1                        0
xb0.xb1.x_u30.g1_int1              -6.4338e-16
xb0.xb1.x_u31.g1_int1             -4.78832e-11
xb0.xb1.x_u32.g1_int1               0.00268441
xb0.xb1.x_u35.g1_int1                        0
xb0.xb1.x_u36.3                              0
xb0.xb1.x_u36.5                              0
xb0.xb1.x_u37.3                              0
xb0.xb1.x_u37.5                              0
xb0.xb1.x_u4.e1_int1                 1.712e-05
xb0.xb1.x_u6.g1_int1               2.23725e-05
xb0.hb                              4.4776e-05
xb0.mb                             2.23728e-05
xb0.xb2.n24458                    -9.87945e-12
xb0.xb2.n24659                    -9.65237e-12
xb0.xb2.n37029                      0.00609901
xb0.xb2.n37037                     0.000619216
xb0.xb2.n39124                      0.00609867
xb0.xb2.n39892                     9.14691e-08
xb0.xb2.n2425309                            12
xb0.xb2.n2425287                  -9.65232e-12
xb0.xb2.n2425325                           -12
xb0.xb2.mid                       -9.65232e-12
xb0.xb2.n56849                    -9.65232e-12
xb0.xb2.n57325                    -9.65232e-12
xb0.xb2.n59747                    -9.65232e-12
xb0.xb2.n59865                    -9.65232e-12
xb0.xb2.n25921                       -0.820799
xb0.xb2.n25929                    -2.62656e-06
xb0.xb2.n65579                    -9.65232e-12
xb0.xb2.n65697                    -9.65232e-12
xb0.xb2.n68774                     0.000112319
xb0.xb2.n72398                         11.9743
xb0.xb2.n72391                        -11.9647
xb0.xb2.n81574                    -1.24637e-08
xb0.xb2.n81664                     -1.2614e-08
xb0.xb2.sw_ol_opax197             -9.65232e-12
xb0.xb2.vclp                       0.000111866
xb0.xb2.vimon                      1.72493e-05
xb0.xb2.n27785                        0.820799
xb0.xb2.n27793                     2.62654e-06
xb0.xb2.vout_s                      4.4776e-05
xb0.xb2.n2402147                  -9.65237e-12
xb0.xb2.n2402155                  -9.65232e-12
xb0.xb2.n2419074                   0.000112207
xb0.xb2.n2525790                   0.000112095
xb0.xb2.n2526890                   0.000111983
xb0.xb2.n36262                     0.000111871
xb0.xb2.n32347                     2.23725e-05
xb0.xb2.clamp                      0.000112319
xb0.xb2.esdp                          -5.1e-10
xb0.xb2.esdn                       2.23725e-05
xb0.xb2.n158495                    0.000111871
xb0.xb2.cl_clamp                   0.000111871
xb0.xb2.n161937                     4.4776e-05
xb0.xb2.claw_clamp                 0.000111871
xb0.xb2.n45999                      4.4776e-05
xb0.xb2.vcc_b                               12
xb0.xb2.vee_b                              -12
xb0.xb2.n25415                     1.71194e-05
xb0.xb2.n25397                     1.71195e-05
xb0.xb2.n25248                    -9.65227e-12
xb0.xb2.vcc_clp                        11.9743
xb0.xb2.vee_clp                       -11.9647
xb0.xb2.n1356345                      -4.14989
xb0.xb2.n1356333                      -4.14989
xb0.xb2.n1356409                       4.20011
xb0.xb2.n1356429                       4.20011
xb0.xb2.vsense                     0.000112319
xb0.xb2.n28678                     2.23725e-05
xb0.xb2.n28438                     1.71194e-05
xb0.xb2.n24207                        -5.1e-10
xb0.xb2.n31303                     2.23725e-05
xb0.xb2.n31389                            12.1
xb0.xb2.n31737                           -12.1
xb0.xb2.n32236                     2.23725e-05
xb0.xb2.n32510                     1.56566e-10
xb0.xb2.n46041                      0.00609859
xb0.xb2.n55560                    -9.65232e-12
xb0.xb2.n57321                    -9.65232e-12
xb0.xb2.n59739                            68.9
xb0.xb2.n59743                    -9.65232e-12
xb0.xb2.n59881                    -9.65232e-12
xb0.xb2.n59905                           -68.9
xb0.xb2.n65567                             265
xb0.xb2.n65575                    -9.65232e-12
xb0.xb2.n65713                    -9.65232e-12
xb0.xb2.n65737                            -265
xb0.xb2.n72064                         11.9743
xb0.xb2.n72073                        -11.9647
xb0.xb2.v11                       -1.24637e-08
xb0.xb2.v12                        -1.2614e-08
xb0.xb2.n81756                    -9.65232e-12
xb0.xb2.n161737                    1.72493e-05
xb0.xb2.n1356115                       4.20011
xb0.xb2.n1356061                      -4.14989
xb0.xb2.x_u1.7                        0.833786
xb0.xb2.x_u1.8                        0.833786
xb0.xb2.x_u1.3                               0
xb0.xb2.x_u1.6                               0
xb0.xb2.x_u1.4                               0
xb0.xb2.x_u1.5                               0
xb0.xb2.x_u10.gvo+_int1                      0
xb0.xb2.x_u10.gvo-_int1                      0
xb0.xb2.x_u11.gvo+_int1                      0
xb0.xb2.x_u11.gvo-_int1                      0
xb0.xb2.x_u12.gvo+_int1                      0
xb0.xb2.x_u12.gvo-_int1                      0
xb0.xb2.x_u16.gsw+_int1                      0
xb0.xb2.x_u18.g1_int1              2.56179e-05
xb0.xb2.x_u18.g1_int2              1.72494e-05
xb0.xb2.x_u19.g1_int1              3.52739e-05
xb0.xb2.x_u19.g1_int2             -1.72494e-05
xb0.xb2.x_u22.g1_int1                        0
xb0.xb2.x_u23.g1_int1                        0
xb0.xb2.x_u26.g1_int1              1.72494e-08
xb0.xb2.x_u27.g1_int1                        0
xb0.xb2.x_u30.g1_int1              1.66375e-16
xb0.xb2.x_u31.g1_int1              1.23833e-11
xb0.xb2.x_u32.g1_int1               0.00609861
xb0.xb2.x_u35.g1_int1                        0
xb0.xb2.x_u36.3                              0
xb0.xb2.x_u36.5                              0
xb0.xb2.x_u37.3                              0
xb0.xb2.x_u37.5                              0
xb0.xb2.x_u4.e1_int1                 1.712e-05
xb0.xb2.x_u6.g1_int1               2.23725e-05
xb0.xa1.n24458                    -9.87849e-12
xb0.xa1.n24659                     -9.6514e-12
xb0.xa1.n37029                     0.000247114
xb0.xa1.n37037                     2.50888e-05
xb0.xa1.n39124                       0.0002471
xb0.xa1.n39892                     3.69679e-09
xb0.xa1.n2425309                            12
xb0.xa1.n2425287                  -9.65135e-12
xb0.xa1.n2425325                           -12
xb0.xa1.mid                       -9.65135e-12
xb0.xa1.n56849                    -9.65135e-12
xb0.xa1.n57325                    -9.65135e-12
xb0.xa1.n59747                    -9.65135e-12
xb0.xa1.n59865                    -9.65135e-12
xb0.xa1.n25921                       -0.820799
xb0.xa1.n25929                    -2.62656e-06
xb0.xa1.n65579                    -9.65135e-12
xb0.xa1.n65697                    -9.65135e-12
xb0.xa1.n68774                     2.51919e-05
xb0.xa1.n72398                         11.9743
xb0.xa1.n72391                        -11.9647
xb0.xa1.n81574                    -1.24638e-08
xb0.xa1.n81664                    -1.26139e-08
xb0.xa1.sw_ol_opax197             -9.65135e-12
xb0.xa1.vclp                       2.50863e-05
xb0.xa1.vimon                      3.03177e-09
xb0.xa1.n27785                        0.820799
xb0.xa1.n27793                     2.62654e-06
xb0.xa1.vout_s                     2.23728e-05
xb0.xa1.n2402147                   -9.6514e-12
xb0.xa1.n2402155                  -9.65135e-12
xb0.xa1.n2419074                   2.51667e-05
xb0.xa1.n2525790                   2.51415e-05
xb0.xa1.n2526890                   2.51164e-05
xb0.xa1.n36262                     2.50913e-05
xb0.xa1.n32347                     2.23725e-05
xb0.xa1.clamp                      2.51919e-05
xb0.xa1.esdp                          -5.1e-10
xb0.xa1.esdn                       2.23725e-05
xb0.xa1.n158495                    2.50913e-05
xb0.xa1.cl_clamp                   2.50913e-05
xb0.xa1.n161937                    2.23728e-05
xb0.bufb                           2.23728e-05
xb0.xa1.claw_clamp                 2.50913e-05
xb0.xa1.n45999                     2.23728e-05
xb0.xa1.vcc_b                               12
xb0.xa1.vee_b                              -12
xb0.xa1.n25415                     1.71194e-05
xb0.xa1.n25397                     1.71195e-05
xb0.xa1.n25248                    -9.65131e-12
xb0.xa1.vcc_clp                        11.9743
xb0.xa1.vee_clp                       -11.9647
xb0.xa1.n1356345                      -4.14997
xb0.xa1.n1356333                      -4.14997
xb0.xa1.n1356409                       4.20003
xb0.xa1.n1356429                       4.20003
xb0.xa1.vsense                     2.51919e-05
xb0.xa1.n28678                     2.23725e-05
xb0.xa1.n28438                     1.71194e-05
xb0.xa1.n24207                        -5.1e-10
xb0.xa1.n31303                     2.23725e-05
xb0.xa1.n31389                            12.1
xb0.xa1.n31737                           -12.1
xb0.xa1.n32236                     2.23725e-05
xb0.xa1.n32510                    -1.01411e-09
xb0.xa1.n46041                     0.000247097
xb0.xa1.n55560                    -9.65135e-12
xb0.xa1.n57321                    -9.65135e-12
xb0.xa1.n59739                            68.9
xb0.xa1.n59743                    -9.65135e-12
xb0.xa1.n59881                    -9.65135e-12
xb0.xa1.n59905                           -68.9
xb0.xa1.n65567                             265
xb0.xa1.n65575                    -9.65135e-12
xb0.xa1.n65713                    -9.65135e-12
xb0.xa1.n65737                            -265
xb0.xa1.n72064                         11.9743
xb0.xa1.n72073                        -11.9647
xb0.xa1.v11                       -1.24638e-08
xb0.xa1.v12                       -1.26139e-08
xb0.xa1.n81756                    -9.65135e-12
xb0.xa1.n161737                    3.03177e-09
xb0.xa1.n1356115                       4.20003
xb0.xa1.n1356061                      -4.14997
xb0.xa1.x_u1.7                        0.833786
xb0.xa1.x_u1.8                        0.833786
xb0.xa1.x_u1.3                               0
xb0.xa1.x_u1.6                               0
xb0.xa1.x_u1.4                               0
xb0.xa1.x_u1.5                               0
xb0.xa1.x_u10.gvo+_int1                      0
xb0.xa1.x_u10.gvo-_int1                      0
xb0.xa1.x_u11.gvo+_int1                      0
xb0.xa1.x_u11.gvo-_int1                      0
xb0.xa1.x_u12.gvo+_int1                      0
xb0.xa1.x_u12.gvo-_int1                      0
xb0.xa1.x_u16.gsw+_int1                      0
xb0.xa1.x_u18.g1_int1              2.56175e-05
xb0.xa1.x_u18.g1_int2              3.04142e-09
xb0.xa1.x_u19.g1_int1              3.52742e-05
xb0.xa1.x_u19.g1_int2             -3.04142e-09
xb0.xa1.x_u22.g1_int1                        0
xb0.xa1.x_u23.g1_int1                        0
xb0.xa1.x_u26.g1_int1              3.04142e-12
xb0.xa1.x_u27.g1_int1                        0
xb0.xa1.x_u30.g1_int1             -1.00548e-15
xb0.xa1.x_u31.g1_int1             -7.48325e-11
xb0.xa1.x_u32.g1_int1              0.000247098
xb0.xa1.x_u35.g1_int1                        0
xb0.xa1.x_u36.3                              0
xb0.xa1.x_u36.5                              0
xb0.xa1.x_u37.3                              0
xb0.xa1.x_u37.5                              0
xb0.xa1.x_u4.e1_int1                 1.712e-05
xb0.xa1.x_u6.g1_int1               2.23725e-05
xb0.ha                             2.24032e-05
xb0.ma                             2.23728e-05
xb0.xa2.n24458                    -9.87817e-12
xb0.xa2.n24659                    -9.65109e-12
xb0.xa2.n37029                      0.00268824
xb0.xa2.n37037                      0.00027293
xb0.xa2.n39124                      0.00268809
xb0.xa2.n39892                     4.03111e-08
xb0.xa2.n2425309                            12
xb0.xa2.n2425287                  -9.65104e-12
xb0.xa2.n2425325                           -12
xb0.xa2.mid                       -9.65104e-12
xb0.xa2.n56849                    -9.65104e-12
xb0.xa2.n57325                    -9.65104e-12
xb0.xa2.n59747                    -9.65104e-12
xb0.xa2.n59865                    -9.65104e-12
xb0.xa2.n25921                       -0.820799
xb0.xa2.n25929                    -2.62656e-06
xb0.xa2.n65579                    -9.65104e-12
xb0.xa2.n65697                    -9.65104e-12
xb0.xa2.n68774                     5.21846e-05
xb0.xa2.n72398                         11.9743
xb0.xa2.n72391                        -11.9647
xb0.xa2.n81574                    -1.24637e-08
xb0.xa2.n81664                    -1.26139e-08
xb0.xa2.sw_ol_opax197             -9.65104e-12
xb0.xa2.vclp                       5.19712e-05
xb0.xa2.vimon                      7.51265e-06
xb0.xa2.n27785                        0.820799
xb0.xa2.n27793                     2.62654e-06
xb0.xa2.vout_s                     2.24032e-05
xb0.xa2.n2402147                  -9.65109e-12
xb0.xa2.n2402155                  -9.65104e-12
xb0.xa2.n2419074                   5.21324e-05
xb0.xa2.n2525790                   5.20804e-05
xb0.xa2.n2526890                   5.20283e-05
xb0.xa2.n36262                     5.19764e-05
xb0.xa2.n32347                     2.23725e-05
xb0.xa2.clamp                      5.21847e-05
xb0.xa2.esdp                          -5.1e-10
xb0.xa2.esdn                       2.23725e-05
xb0.xa2.n158495                    5.19762e-05
xb0.xa2.cl_clamp                   5.19762e-05
xb0.xa2.n161937                    2.24032e-05
xb0.xa2.claw_clamp                 5.19763e-05
xb0.xa2.n45999                     2.24032e-05
xb0.xa2.vcc_b                               12
xb0.xa2.vee_b                              -12
xb0.xa2.n25415                     1.71194e-05
xb0.xa2.n25397                     1.71195e-05
xb0.xa2.n25248                    -9.65099e-12
xb0.xa2.vcc_clp                        11.9743
xb0.xa2.vee_clp                       -11.9647
xb0.xa2.n1356345                      -4.14995
xb0.xa2.n1356333                      -4.14995
xb0.xa2.n1356409                       4.20005
xb0.xa2.n1356429                       4.20005
xb0.xa2.vsense                     5.21846e-05
xb0.xa2.n28678                     2.23725e-05
xb0.xa2.n28438                     1.71194e-05
xb0.xa2.n24207                        -5.1e-10
xb0.xa2.n31303                     2.23725e-05
xb0.xa2.n31389                            12.1
xb0.xa2.n31737                           -12.1
xb0.xa2.n32236                     2.23725e-05
xb0.xa2.n32510                    -6.51427e-10
xb0.xa2.n46041                      0.00268806
xb0.xa2.n55560                    -9.65104e-12
xb0.xa2.n57321                    -9.65104e-12
xb0.xa2.n59739                            68.9
xb0.xa2.n59743                    -9.65104e-12
xb0.xa2.n59881                    -9.65104e-12
xb0.xa2.n59905                           -68.9
xb0.xa2.n65567                             265
xb0.xa2.n65575                    -9.65104e-12
xb0.xa2.n65713                    -9.65104e-12
xb0.xa2.n65737                            -265
xb0.xa2.n72064                         11.9743
xb0.xa2.n72073                        -11.9647
xb0.xa2.v11                       -1.24637e-08
xb0.xa2.v12                       -1.26139e-08
xb0.xa2.n81756                    -9.65104e-12
xb0.xa2.n161737                    7.51265e-06
xb0.xa2.n1356115                       4.20005
xb0.xa2.n1356061                      -4.14995
xb0.xa2.x_u1.7                        0.833786
xb0.xa2.x_u1.8                        0.833786
xb0.xa2.x_u1.3                               0
xb0.xa2.x_u1.6                               0
xb0.xa2.x_u1.4                               0
xb0.xa2.x_u1.5                               0
xb0.xa2.x_u10.gvo+_int1                      0
xb0.xa2.x_u10.gvo-_int1                      0
xb0.xa2.x_u11.gvo+_int1                      0
xb0.xa2.x_u11.gvo-_int1                      0
xb0.xa2.x_u12.gvo+_int1                      0
xb0.xa2.x_u12.gvo-_int1                      0
xb0.xa2.x_u16.gsw+_int1                      0
xb0.xa2.x_u18.g1_int1              2.56177e-05
xb0.xa2.x_u18.g1_int2              7.51266e-06
xb0.xa2.x_u19.g1_int1              3.52741e-05
xb0.xa2.x_u19.g1_int2             -7.51266e-06
xb0.xa2.x_u22.g1_int1                        0
xb0.xa2.x_u23.g1_int1                        0
xb0.xa2.x_u26.g1_int1              7.51266e-09
xb0.xa2.x_u27.g1_int1                        0
xb0.xa2.x_u30.g1_int1             -6.42427e-16
xb0.xa2.x_u31.g1_int1             -4.78123e-11
xb0.xa2.x_u32.g1_int1               0.00268806
xb0.xa2.x_u35.g1_int1                        0
xb0.xa2.x_u36.3                              0
xb0.xa2.x_u36.5                              0
xb0.xa2.x_u37.3                              0
xb0.xa2.x_u37.5                              0
xb0.xa2.x_u4.e1_int1                 1.712e-05
xb0.xa2.x_u6.g1_int1               2.23725e-05
xb1.yc                             2.42998e-25
xb1.xb1.n24458                    -9.87817e-12
xb1.xb1.n24659                    -9.65109e-12
xb1.xb1.n37029                      0.00268459
xb1.xb1.n37037                     0.000272559
xb1.xb1.n39124                      0.00268444
xb1.xb1.n39892                     4.02563e-08
xb1.xb1.n2425309                            12
xb1.xb1.n2425287                  -9.65104e-12
xb1.xb1.n2425325                           -12
xb1.xb1.mid                       -9.65104e-12
xb1.xb1.n56849                    -9.65104e-12
xb1.xb1.n57325                    -9.65104e-12
xb1.xb1.n59747                    -9.65104e-12
xb1.xb1.n59865                    -9.65104e-12
xb1.xb1.n25921                       -0.820799
xb1.xb1.n25929                    -2.62656e-06
xb1.xb1.n65579                    -9.65104e-12
xb1.xb1.n65697                    -9.65104e-12
xb1.xb1.n68774                     5.21137e-05
xb1.xb1.n72398                         11.9743
xb1.xb1.n72391                        -11.9647
xb1.xb1.n81574                    -1.24637e-08
xb1.xb1.n81664                    -1.26139e-08
xb1.xb1.sw_ol_opax197             -9.65104e-12
xb1.xb1.vclp                       5.19006e-05
xb1.xb1.vimon                      7.50243e-06
xb1.xb1.n27785                        0.820799
xb1.xb1.n27793                     2.62654e-06
xb1.xb1.vout_s                     2.23728e-05
xb1.xb1.n2402147                  -9.65109e-12
xb1.xb1.n2402155                  -9.65104e-12
xb1.xb1.n2419074                   5.20616e-05
xb1.xb1.n2525790                   5.20096e-05
xb1.xb1.n2526890                   5.19576e-05
xb1.xb1.n36262                     5.19057e-05
xb1.xb1.n32347                     2.23725e-05
xb1.xb1.clamp                      5.21138e-05
xb1.xb1.esdp                          -5.1e-10
xb1.xb1.esdn                       2.23725e-05
xb1.xb1.n158495                    5.19056e-05
xb1.xb1.cl_clamp                   5.19056e-05
xb1.xb1.n161937                    2.23728e-05
xb1.bufa                           2.23728e-05
xb1.xb1.claw_clamp                 5.19057e-05
xb1.xb1.n45999                     2.23728e-05
xb1.xb1.vcc_b                               12
xb1.xb1.vee_b                              -12
xb1.xb1.n25415                     1.71194e-05
xb1.xb1.n25397                     1.71195e-05
xb1.xb1.n25248                    -9.65099e-12
xb1.xb1.vcc_clp                        11.9743
xb1.xb1.vee_clp                       -11.9647
xb1.xb1.n1356345                      -4.14995
xb1.xb1.n1356333                      -4.14995
xb1.xb1.n1356409                       4.20005
xb1.xb1.n1356429                       4.20005
xb1.xb1.vsense                     5.21137e-05
xb1.xb1.n28678                     2.23725e-05
xb1.xb1.n28438                     1.71194e-05
xb1.xb1.n24207                        -5.1e-10
xb1.xb1.n31303                     2.23725e-05
xb1.xb1.n31389                            12.1
xb1.xb1.n31737                           -12.1
xb1.xb1.n32236                     2.23725e-05
xb1.xb1.n32510                    -6.52379e-10
xb1.xb1.n46041                       0.0026844
xb1.xb1.n55560                    -9.65104e-12
xb1.xb1.n57321                    -9.65104e-12
xb1.xb1.n59739                            68.9
xb1.xb1.n59743                    -9.65104e-12
xb1.xb1.n59881                    -9.65104e-12
xb1.xb1.n59905                           -68.9
xb1.xb1.n65567                             265
xb1.xb1.n65575                    -9.65104e-12
xb1.xb1.n65713                    -9.65104e-12
xb1.xb1.n65737                            -265
xb1.xb1.n72064                         11.9743
xb1.xb1.n72073                        -11.9647
xb1.xb1.v11                       -1.24637e-08
xb1.xb1.v12                       -1.26139e-08
xb1.xb1.n81756                    -9.65104e-12
xb1.xb1.n161737                    7.50243e-06
xb1.xb1.n1356115                       4.20005
xb1.xb1.n1356061                      -4.14995
xb1.xb1.x_u1.7                        0.833786
xb1.xb1.x_u1.8                        0.833786
xb1.xb1.x_u1.3                               0
xb1.xb1.x_u1.6                               0
xb1.xb1.x_u1.4                               0
xb1.xb1.x_u1.5                               0
xb1.xb1.x_u10.gvo+_int1                      0
xb1.xb1.x_u10.gvo-_int1                      0
xb1.xb1.x_u11.gvo+_int1                      0
xb1.xb1.x_u11.gvo-_int1                      0
xb1.xb1.x_u12.gvo+_int1                      0
xb1.xb1.x_u12.gvo-_int1                      0
xb1.xb1.x_u16.gsw+_int1                      0
xb1.xb1.x_u18.g1_int1              2.56177e-05
xb1.xb1.x_u18.g1_int2              7.50244e-06
xb1.xb1.x_u19.g1_int1              3.52741e-05
xb1.xb1.x_u19.g1_int2             -7.50244e-06
xb1.xb1.x_u22.g1_int1                        0
xb1.xb1.x_u23.g1_int1                        0
xb1.xb1.x_u26.g1_int1              7.50244e-09
xb1.xb1.x_u27.g1_int1                        0
xb1.xb1.x_u30.g1_int1              -6.4338e-16
xb1.xb1.x_u31.g1_int1             -4.78832e-11
xb1.xb1.x_u32.g1_int1               0.00268441
xb1.xb1.x_u35.g1_int1                        0
xb1.xb1.x_u36.3                              0
xb1.xb1.x_u36.5                              0
xb1.xb1.x_u37.3                              0
xb1.xb1.x_u37.5                              0
xb1.xb1.x_u4.e1_int1                 1.712e-05
xb1.xb1.x_u6.g1_int1               2.23725e-05
xb1.hb                              4.4776e-05
xb1.mb                             2.23728e-05
xb1.xb2.n24458                    -9.87861e-12
xb1.xb2.n24659                    -9.65152e-12
xb1.xb2.n37029                      0.00609901
xb1.xb2.n37037                     0.000619216
xb1.xb2.n39124                      0.00609867
xb1.xb2.n39892                     9.14691e-08
xb1.xb2.n2425309                            12
xb1.xb2.n2425287                  -9.65147e-12
xb1.xb2.n2425325                           -12
xb1.xb2.mid                       -9.65147e-12
xb1.xb2.n56849                    -9.65147e-12
xb1.xb2.n57325                    -9.65147e-12
xb1.xb2.n59747                    -9.65147e-12
xb1.xb2.n59865                    -9.65147e-12
xb1.xb2.n25921                       -0.820799
xb1.xb2.n25929                    -2.62656e-06
xb1.xb2.n65579                    -9.65147e-12
xb1.xb2.n65697                    -9.65147e-12
xb1.xb2.n68774                     0.000112319
xb1.xb2.n72398                         11.9743
xb1.xb2.n72391                        -11.9647
xb1.xb2.n81574                    -1.24637e-08
xb1.xb2.n81664                     -1.2614e-08
xb1.xb2.sw_ol_opax197             -9.65147e-12
xb1.xb2.vclp                       0.000111866
xb1.xb2.vimon                      1.72493e-05
xb1.xb2.n27785                        0.820799
xb1.xb2.n27793                     2.62654e-06
xb1.xb2.vout_s                      4.4776e-05
xb1.xb2.n2402147                  -9.65152e-12
xb1.xb2.n2402155                  -9.65147e-12
xb1.xb2.n2419074                   0.000112207
xb1.xb2.n2525790                   0.000112095
xb1.xb2.n2526890                   0.000111983
xb1.xb2.n36262                     0.000111871
xb1.xb2.n32347                     2.23725e-05
xb1.xb2.clamp                      0.000112319
xb1.xb2.esdp                          -5.1e-10
xb1.xb2.esdn                       2.23725e-05
xb1.xb2.n158495                    0.000111871
xb1.xb2.cl_clamp                   0.000111871
xb1.xb2.n161937                     4.4776e-05
xb1.xb2.claw_clamp                 0.000111871
xb1.xb2.n45999                      4.4776e-05
xb1.xb2.vcc_b                               12
xb1.xb2.vee_b                              -12
xb1.xb2.n25415                     1.71194e-05
xb1.xb2.n25397                     1.71195e-05
xb1.xb2.n25248                    -9.65142e-12
xb1.xb2.vcc_clp                        11.9743
xb1.xb2.vee_clp                       -11.9647
xb1.xb2.n1356345                      -4.14989
xb1.xb2.n1356333                      -4.14989
xb1.xb2.n1356409                       4.20011
xb1.xb2.n1356429                       4.20011
xb1.xb2.vsense                     0.000112319
xb1.xb2.n28678                     2.23725e-05
xb1.xb2.n28438                     1.71194e-05
xb1.xb2.n24207                        -5.1e-10
xb1.xb2.n31303                     2.23725e-05
xb1.xb2.n31389                            12.1
xb1.xb2.n31737                           -12.1
xb1.xb2.n32236                     2.23725e-05
xb1.xb2.n32510                     1.56567e-10
xb1.xb2.n46041                      0.00609859
xb1.xb2.n55560                    -9.65147e-12
xb1.xb2.n57321                    -9.65147e-12
xb1.xb2.n59739                            68.9
xb1.xb2.n59743                    -9.65147e-12
xb1.xb2.n59881                    -9.65147e-12
xb1.xb2.n59905                           -68.9
xb1.xb2.n65567                             265
xb1.xb2.n65575                    -9.65147e-12
xb1.xb2.n65713                    -9.65147e-12
xb1.xb2.n65737                            -265
xb1.xb2.n72064                         11.9743
xb1.xb2.n72073                        -11.9647
xb1.xb2.v11                       -1.24637e-08
xb1.xb2.v12                        -1.2614e-08
xb1.xb2.n81756                    -9.65147e-12
xb1.xb2.n161737                    1.72493e-05
xb1.xb2.n1356115                       4.20011
xb1.xb2.n1356061                      -4.14989
xb1.xb2.x_u1.7                        0.833786
xb1.xb2.x_u1.8                        0.833786
xb1.xb2.x_u1.3                               0
xb1.xb2.x_u1.6                               0
xb1.xb2.x_u1.4                               0
xb1.xb2.x_u1.5                               0
xb1.xb2.x_u10.gvo+_int1                      0
xb1.xb2.x_u10.gvo-_int1                      0
xb1.xb2.x_u11.gvo+_int1                      0
xb1.xb2.x_u11.gvo-_int1                      0
xb1.xb2.x_u12.gvo+_int1                      0
xb1.xb2.x_u12.gvo-_int1                      0
xb1.xb2.x_u16.gsw+_int1                      0
xb1.xb2.x_u18.g1_int1              2.56179e-05
xb1.xb2.x_u18.g1_int2              1.72494e-05
xb1.xb2.x_u19.g1_int1              3.52739e-05
xb1.xb2.x_u19.g1_int2             -1.72494e-05
xb1.xb2.x_u22.g1_int1                        0
xb1.xb2.x_u23.g1_int1                        0
xb1.xb2.x_u26.g1_int1              1.72494e-08
xb1.xb2.x_u27.g1_int1                        0
xb1.xb2.x_u30.g1_int1              1.66375e-16
xb1.xb2.x_u31.g1_int1              1.23833e-11
xb1.xb2.x_u32.g1_int1               0.00609861
xb1.xb2.x_u35.g1_int1             -1.03882e-24
xb1.xb2.x_u36.3                              0
xb1.xb2.x_u36.5                              0
xb1.xb2.x_u37.3                              0
xb1.xb2.x_u37.5                              0
xb1.xb2.x_u4.e1_int1                 1.712e-05
xb1.xb2.x_u6.g1_int1               2.23725e-05
xb1.xa1.n24458                    -9.87849e-12
xb1.xa1.n24659                     -9.6514e-12
xb1.xa1.n37029                     0.000247114
xb1.xa1.n37037                     2.50888e-05
xb1.xa1.n39124                       0.0002471
xb1.xa1.n39892                     3.69679e-09
xb1.xa1.n2425309                            12
xb1.xa1.n2425287                  -9.65135e-12
xb1.xa1.n2425325                           -12
xb1.xa1.mid                       -9.65135e-12
xb1.xa1.n56849                    -9.65135e-12
xb1.xa1.n57325                    -9.65135e-12
xb1.xa1.n59747                    -9.65135e-12
xb1.xa1.n59865                    -9.65135e-12
xb1.xa1.n25921                       -0.820799
xb1.xa1.n25929                    -2.62656e-06
xb1.xa1.n65579                    -9.65135e-12
xb1.xa1.n65697                    -9.65135e-12
xb1.xa1.n68774                     2.51919e-05
xb1.xa1.n72398                         11.9743
xb1.xa1.n72391                        -11.9647
xb1.xa1.n81574                    -1.24638e-08
xb1.xa1.n81664                    -1.26139e-08
xb1.xa1.sw_ol_opax197             -9.65135e-12
xb1.xa1.vclp                       2.50863e-05
xb1.xa1.vimon                      3.03177e-09
xb1.xa1.n27785                        0.820799
xb1.xa1.n27793                     2.62654e-06
xb1.xa1.vout_s                     2.23728e-05
xb1.xa1.n2402147                   -9.6514e-12
xb1.xa1.n2402155                  -9.65135e-12
xb1.xa1.n2419074                   2.51667e-05
xb1.xa1.n2525790                   2.51415e-05
xb1.xa1.n2526890                   2.51164e-05
xb1.xa1.n36262                     2.50913e-05
xb1.xa1.n32347                     2.23725e-05
xb1.xa1.clamp                      2.51919e-05
xb1.xa1.esdp                          -5.1e-10
xb1.xa1.esdn                       2.23725e-05
xb1.xa1.n158495                    2.50913e-05
xb1.xa1.cl_clamp                   2.50913e-05
xb1.xa1.n161937                    2.23728e-05
xb1.bufb                           2.23728e-05
xb1.xa1.claw_clamp                 2.50913e-05
xb1.xa1.n45999                     2.23728e-05
xb1.xa1.vcc_b                               12
xb1.xa1.vee_b                              -12
xb1.xa1.n25415                     1.71194e-05
xb1.xa1.n25397                     1.71195e-05
xb1.xa1.n25248                    -9.65131e-12
xb1.xa1.vcc_clp                        11.9743
xb1.xa1.vee_clp                       -11.9647
xb1.xa1.n1356345                      -4.14997
xb1.xa1.n1356333                      -4.14997
xb1.xa1.n1356409                       4.20003
xb1.xa1.n1356429                       4.20003
xb1.xa1.vsense                     2.51919e-05
xb1.xa1.n28678                     2.23725e-05
xb1.xa1.n28438                     1.71194e-05
xb1.xa1.n24207                        -5.1e-10
xb1.xa1.n31303                     2.23725e-05
xb1.xa1.n31389                            12.1
xb1.xa1.n31737                           -12.1
xb1.xa1.n32236                     2.23725e-05
xb1.xa1.n32510                    -1.01411e-09
xb1.xa1.n46041                     0.000247097
xb1.xa1.n55560                    -9.65135e-12
xb1.xa1.n57321                    -9.65135e-12
xb1.xa1.n59739                            68.9
xb1.xa1.n59743                    -9.65135e-12
xb1.xa1.n59881                    -9.65135e-12
xb1.xa1.n59905                           -68.9
xb1.xa1.n65567                             265
xb1.xa1.n65575                    -9.65135e-12
xb1.xa1.n65713                    -9.65135e-12
xb1.xa1.n65737                            -265
xb1.xa1.n72064                         11.9743
xb1.xa1.n72073                        -11.9647
xb1.xa1.v11                       -1.24638e-08
xb1.xa1.v12                       -1.26139e-08
xb1.xa1.n81756                    -9.65135e-12
xb1.xa1.n161737                    3.03177e-09
xb1.xa1.n1356115                       4.20003
xb1.xa1.n1356061                      -4.14997
xb1.xa1.x_u1.7                        0.833786
xb1.xa1.x_u1.8                        0.833786
xb1.xa1.x_u1.3                               0
xb1.xa1.x_u1.6                               0
xb1.xa1.x_u1.4                               0
xb1.xa1.x_u1.5                               0
xb1.xa1.x_u10.gvo+_int1                      0
xb1.xa1.x_u10.gvo-_int1                      0
xb1.xa1.x_u11.gvo+_int1                      0
xb1.xa1.x_u11.gvo-_int1                      0
xb1.xa1.x_u12.gvo+_int1                      0
xb1.xa1.x_u12.gvo-_int1                      0
xb1.xa1.x_u16.gsw+_int1                      0
xb1.xa1.x_u18.g1_int1              2.56175e-05
xb1.xa1.x_u18.g1_int2              3.04142e-09
xb1.xa1.x_u19.g1_int1              3.52742e-05
xb1.xa1.x_u19.g1_int2             -3.04142e-09
xb1.xa1.x_u22.g1_int1                        0
xb1.xa1.x_u23.g1_int1                        0
xb1.xa1.x_u26.g1_int1              3.04142e-12
xb1.xa1.x_u27.g1_int1                        0
xb1.xa1.x_u30.g1_int1             -1.00548e-15
xb1.xa1.x_u31.g1_int1             -7.48325e-11
xb1.xa1.x_u32.g1_int1              0.000247098
xb1.xa1.x_u35.g1_int1                        0
xb1.xa1.x_u36.3                              0
xb1.xa1.x_u36.5                              0
xb1.xa1.x_u37.3                              0
xb1.xa1.x_u37.5                              0
xb1.xa1.x_u4.e1_int1                 1.712e-05
xb1.xa1.x_u6.g1_int1               2.23725e-05
xb1.ha                             2.24032e-05
xb1.ma                             2.23728e-05
xb1.xa2.n24458                    -9.87817e-12
xb1.xa2.n24659                    -9.65109e-12
xb1.xa2.n37029                      0.00268824
xb1.xa2.n37037                      0.00027293
xb1.xa2.n39124                      0.00268809
xb1.xa2.n39892                     4.03111e-08
xb1.xa2.n2425309                            12
xb1.xa2.n2425287                  -9.65104e-12
xb1.xa2.n2425325                           -12
xb1.xa2.mid                       -9.65104e-12
xb1.xa2.n56849                    -9.65104e-12
xb1.xa2.n57325                    -9.65104e-12
xb1.xa2.n59747                    -9.65104e-12
xb1.xa2.n59865                    -9.65104e-12
xb1.xa2.n25921                       -0.820799
xb1.xa2.n25929                    -2.62656e-06
xb1.xa2.n65579                    -9.65104e-12
xb1.xa2.n65697                    -9.65104e-12
xb1.xa2.n68774                     5.21846e-05
xb1.xa2.n72398                         11.9743
xb1.xa2.n72391                        -11.9647
xb1.xa2.n81574                    -1.24637e-08
xb1.xa2.n81664                    -1.26139e-08
xb1.xa2.sw_ol_opax197             -9.65104e-12
xb1.xa2.vclp                       5.19712e-05
xb1.xa2.vimon                      7.51265e-06
xb1.xa2.n27785                        0.820799
xb1.xa2.n27793                     2.62654e-06
xb1.xa2.vout_s                     2.24032e-05
xb1.xa2.n2402147                  -9.65109e-12
xb1.xa2.n2402155                  -9.65104e-12
xb1.xa2.n2419074                   5.21324e-05
xb1.xa2.n2525790                   5.20804e-05
xb1.xa2.n2526890                   5.20283e-05
xb1.xa2.n36262                     5.19764e-05
xb1.xa2.n32347                     2.23725e-05
xb1.xa2.clamp                      5.21847e-05
xb1.xa2.esdp                          -5.1e-10
xb1.xa2.esdn                       2.23725e-05
xb1.xa2.n158495                    5.19762e-05
xb1.xa2.cl_clamp                   5.19762e-05
xb1.xa2.n161937                    2.24032e-05
xb1.xa2.claw_clamp                 5.19763e-05
xb1.xa2.n45999                     2.24032e-05
xb1.xa2.vcc_b                               12
xb1.xa2.vee_b                              -12
xb1.xa2.n25415                     1.71194e-05
xb1.xa2.n25397                     1.71195e-05
xb1.xa2.n25248                    -9.65099e-12
xb1.xa2.vcc_clp                        11.9743
xb1.xa2.vee_clp                       -11.9647
xb1.xa2.n1356345                      -4.14995
xb1.xa2.n1356333                      -4.14995
xb1.xa2.n1356409                       4.20005
xb1.xa2.n1356429                       4.20005
xb1.xa2.vsense                     5.21846e-05
xb1.xa2.n28678                     2.23725e-05
xb1.xa2.n28438                     1.71194e-05
xb1.xa2.n24207                        -5.1e-10
xb1.xa2.n31303                     2.23725e-05
xb1.xa2.n31389                            12.1
xb1.xa2.n31737                           -12.1
xb1.xa2.n32236                     2.23725e-05
xb1.xa2.n32510                    -6.51427e-10
xb1.xa2.n46041                      0.00268806
xb1.xa2.n55560                    -9.65104e-12
xb1.xa2.n57321                    -9.65104e-12
xb1.xa2.n59739                            68.9
xb1.xa2.n59743                    -9.65104e-12
xb1.xa2.n59881                    -9.65104e-12
xb1.xa2.n59905                           -68.9
xb1.xa2.n65567                             265
xb1.xa2.n65575                    -9.65104e-12
xb1.xa2.n65713                    -9.65104e-12
xb1.xa2.n65737                            -265
xb1.xa2.n72064                         11.9743
xb1.xa2.n72073                        -11.9647
xb1.xa2.v11                       -1.24637e-08
xb1.xa2.v12                       -1.26139e-08
xb1.xa2.n81756                    -9.65104e-12
xb1.xa2.n161737                    7.51265e-06
xb1.xa2.n1356115                       4.20005
xb1.xa2.n1356061                      -4.14995
xb1.xa2.x_u1.7                        0.833786
xb1.xa2.x_u1.8                        0.833786
xb1.xa2.x_u1.3                               0
xb1.xa2.x_u1.6                               0
xb1.xa2.x_u1.4                               0
xb1.xa2.x_u1.5                               0
xb1.xa2.x_u10.gvo+_int1                      0
xb1.xa2.x_u10.gvo-_int1                      0
xb1.xa2.x_u11.gvo+_int1                      0
xb1.xa2.x_u11.gvo-_int1                      0
xb1.xa2.x_u12.gvo+_int1                      0
xb1.xa2.x_u12.gvo-_int1                      0
xb1.xa2.x_u16.gsw+_int1                      0
xb1.xa2.x_u18.g1_int1              2.56177e-05
xb1.xa2.x_u18.g1_int2              7.51266e-06
xb1.xa2.x_u19.g1_int1              3.52741e-05
xb1.xa2.x_u19.g1_int2             -7.51266e-06
xb1.xa2.x_u22.g1_int1                        0
xb1.xa2.x_u23.g1_int1                        0
xb1.xa2.x_u26.g1_int1              7.51266e-09
xb1.xa2.x_u27.g1_int1                        0
xb1.xa2.x_u30.g1_int1             -6.42427e-16
xb1.xa2.x_u31.g1_int1             -4.78123e-11
xb1.xa2.x_u32.g1_int1               0.00268806
xb1.xa2.x_u35.g1_int1                        0
xb1.xa2.x_u36.3                              0
xb1.xa2.x_u36.5                              0
xb1.xa2.x_u37.3                              0
xb1.xa2.x_u37.5                              0
xb1.xa2.x_u4.e1_int1                 1.712e-05
xb1.xa2.x_u6.g1_int1               2.23725e-05
xb2.yc                             1.35685e-24
xb2.xb1.n24458                    -9.87817e-12
xb2.xb1.n24659                    -9.65109e-12
xb2.xb1.n37029                      0.00268459
xb2.xb1.n37037                     0.000272559
xb2.xb1.n39124                      0.00268444
xb2.xb1.n39892                     4.02563e-08
xb2.xb1.n2425309                            12
xb2.xb1.n2425287                  -9.65104e-12
xb2.xb1.n2425325                           -12
xb2.xb1.mid                       -9.65104e-12
xb2.xb1.n56849                    -9.65104e-12
xb2.xb1.n57325                    -9.65104e-12
xb2.xb1.n59747                    -9.65104e-12
xb2.xb1.n59865                    -9.65104e-12
xb2.xb1.n25921                       -0.820799
xb2.xb1.n25929                    -2.62656e-06
xb2.xb1.n65579                    -9.65104e-12
xb2.xb1.n65697                    -9.65104e-12
xb2.xb1.n68774                     5.21137e-05
xb2.xb1.n72398                         11.9743
xb2.xb1.n72391                        -11.9647
xb2.xb1.n81574                    -1.24637e-08
xb2.xb1.n81664                    -1.26139e-08
xb2.xb1.sw_ol_opax197             -9.65104e-12
xb2.xb1.vclp                       5.19006e-05
xb2.xb1.vimon                      7.50243e-06
xb2.xb1.n27785                        0.820799
xb2.xb1.n27793                     2.62654e-06
xb2.xb1.vout_s                     2.23728e-05
xb2.xb1.n2402147                  -9.65109e-12
xb2.xb1.n2402155                  -9.65104e-12
xb2.xb1.n2419074                   5.20616e-05
xb2.xb1.n2525790                   5.20096e-05
xb2.xb1.n2526890                   5.19576e-05
xb2.xb1.n36262                     5.19057e-05
xb2.xb1.n32347                     2.23725e-05
xb2.xb1.clamp                      5.21138e-05
xb2.xb1.esdp                          -5.1e-10
xb2.xb1.esdn                       2.23725e-05
xb2.xb1.n158495                    5.19056e-05
xb2.xb1.cl_clamp                   5.19056e-05
xb2.xb1.n161937                    2.23728e-05
xb2.bufa                           2.23728e-05
xb2.xb1.claw_clamp                 5.19057e-05
xb2.xb1.n45999                     2.23728e-05
xb2.xb1.vcc_b                               12
xb2.xb1.vee_b                              -12
xb2.xb1.n25415                     1.71194e-05
xb2.xb1.n25397                     1.71195e-05
xb2.xb1.n25248                    -9.65099e-12
xb2.xb1.vcc_clp                        11.9743
xb2.xb1.vee_clp                       -11.9647
xb2.xb1.n1356345                      -4.14995
xb2.xb1.n1356333                      -4.14995
xb2.xb1.n1356409                       4.20005
xb2.xb1.n1356429                       4.20005
xb2.xb1.vsense                     5.21137e-05
xb2.xb1.n28678                     2.23725e-05
xb2.xb1.n28438                     1.71194e-05
xb2.xb1.n24207                        -5.1e-10
xb2.xb1.n31303                     2.23725e-05
xb2.xb1.n31389                            12.1
xb2.xb1.n31737                           -12.1
xb2.xb1.n32236                     2.23725e-05
xb2.xb1.n32510                    -6.52379e-10
xb2.xb1.n46041                       0.0026844
xb2.xb1.n55560                    -9.65104e-12
xb2.xb1.n57321                    -9.65104e-12
xb2.xb1.n59739                            68.9
xb2.xb1.n59743                    -9.65104e-12
xb2.xb1.n59881                    -9.65104e-12
xb2.xb1.n59905                           -68.9
xb2.xb1.n65567                             265
xb2.xb1.n65575                    -9.65104e-12
xb2.xb1.n65713                    -9.65104e-12
xb2.xb1.n65737                            -265
xb2.xb1.n72064                         11.9743
xb2.xb1.n72073                        -11.9647
xb2.xb1.v11                       -1.24637e-08
xb2.xb1.v12                       -1.26139e-08
xb2.xb1.n81756                    -9.65104e-12
xb2.xb1.n161737                    7.50243e-06
xb2.xb1.n1356115                       4.20005
xb2.xb1.n1356061                      -4.14995
xb2.xb1.x_u1.7                        0.833786
xb2.xb1.x_u1.8                        0.833786
xb2.xb1.x_u1.3                               0
xb2.xb1.x_u1.6                               0
xb2.xb1.x_u1.4                               0
xb2.xb1.x_u1.5                               0
xb2.xb1.x_u10.gvo+_int1                      0
xb2.xb1.x_u10.gvo-_int1                      0
xb2.xb1.x_u11.gvo+_int1                      0
xb2.xb1.x_u11.gvo-_int1                      0
xb2.xb1.x_u12.gvo+_int1                      0
xb2.xb1.x_u12.gvo-_int1                      0
xb2.xb1.x_u16.gsw+_int1                      0
xb2.xb1.x_u18.g1_int1              2.56177e-05
xb2.xb1.x_u18.g1_int2              7.50244e-06
xb2.xb1.x_u19.g1_int1              3.52741e-05
xb2.xb1.x_u19.g1_int2             -7.50244e-06
xb2.xb1.x_u22.g1_int1             -1.03721e-24
xb2.xb1.x_u23.g1_int1                        0
xb2.xb1.x_u26.g1_int1              7.50244e-09
xb2.xb1.x_u27.g1_int1                        0
xb2.xb1.x_u30.g1_int1              -6.4338e-16
xb2.xb1.x_u31.g1_int1             -4.78832e-11
xb2.xb1.x_u32.g1_int1               0.00268441
xb2.xb1.x_u35.g1_int1                        0
xb2.xb1.x_u36.3                              0
xb2.xb1.x_u36.5                              0
xb2.xb1.x_u37.3                              0
xb2.xb1.x_u37.5                              0
xb2.xb1.x_u4.e1_int1                 1.712e-05
xb2.xb1.x_u6.g1_int1               2.23725e-05
xb2.hb                              4.4776e-05
xb2.mb                             2.23728e-05
xb2.xb2.n24458                    -9.87861e-12
xb2.xb2.n24659                    -9.65152e-12
xb2.xb2.n37029                      0.00609901
xb2.xb2.n37037                     0.000619216
xb2.xb2.n39124                      0.00609867
xb2.xb2.n39892                     9.14691e-08
xb2.xb2.n2425309                            12
xb2.xb2.n2425287                  -9.65147e-12
xb2.xb2.n2425325                           -12
xb2.xb2.mid                       -9.65147e-12
xb2.xb2.n56849                    -9.65147e-12
xb2.xb2.n57325                    -9.65147e-12
xb2.xb2.n59747                    -9.65147e-12
xb2.xb2.n59865                    -9.65147e-12
xb2.xb2.n25921                       -0.820799
xb2.xb2.n25929                    -2.62656e-06
xb2.xb2.n65579                    -9.65147e-12
xb2.xb2.n65697                    -9.65147e-12
xb2.xb2.n68774                     0.000112319
xb2.xb2.n72398                         11.9743
xb2.xb2.n72391                        -11.9647
xb2.xb2.n81574                    -1.24637e-08
xb2.xb2.n81664                     -1.2614e-08
xb2.xb2.sw_ol_opax197             -9.65147e-12
xb2.xb2.vclp                       0.000111866
xb2.xb2.vimon                      1.72493e-05
xb2.xb2.n27785                        0.820799
xb2.xb2.n27793                     2.62654e-06
xb2.xb2.vout_s                      4.4776e-05
xb2.xb2.n2402147                  -9.65152e-12
xb2.xb2.n2402155                  -9.65147e-12
xb2.xb2.n2419074                   0.000112207
xb2.xb2.n2525790                   0.000112095
xb2.xb2.n2526890                   0.000111983
xb2.xb2.n36262                     0.000111871
xb2.xb2.n32347                     2.23725e-05
xb2.xb2.clamp                      0.000112319
xb2.xb2.esdp                          -5.1e-10
xb2.xb2.esdn                       2.23725e-05
xb2.xb2.n158495                    0.000111871
xb2.xb2.cl_clamp                   0.000111871
xb2.xb2.n161937                     4.4776e-05
xb2.xb2.claw_clamp                 0.000111871
xb2.xb2.n45999                      4.4776e-05
xb2.xb2.vcc_b                               12
xb2.xb2.vee_b                              -12
xb2.xb2.n25415                     1.71194e-05
xb2.xb2.n25397                     1.71195e-05
xb2.xb2.n25248                    -9.65142e-12
xb2.xb2.vcc_clp                        11.9743
xb2.xb2.vee_clp                       -11.9647
xb2.xb2.n1356345                      -4.14989
xb2.xb2.n1356333                      -4.14989
xb2.xb2.n1356409                       4.20011
xb2.xb2.n1356429                       4.20011
xb2.xb2.vsense                     0.000112319
xb2.xb2.n28678                     2.23725e-05
xb2.xb2.n28438                     1.71194e-05
xb2.xb2.n24207                        -5.1e-10
xb2.xb2.n31303                     2.23725e-05
xb2.xb2.n31389                            12.1
xb2.xb2.n31737                           -12.1
xb2.xb2.n32236                     2.23725e-05
xb2.xb2.n32510                     1.56567e-10
xb2.xb2.n46041                      0.00609859
xb2.xb2.n55560                    -9.65147e-12
xb2.xb2.n57321                    -9.65147e-12
xb2.xb2.n59739                            68.9
xb2.xb2.n59743                    -9.65147e-12
xb2.xb2.n59881                    -9.65147e-12
xb2.xb2.n59905                           -68.9
xb2.xb2.n65567                             265
xb2.xb2.n65575                    -9.65147e-12
xb2.xb2.n65713                    -9.65147e-12
xb2.xb2.n65737                            -265
xb2.xb2.n72064                         11.9743
xb2.xb2.n72073                        -11.9647
xb2.xb2.v11                       -1.24637e-08
xb2.xb2.v12                        -1.2614e-08
xb2.xb2.n81756                    -9.65147e-12
xb2.xb2.n161737                    1.72493e-05
xb2.xb2.n1356115                       4.20011
xb2.xb2.n1356061                      -4.14989
xb2.xb2.x_u1.7                        0.833786
xb2.xb2.x_u1.8                        0.833786
xb2.xb2.x_u1.3                               0
xb2.xb2.x_u1.6                               0
xb2.xb2.x_u1.4                               0
xb2.xb2.x_u1.5                               0
xb2.xb2.x_u10.gvo+_int1                      0
xb2.xb2.x_u10.gvo-_int1                      0
xb2.xb2.x_u11.gvo+_int1                      0
xb2.xb2.x_u11.gvo-_int1                      0
xb2.xb2.x_u12.gvo+_int1                      0
xb2.xb2.x_u12.gvo-_int1                      0
xb2.xb2.x_u16.gsw+_int1                      0
xb2.xb2.x_u18.g1_int1              2.56179e-05
xb2.xb2.x_u18.g1_int2              1.72494e-05
xb2.xb2.x_u19.g1_int1              3.52739e-05
xb2.xb2.x_u19.g1_int2             -1.72494e-05
xb2.xb2.x_u22.g1_int1                        0
xb2.xb2.x_u23.g1_int1                        0
xb2.xb2.x_u26.g1_int1              1.72494e-08
xb2.xb2.x_u27.g1_int1                        0
xb2.xb2.x_u30.g1_int1              1.66375e-16
xb2.xb2.x_u31.g1_int1              1.23833e-11
xb2.xb2.x_u32.g1_int1               0.00609861
xb2.xb2.x_u35.g1_int1                        0
xb2.xb2.x_u36.3                              0
xb2.xb2.x_u36.5                              0
xb2.xb2.x_u37.3                              0
xb2.xb2.x_u37.5                              0
xb2.xb2.x_u4.e1_int1                 1.712e-05
xb2.xb2.x_u6.g1_int1               2.23725e-05
xb2.xa1.n24458                    -9.87849e-12
xb2.xa1.n24659                     -9.6514e-12
xb2.xa1.n37029                     0.000247114
xb2.xa1.n37037                     2.50888e-05
xb2.xa1.n39124                       0.0002471
xb2.xa1.n39892                     3.69679e-09
xb2.xa1.n2425309                            12
xb2.xa1.n2425287                  -9.65135e-12
xb2.xa1.n2425325                           -12
xb2.xa1.mid                       -9.65135e-12
xb2.xa1.n56849                    -9.65135e-12
xb2.xa1.n57325                    -9.65135e-12
xb2.xa1.n59747                    -9.65135e-12
xb2.xa1.n59865                    -9.65135e-12
xb2.xa1.n25921                       -0.820799
xb2.xa1.n25929                    -2.62656e-06
xb2.xa1.n65579                    -9.65135e-12
xb2.xa1.n65697                    -9.65135e-12
xb2.xa1.n68774                     2.51919e-05
xb2.xa1.n72398                         11.9743
xb2.xa1.n72391                        -11.9647
xb2.xa1.n81574                    -1.24638e-08
xb2.xa1.n81664                    -1.26139e-08
xb2.xa1.sw_ol_opax197             -9.65135e-12
xb2.xa1.vclp                       2.50863e-05
xb2.xa1.vimon                      3.03177e-09
xb2.xa1.n27785                        0.820799
xb2.xa1.n27793                     2.62654e-06
xb2.xa1.vout_s                     2.23728e-05
xb2.xa1.n2402147                   -9.6514e-12
xb2.xa1.n2402155                  -9.65135e-12
xb2.xa1.n2419074                   2.51667e-05
xb2.xa1.n2525790                   2.51415e-05
xb2.xa1.n2526890                   2.51164e-05
xb2.xa1.n36262                     2.50913e-05
xb2.xa1.n32347                     2.23725e-05
xb2.xa1.clamp                      2.51919e-05
xb2.xa1.esdp                          -5.1e-10
xb2.xa1.esdn                       2.23725e-05
xb2.xa1.n158495                    2.50913e-05
xb2.xa1.cl_clamp                   2.50913e-05
xb2.xa1.n161937                    2.23728e-05
xb2.bufb                           2.23728e-05
xb2.xa1.claw_clamp                 2.50913e-05
xb2.xa1.n45999                     2.23728e-05
xb2.xa1.vcc_b                               12
xb2.xa1.vee_b                              -12
xb2.xa1.n25415                     1.71194e-05
xb2.xa1.n25397                     1.71195e-05
xb2.xa1.n25248                    -9.65131e-12
xb2.xa1.vcc_clp                        11.9743
xb2.xa1.vee_clp                       -11.9647
xb2.xa1.n1356345                      -4.14997
xb2.xa1.n1356333                      -4.14997
xb2.xa1.n1356409                       4.20003
xb2.xa1.n1356429                       4.20003
xb2.xa1.vsense                     2.51919e-05
xb2.xa1.n28678                     2.23725e-05
xb2.xa1.n28438                     1.71194e-05
xb2.xa1.n24207                        -5.1e-10
xb2.xa1.n31303                     2.23725e-05
xb2.xa1.n31389                            12.1
xb2.xa1.n31737                           -12.1
xb2.xa1.n32236                     2.23725e-05
xb2.xa1.n32510                    -1.01411e-09
xb2.xa1.n46041                     0.000247097
xb2.xa1.n55560                    -9.65135e-12
xb2.xa1.n57321                    -9.65135e-12
xb2.xa1.n59739                            68.9
xb2.xa1.n59743                    -9.65135e-12
xb2.xa1.n59881                    -9.65135e-12
xb2.xa1.n59905                           -68.9
xb2.xa1.n65567                             265
xb2.xa1.n65575                    -9.65135e-12
xb2.xa1.n65713                    -9.65135e-12
xb2.xa1.n65737                            -265
xb2.xa1.n72064                         11.9743
xb2.xa1.n72073                        -11.9647
xb2.xa1.v11                       -1.24638e-08
xb2.xa1.v12                       -1.26139e-08
xb2.xa1.n81756                    -9.65135e-12
xb2.xa1.n161737                    3.03177e-09
xb2.xa1.n1356115                       4.20003
xb2.xa1.n1356061                      -4.14997
xb2.xa1.x_u1.7                        0.833786
xb2.xa1.x_u1.8                        0.833786
xb2.xa1.x_u1.3                               0
xb2.xa1.x_u1.6                               0
xb2.xa1.x_u1.4                               0
xb2.xa1.x_u1.5                               0
xb2.xa1.x_u10.gvo+_int1                      0
xb2.xa1.x_u10.gvo-_int1                      0
xb2.xa1.x_u11.gvo+_int1                      0
xb2.xa1.x_u11.gvo-_int1                      0
xb2.xa1.x_u12.gvo+_int1                      0
xb2.xa1.x_u12.gvo-_int1                      0
xb2.xa1.x_u16.gsw+_int1                      0
xb2.xa1.x_u18.g1_int1              2.56175e-05
xb2.xa1.x_u18.g1_int2              3.04142e-09
xb2.xa1.x_u19.g1_int1              3.52742e-05
xb2.xa1.x_u19.g1_int2             -3.04142e-09
xb2.xa1.x_u22.g1_int1                        0
xb2.xa1.x_u23.g1_int1                        0
xb2.xa1.x_u26.g1_int1              3.04142e-12
xb2.xa1.x_u27.g1_int1                        0
xb2.xa1.x_u30.g1_int1             -1.00548e-15
xb2.xa1.x_u31.g1_int1             -7.48325e-11
xb2.xa1.x_u32.g1_int1              0.000247098
xb2.xa1.x_u35.g1_int1                        0
xb2.xa1.x_u36.3                              0
xb2.xa1.x_u36.5                              0
xb2.xa1.x_u37.3                              0
xb2.xa1.x_u37.5                              0
xb2.xa1.x_u4.e1_int1                 1.712e-05
xb2.xa1.x_u6.g1_int1               2.23725e-05
xb2.ha                             2.24032e-05
xb2.ma                             2.23728e-05
xb2.xa2.n24458                    -9.87817e-12
xb2.xa2.n24659                    -9.65109e-12
xb2.xa2.n37029                      0.00268824
xb2.xa2.n37037                      0.00027293
xb2.xa2.n39124                      0.00268809
xb2.xa2.n39892                     4.03111e-08
xb2.xa2.n2425309                            12
xb2.xa2.n2425287                  -9.65104e-12
xb2.xa2.n2425325                           -12
xb2.xa2.mid                       -9.65104e-12
xb2.xa2.n56849                    -9.65104e-12
xb2.xa2.n57325                    -9.65104e-12
xb2.xa2.n59747                    -9.65104e-12
xb2.xa2.n59865                    -9.65104e-12
xb2.xa2.n25921                       -0.820799
xb2.xa2.n25929                    -2.62656e-06
xb2.xa2.n65579                    -9.65104e-12
xb2.xa2.n65697                    -9.65104e-12
xb2.xa2.n68774                     5.21846e-05
xb2.xa2.n72398                         11.9743
xb2.xa2.n72391                        -11.9647
xb2.xa2.n81574                    -1.24637e-08
xb2.xa2.n81664                    -1.26139e-08
xb2.xa2.sw_ol_opax197             -9.65104e-12
xb2.xa2.vclp                       5.19712e-05
xb2.xa2.vimon                      7.51265e-06
xb2.xa2.n27785                        0.820799
xb2.xa2.n27793                     2.62654e-06
xb2.xa2.vout_s                     2.24032e-05
xb2.xa2.n2402147                  -9.65109e-12
xb2.xa2.n2402155                  -9.65104e-12
xb2.xa2.n2419074                   5.21324e-05
xb2.xa2.n2525790                   5.20804e-05
xb2.xa2.n2526890                   5.20283e-05
xb2.xa2.n36262                     5.19764e-05
xb2.xa2.n32347                     2.23725e-05
xb2.xa2.clamp                      5.21847e-05
xb2.xa2.esdp                          -5.1e-10
xb2.xa2.esdn                       2.23725e-05
xb2.xa2.n158495                    5.19762e-05
xb2.xa2.cl_clamp                   5.19762e-05
xb2.xa2.n161937                    2.24032e-05
xb2.xa2.claw_clamp                 5.19763e-05
xb2.xa2.n45999                     2.24032e-05
xb2.xa2.vcc_b                               12
xb2.xa2.vee_b                              -12
xb2.xa2.n25415                     1.71194e-05
xb2.xa2.n25397                     1.71195e-05
xb2.xa2.n25248                    -9.65099e-12
xb2.xa2.vcc_clp                        11.9743
xb2.xa2.vee_clp                       -11.9647
xb2.xa2.n1356345                      -4.14995
xb2.xa2.n1356333                      -4.14995
xb2.xa2.n1356409                       4.20005
xb2.xa2.n1356429                       4.20005
xb2.xa2.vsense                     5.21846e-05
xb2.xa2.n28678                     2.23725e-05
xb2.xa2.n28438                     1.71194e-05
xb2.xa2.n24207                        -5.1e-10
xb2.xa2.n31303                     2.23725e-05
xb2.xa2.n31389                            12.1
xb2.xa2.n31737                           -12.1
xb2.xa2.n32236                     2.23725e-05
xb2.xa2.n32510                    -6.51427e-10
xb2.xa2.n46041                      0.00268806
xb2.xa2.n55560                    -9.65104e-12
xb2.xa2.n57321                    -9.65104e-12
xb2.xa2.n59739                            68.9
xb2.xa2.n59743                    -9.65104e-12
xb2.xa2.n59881                    -9.65104e-12
xb2.xa2.n59905                           -68.9
xb2.xa2.n65567                             265
xb2.xa2.n65575                    -9.65104e-12
xb2.xa2.n65713                    -9.65104e-12
xb2.xa2.n65737                            -265
xb2.xa2.n72064                         11.9743
xb2.xa2.n72073                        -11.9647
xb2.xa2.v11                       -1.24637e-08
xb2.xa2.v12                       -1.26139e-08
xb2.xa2.n81756                    -9.65104e-12
xb2.xa2.n161737                    7.51265e-06
xb2.xa2.n1356115                       4.20005
xb2.xa2.n1356061                      -4.14995
xb2.xa2.x_u1.7                        0.833786
xb2.xa2.x_u1.8                        0.833786
xb2.xa2.x_u1.3                               0
xb2.xa2.x_u1.6                               0
xb2.xa2.x_u1.4                               0
xb2.xa2.x_u1.5                               0
xb2.xa2.x_u10.gvo+_int1                      0
xb2.xa2.x_u10.gvo-_int1                      0
xb2.xa2.x_u11.gvo+_int1                      0
xb2.xa2.x_u11.gvo-_int1                      0
xb2.xa2.x_u12.gvo+_int1                      0
xb2.xa2.x_u12.gvo-_int1                      0
xb2.xa2.x_u16.gsw+_int1                      0
xb2.xa2.x_u18.g1_int1              2.56177e-05
xb2.xa2.x_u18.g1_int2              7.51266e-06
xb2.xa2.x_u19.g1_int1              3.52741e-05
xb2.xa2.x_u19.g1_int2             -7.51266e-06
xb2.xa2.x_u22.g1_int1                        0
xb2.xa2.x_u23.g1_int1                        0
xb2.xa2.x_u26.g1_int1              7.51266e-09
xb2.xa2.x_u27.g1_int1                        0
xb2.xa2.x_u30.g1_int1             -6.42427e-16
xb2.xa2.x_u31.g1_int1             -4.78123e-11
xb2.xa2.x_u32.g1_int1               0.00268806
xb2.xa2.x_u35.g1_int1                        0
xb2.xa2.x_u36.3                              0
xb2.xa2.x_u36.5                              0
xb2.xa2.x_u37.3                              0
xb2.xa2.x_u37.5                              0
xb2.xa2.x_u4.e1_int1                 1.712e-05
xb2.xa2.x_u6.g1_int1               2.23725e-05
xb3.yc                                       0
xb3.xb1.n24458                    -9.87817e-12
xb3.xb1.n24659                    -9.65109e-12
xb3.xb1.n37029                      0.00268459
xb3.xb1.n37037                     0.000272559
xb3.xb1.n39124                      0.00268444
xb3.xb1.n39892                     4.02563e-08
xb3.xb1.n2425309                            12
xb3.xb1.n2425287                  -9.65104e-12
xb3.xb1.n2425325                           -12
xb3.xb1.mid                       -9.65104e-12
xb3.xb1.n56849                    -9.65104e-12
xb3.xb1.n57325                    -9.65104e-12
xb3.xb1.n59747                    -9.65104e-12
xb3.xb1.n59865                    -9.65104e-12
xb3.xb1.n25921                       -0.820799
xb3.xb1.n25929                    -2.62656e-06
xb3.xb1.n65579                    -9.65104e-12
xb3.xb1.n65697                    -9.65104e-12
xb3.xb1.n68774                     5.21137e-05
xb3.xb1.n72398                         11.9743
xb3.xb1.n72391                        -11.9647
xb3.xb1.n81574                    -1.24637e-08
xb3.xb1.n81664                    -1.26139e-08
xb3.xb1.sw_ol_opax197             -9.65104e-12
xb3.xb1.vclp                       5.19006e-05
xb3.xb1.vimon                      7.50243e-06
xb3.xb1.n27785                        0.820799
xb3.xb1.n27793                     2.62654e-06
xb3.xb1.vout_s                     2.23728e-05
xb3.xb1.n2402147                  -9.65109e-12
xb3.xb1.n2402155                  -9.65104e-12
xb3.xb1.n2419074                   5.20616e-05
xb3.xb1.n2525790                   5.20096e-05
xb3.xb1.n2526890                   5.19576e-05
xb3.xb1.n36262                     5.19057e-05
xb3.xb1.n32347                     2.23725e-05
xb3.xb1.clamp                      5.21138e-05
xb3.xb1.esdp                          -5.1e-10
xb3.xb1.esdn                       2.23725e-05
xb3.xb1.n158495                    5.19056e-05
xb3.xb1.cl_clamp                   5.19056e-05
xb3.xb1.n161937                    2.23728e-05
xb3.bufa                           2.23728e-05
xb3.xb1.claw_clamp                 5.19057e-05
xb3.xb1.n45999                     2.23728e-05
xb3.xb1.vcc_b                               12
xb3.xb1.vee_b                              -12
xb3.xb1.n25415                     1.71194e-05
xb3.xb1.n25397                     1.71195e-05
xb3.xb1.n25248                    -9.65099e-12
xb3.xb1.vcc_clp                        11.9743
xb3.xb1.vee_clp                       -11.9647
xb3.xb1.n1356345                      -4.14995
xb3.xb1.n1356333                      -4.14995
xb3.xb1.n1356409                       4.20005
xb3.xb1.n1356429                       4.20005
xb3.xb1.vsense                     5.21137e-05
xb3.xb1.n28678                     2.23725e-05
xb3.xb1.n28438                     1.71194e-05
xb3.xb1.n24207                        -5.1e-10
xb3.xb1.n31303                     2.23725e-05
xb3.xb1.n31389                            12.1
xb3.xb1.n31737                           -12.1
xb3.xb1.n32236                     2.23725e-05
xb3.xb1.n32510                    -6.52379e-10
xb3.xb1.n46041                       0.0026844
xb3.xb1.n55560                    -9.65104e-12
xb3.xb1.n57321                    -9.65104e-12
xb3.xb1.n59739                            68.9
xb3.xb1.n59743                    -9.65104e-12
xb3.xb1.n59881                    -9.65104e-12
xb3.xb1.n59905                           -68.9
xb3.xb1.n65567                             265
xb3.xb1.n65575                    -9.65104e-12
xb3.xb1.n65713                    -9.65104e-12
xb3.xb1.n65737                            -265
xb3.xb1.n72064                         11.9743
xb3.xb1.n72073                        -11.9647
xb3.xb1.v11                       -1.24637e-08
xb3.xb1.v12                       -1.26139e-08
xb3.xb1.n81756                    -9.65104e-12
xb3.xb1.n161737                    7.50243e-06
xb3.xb1.n1356115                       4.20005
xb3.xb1.n1356061                      -4.14995
xb3.xb1.x_u1.7                        0.833786
xb3.xb1.x_u1.8                        0.833786
xb3.xb1.x_u1.3                               0
xb3.xb1.x_u1.6                               0
xb3.xb1.x_u1.4                               0
xb3.xb1.x_u1.5                               0
xb3.xb1.x_u10.gvo+_int1                      0
xb3.xb1.x_u10.gvo-_int1                      0
xb3.xb1.x_u11.gvo+_int1                      0
xb3.xb1.x_u11.gvo-_int1                      0
xb3.xb1.x_u12.gvo+_int1                      0
xb3.xb1.x_u12.gvo-_int1                      0
xb3.xb1.x_u16.gsw+_int1                      0
xb3.xb1.x_u18.g1_int1              2.56177e-05
xb3.xb1.x_u18.g1_int2              7.50244e-06
xb3.xb1.x_u19.g1_int1              3.52741e-05
xb3.xb1.x_u19.g1_int2             -7.50244e-06
xb3.xb1.x_u22.g1_int1                        0
xb3.xb1.x_u23.g1_int1                        0
xb3.xb1.x_u26.g1_int1              7.50244e-09
xb3.xb1.x_u27.g1_int1                        0
xb3.xb1.x_u30.g1_int1              -6.4338e-16
xb3.xb1.x_u31.g1_int1             -4.78832e-11
xb3.xb1.x_u32.g1_int1               0.00268441
xb3.xb1.x_u35.g1_int1                        0
xb3.xb1.x_u36.3                              0
xb3.xb1.x_u36.5                              0
xb3.xb1.x_u37.3                              0
xb3.xb1.x_u37.5                              0
xb3.xb1.x_u4.e1_int1                 1.712e-05
xb3.xb1.x_u6.g1_int1               2.23725e-05
xb3.hb                              4.4776e-05
xb3.mb                             2.23728e-05
xb3.xb2.n24458                    -9.87861e-12
xb3.xb2.n24659                    -9.65152e-12
xb3.xb2.n37029                      0.00609901
xb3.xb2.n37037                     0.000619216
xb3.xb2.n39124                      0.00609867
xb3.xb2.n39892                     9.14691e-08
xb3.xb2.n2425309                            12
xb3.xb2.n2425287                  -9.65147e-12
xb3.xb2.n2425325                           -12
xb3.xb2.mid                       -9.65147e-12
xb3.xb2.n56849                    -9.65147e-12
xb3.xb2.n57325                    -9.65147e-12
xb3.xb2.n59747                    -9.65147e-12
xb3.xb2.n59865                    -9.65147e-12
xb3.xb2.n25921                       -0.820799
xb3.xb2.n25929                    -2.62656e-06
xb3.xb2.n65579                    -9.65147e-12
xb3.xb2.n65697                    -9.65147e-12
xb3.xb2.n68774                     0.000112319
xb3.xb2.n72398                         11.9743
xb3.xb2.n72391                        -11.9647
xb3.xb2.n81574                    -1.24637e-08
xb3.xb2.n81664                     -1.2614e-08
xb3.xb2.sw_ol_opax197             -9.65147e-12
xb3.xb2.vclp                       0.000111866
xb3.xb2.vimon                      1.72493e-05
xb3.xb2.n27785                        0.820799
xb3.xb2.n27793                     2.62654e-06
xb3.xb2.vout_s                      4.4776e-05
xb3.xb2.n2402147                  -9.65152e-12
xb3.xb2.n2402155                  -9.65147e-12
xb3.xb2.n2419074                   0.000112207
xb3.xb2.n2525790                   0.000112095
xb3.xb2.n2526890                   0.000111983
xb3.xb2.n36262                     0.000111871
xb3.xb2.n32347                     2.23725e-05
xb3.xb2.clamp                      0.000112319
xb3.xb2.esdp                          -5.1e-10
xb3.xb2.esdn                       2.23725e-05
xb3.xb2.n158495                    0.000111871
xb3.xb2.cl_clamp                   0.000111871
xb3.xb2.n161937                     4.4776e-05
xb3.xb2.claw_clamp                 0.000111871
xb3.xb2.n45999                      4.4776e-05
xb3.xb2.vcc_b                               12
xb3.xb2.vee_b                              -12
xb3.xb2.n25415                     1.71194e-05
xb3.xb2.n25397                     1.71195e-05
xb3.xb2.n25248                    -9.65142e-12
xb3.xb2.vcc_clp                        11.9743
xb3.xb2.vee_clp                       -11.9647
xb3.xb2.n1356345                      -4.14989
xb3.xb2.n1356333                      -4.14989
xb3.xb2.n1356409                       4.20011
xb3.xb2.n1356429                       4.20011
xb3.xb2.vsense                     0.000112319
xb3.xb2.n28678                     2.23725e-05
xb3.xb2.n28438                     1.71194e-05
xb3.xb2.n24207                        -5.1e-10
xb3.xb2.n31303                     2.23725e-05
xb3.xb2.n31389                            12.1
xb3.xb2.n31737                           -12.1
xb3.xb2.n32236                     2.23725e-05
xb3.xb2.n32510                     1.56567e-10
xb3.xb2.n46041                      0.00609859
xb3.xb2.n55560                    -9.65147e-12
xb3.xb2.n57321                    -9.65147e-12
xb3.xb2.n59739                            68.9
xb3.xb2.n59743                    -9.65147e-12
xb3.xb2.n59881                    -9.65147e-12
xb3.xb2.n59905                           -68.9
xb3.xb2.n65567                             265
xb3.xb2.n65575                    -9.65147e-12
xb3.xb2.n65713                    -9.65147e-12
xb3.xb2.n65737                            -265
xb3.xb2.n72064                         11.9743
xb3.xb2.n72073                        -11.9647
xb3.xb2.v11                       -1.24637e-08
xb3.xb2.v12                        -1.2614e-08
xb3.xb2.n81756                    -9.65147e-12
xb3.xb2.n161737                    1.72493e-05
xb3.xb2.n1356115                       4.20011
xb3.xb2.n1356061                      -4.14989
xb3.xb2.x_u1.7                        0.833786
xb3.xb2.x_u1.8                        0.833786
xb3.xb2.x_u1.3                               0
xb3.xb2.x_u1.6                               0
xb3.xb2.x_u1.4                               0
xb3.xb2.x_u1.5                               0
xb3.xb2.x_u10.gvo+_int1                      0
xb3.xb2.x_u10.gvo-_int1                      0
xb3.xb2.x_u11.gvo+_int1                      0
xb3.xb2.x_u11.gvo-_int1                      0
xb3.xb2.x_u12.gvo+_int1                      0
xb3.xb2.x_u12.gvo-_int1                      0
xb3.xb2.x_u16.gsw+_int1                      0
xb3.xb2.x_u18.g1_int1              2.56179e-05
xb3.xb2.x_u18.g1_int2              1.72494e-05
xb3.xb2.x_u19.g1_int1              3.52739e-05
xb3.xb2.x_u19.g1_int2             -1.72494e-05
xb3.xb2.x_u22.g1_int1                        0
xb3.xb2.x_u23.g1_int1                        0
xb3.xb2.x_u26.g1_int1              1.72494e-08
xb3.xb2.x_u27.g1_int1                        0
xb3.xb2.x_u30.g1_int1              1.66375e-16
xb3.xb2.x_u31.g1_int1              1.23833e-11
xb3.xb2.x_u32.g1_int1               0.00609861
xb3.xb2.x_u35.g1_int1                        0
xb3.xb2.x_u36.3                              0
xb3.xb2.x_u36.5                              0
xb3.xb2.x_u37.3                              0
xb3.xb2.x_u37.5                              0
xb3.xb2.x_u4.e1_int1                 1.712e-05
xb3.xb2.x_u6.g1_int1               2.23725e-05
xb3.xa1.n24458                    -9.87849e-12
xb3.xa1.n24659                     -9.6514e-12
xb3.xa1.n37029                     0.000247114
xb3.xa1.n37037                     2.50888e-05
xb3.xa1.n39124                       0.0002471
xb3.xa1.n39892                     3.69679e-09
xb3.xa1.n2425309                            12
xb3.xa1.n2425287                  -9.65135e-12
xb3.xa1.n2425325                           -12
xb3.xa1.mid                       -9.65135e-12
xb3.xa1.n56849                    -9.65135e-12
xb3.xa1.n57325                    -9.65135e-12
xb3.xa1.n59747                    -9.65135e-12
xb3.xa1.n59865                    -9.65135e-12
xb3.xa1.n25921                       -0.820799
xb3.xa1.n25929                    -2.62656e-06
xb3.xa1.n65579                    -9.65135e-12
xb3.xa1.n65697                    -9.65135e-12
xb3.xa1.n68774                     2.51919e-05
xb3.xa1.n72398                         11.9743
xb3.xa1.n72391                        -11.9647
xb3.xa1.n81574                    -1.24638e-08
xb3.xa1.n81664                    -1.26139e-08
xb3.xa1.sw_ol_opax197             -9.65135e-12
xb3.xa1.vclp                       2.50863e-05
xb3.xa1.vimon                      3.03177e-09
xb3.xa1.n27785                        0.820799
xb3.xa1.n27793                     2.62654e-06
xb3.xa1.vout_s                     2.23728e-05
xb3.xa1.n2402147                   -9.6514e-12
xb3.xa1.n2402155                  -9.65135e-12
xb3.xa1.n2419074                   2.51667e-05
xb3.xa1.n2525790                   2.51415e-05
xb3.xa1.n2526890                   2.51164e-05
xb3.xa1.n36262                     2.50913e-05
xb3.xa1.n32347                     2.23725e-05
xb3.xa1.clamp                      2.51919e-05
xb3.xa1.esdp                          -5.1e-10
xb3.xa1.esdn                       2.23725e-05
xb3.xa1.n158495                    2.50913e-05
xb3.xa1.cl_clamp                   2.50913e-05
xb3.xa1.n161937                    2.23728e-05
xb3.bufb                           2.23728e-05
xb3.xa1.claw_clamp                 2.50913e-05
xb3.xa1.n45999                     2.23728e-05
xb3.xa1.vcc_b                               12
xb3.xa1.vee_b                              -12
xb3.xa1.n25415                     1.71194e-05
xb3.xa1.n25397                     1.71195e-05
xb3.xa1.n25248                    -9.65131e-12
xb3.xa1.vcc_clp                        11.9743
xb3.xa1.vee_clp                       -11.9647
xb3.xa1.n1356345                      -4.14997
xb3.xa1.n1356333                      -4.14997
xb3.xa1.n1356409                       4.20003
xb3.xa1.n1356429                       4.20003
xb3.xa1.vsense                     2.51919e-05
xb3.xa1.n28678                     2.23725e-05
xb3.xa1.n28438                     1.71194e-05
xb3.xa1.n24207                        -5.1e-10
xb3.xa1.n31303                     2.23725e-05
xb3.xa1.n31389                            12.1
xb3.xa1.n31737                           -12.1
xb3.xa1.n32236                     2.23725e-05
xb3.xa1.n32510                    -1.01411e-09
xb3.xa1.n46041                     0.000247097
xb3.xa1.n55560                    -9.65135e-12
xb3.xa1.n57321                    -9.65135e-12
xb3.xa1.n59739                            68.9
xb3.xa1.n59743                    -9.65135e-12
xb3.xa1.n59881                    -9.65135e-12
xb3.xa1.n59905                           -68.9
xb3.xa1.n65567                             265
xb3.xa1.n65575                    -9.65135e-12
xb3.xa1.n65713                    -9.65135e-12
xb3.xa1.n65737                            -265
xb3.xa1.n72064                         11.9743
xb3.xa1.n72073                        -11.9647
xb3.xa1.v11                       -1.24638e-08
xb3.xa1.v12                       -1.26139e-08
xb3.xa1.n81756                    -9.65135e-12
xb3.xa1.n161737                    3.03177e-09
xb3.xa1.n1356115                       4.20003
xb3.xa1.n1356061                      -4.14997
xb3.xa1.x_u1.7                        0.833786
xb3.xa1.x_u1.8                        0.833786
xb3.xa1.x_u1.3                               0
xb3.xa1.x_u1.6                               0
xb3.xa1.x_u1.4                               0
xb3.xa1.x_u1.5                               0
xb3.xa1.x_u10.gvo+_int1                      0
xb3.xa1.x_u10.gvo-_int1                      0
xb3.xa1.x_u11.gvo+_int1                      0
xb3.xa1.x_u11.gvo-_int1                      0
xb3.xa1.x_u12.gvo+_int1                      0
xb3.xa1.x_u12.gvo-_int1                      0
xb3.xa1.x_u16.gsw+_int1                      0
xb3.xa1.x_u18.g1_int1              2.56175e-05
xb3.xa1.x_u18.g1_int2              3.04142e-09
xb3.xa1.x_u19.g1_int1              3.52742e-05
xb3.xa1.x_u19.g1_int2             -3.04142e-09
xb3.xa1.x_u22.g1_int1                        0
xb3.xa1.x_u23.g1_int1                        0
xb3.xa1.x_u26.g1_int1              3.04142e-12
xb3.xa1.x_u27.g1_int1                        0
xb3.xa1.x_u30.g1_int1             -1.00548e-15
xb3.xa1.x_u31.g1_int1             -7.48325e-11
xb3.xa1.x_u32.g1_int1              0.000247098
xb3.xa1.x_u35.g1_int1                        0
xb3.xa1.x_u36.3                              0
xb3.xa1.x_u36.5                              0
xb3.xa1.x_u37.3                              0
xb3.xa1.x_u37.5                              0
xb3.xa1.x_u4.e1_int1                 1.712e-05
xb3.xa1.x_u6.g1_int1               2.23725e-05
xb3.ha                             2.24032e-05
xb3.ma                             2.23728e-05
xb3.xa2.n24458                    -9.87817e-12
xb3.xa2.n24659                    -9.65109e-12
xb3.xa2.n37029                      0.00268824
xb3.xa2.n37037                      0.00027293
xb3.xa2.n39124                      0.00268809
xb3.xa2.n39892                     4.03111e-08
xb3.xa2.n2425309                            12
xb3.xa2.n2425287                  -9.65104e-12
xb3.xa2.n2425325                           -12
xb3.xa2.mid                       -9.65104e-12
xb3.xa2.n56849                    -9.65104e-12
xb3.xa2.n57325                    -9.65104e-12
xb3.xa2.n59747                    -9.65104e-12
xb3.xa2.n59865                    -9.65104e-12
xb3.xa2.n25921                       -0.820799
xb3.xa2.n25929                    -2.62656e-06
xb3.xa2.n65579                    -9.65104e-12
xb3.xa2.n65697                    -9.65104e-12
xb3.xa2.n68774                     5.21846e-05
xb3.xa2.n72398                         11.9743
xb3.xa2.n72391                        -11.9647
xb3.xa2.n81574                    -1.24637e-08
xb3.xa2.n81664                    -1.26139e-08
xb3.xa2.sw_ol_opax197             -9.65104e-12
xb3.xa2.vclp                       5.19712e-05
xb3.xa2.vimon                      7.51265e-06
xb3.xa2.n27785                        0.820799
xb3.xa2.n27793                     2.62654e-06
xb3.xa2.vout_s                     2.24032e-05
xb3.xa2.n2402147                  -9.65109e-12
xb3.xa2.n2402155                  -9.65104e-12
xb3.xa2.n2419074                   5.21324e-05
xb3.xa2.n2525790                   5.20804e-05
xb3.xa2.n2526890                   5.20283e-05
xb3.xa2.n36262                     5.19764e-05
xb3.xa2.n32347                     2.23725e-05
xb3.xa2.clamp                      5.21847e-05
xb3.xa2.esdp                          -5.1e-10
xb3.xa2.esdn                       2.23725e-05
xb3.xa2.n158495                    5.19762e-05
xb3.xa2.cl_clamp                   5.19762e-05
xb3.xa2.n161937                    2.24032e-05
xb3.xa2.claw_clamp                 5.19763e-05
xb3.xa2.n45999                     2.24032e-05
xb3.xa2.vcc_b                               12
xb3.xa2.vee_b                              -12
xb3.xa2.n25415                     1.71194e-05
xb3.xa2.n25397                     1.71195e-05
xb3.xa2.n25248                    -9.65099e-12
xb3.xa2.vcc_clp                        11.9743
xb3.xa2.vee_clp                       -11.9647
xb3.xa2.n1356345                      -4.14995
xb3.xa2.n1356333                      -4.14995
xb3.xa2.n1356409                       4.20005
xb3.xa2.n1356429                       4.20005
xb3.xa2.vsense                     5.21846e-05
xb3.xa2.n28678                     2.23725e-05
xb3.xa2.n28438                     1.71194e-05
xb3.xa2.n24207                        -5.1e-10
xb3.xa2.n31303                     2.23725e-05
xb3.xa2.n31389                            12.1
xb3.xa2.n31737                           -12.1
xb3.xa2.n32236                     2.23725e-05
xb3.xa2.n32510                    -6.51427e-10
xb3.xa2.n46041                      0.00268806
xb3.xa2.n55560                    -9.65104e-12
xb3.xa2.n57321                    -9.65104e-12
xb3.xa2.n59739                            68.9
xb3.xa2.n59743                    -9.65104e-12
xb3.xa2.n59881                    -9.65104e-12
xb3.xa2.n59905                           -68.9
xb3.xa2.n65567                             265
xb3.xa2.n65575                    -9.65104e-12
xb3.xa2.n65713                    -9.65104e-12
xb3.xa2.n65737                            -265
xb3.xa2.n72064                         11.9743
xb3.xa2.n72073                        -11.9647
xb3.xa2.v11                       -1.24637e-08
xb3.xa2.v12                       -1.26139e-08
xb3.xa2.n81756                    -9.65104e-12
xb3.xa2.n161737                    7.51265e-06
xb3.xa2.n1356115                       4.20005
xb3.xa2.n1356061                      -4.14995
xb3.xa2.x_u1.7                        0.833786
xb3.xa2.x_u1.8                        0.833786
xb3.xa2.x_u1.3                               0
xb3.xa2.x_u1.6                               0
xb3.xa2.x_u1.4                               0
xb3.xa2.x_u1.5                               0
xb3.xa2.x_u10.gvo+_int1                      0
xb3.xa2.x_u10.gvo-_int1                      0
xb3.xa2.x_u11.gvo+_int1                      0
xb3.xa2.x_u11.gvo-_int1                      0
xb3.xa2.x_u12.gvo+_int1                      0
xb3.xa2.x_u12.gvo-_int1                      0
xb3.xa2.x_u16.gsw+_int1                      0
xb3.xa2.x_u18.g1_int1              2.56177e-05
xb3.xa2.x_u18.g1_int2              7.51266e-06
xb3.xa2.x_u19.g1_int1              3.52741e-05
xb3.xa2.x_u19.g1_int2             -7.51266e-06
xb3.xa2.x_u22.g1_int1                        0
xb3.xa2.x_u23.g1_int1                        0
xb3.xa2.x_u26.g1_int1              7.51266e-09
xb3.xa2.x_u27.g1_int1                        0
xb3.xa2.x_u30.g1_int1             -6.42427e-16
xb3.xa2.x_u31.g1_int1             -4.78123e-11
xb3.xa2.x_u32.g1_int1               0.00268806
xb3.xa2.x_u35.g1_int1                        0
xb3.xa2.x_u36.3                              0
xb3.xa2.x_u36.5                              0
xb3.xa2.x_u37.3                              0
xb3.xa2.x_u37.5                              0
xb3.xa2.x_u4.e1_int1                 1.712e-05
xb3.xa2.x_u6.g1_int1               2.23725e-05
b.xb3.xa2.x_u6.bg1#branch         -2.23725e-14
b.xb3.xa2.x_u4.be1#branch           -1.712e-14
b.xb3.xa2.x_u35.bg1#branch                   0
b.xb3.xa2.x_u32.bg1#branch        -2.68806e-12
b.xb3.xa2.x_u31.bg1#branch         4.78123e-20
b.xb3.xa2.x_u30.bg1#branch         6.42427e-25
b.xb3.xa2.x_u27.bg1#branch                   0
b.xb3.xa2.x_u26.bg1#branch        -7.51266e-18
b.xb3.xa2.x_u23.bg1#branch                   0
b.xb3.xa2.x_u22.bg1#branch                   0
b.xb3.xa2.x_u19.bg1#branch         7.51266e-15
b.xb3.xa2.x_u18.bg1#branch        -7.51266e-15
b.xb3.xa2.x_u16.bgsw+#branch                 0
b.xb3.xa2.x_u12.bgvo-#branch                 0
b.xb3.xa2.x_u12.bgvo+#branch                 0
b.xb3.xa2.x_u11.bgvo-#branch                 0
b.xb3.xa2.x_u11.bgvo+#branch                 0
b.xb3.xa2.x_u10.bgvo-#branch                 0
b.xb3.xa2.x_u10.bgvo+#branch                 0
b.xb3.xa1.x_u6.bg1#branch         -2.23725e-14
b.xb3.xa1.x_u4.be1#branch           -1.712e-14
b.xb3.xa1.x_u35.bg1#branch                   0
b.xb3.xa1.x_u32.bg1#branch        -2.47098e-13
b.xb3.xa1.x_u31.bg1#branch         7.48325e-20
b.xb3.xa1.x_u30.bg1#branch         1.00548e-24
b.xb3.xa1.x_u27.bg1#branch                   0
b.xb3.xa1.x_u26.bg1#branch        -3.04142e-21
b.xb3.xa1.x_u23.bg1#branch                   0
b.xb3.xa1.x_u22.bg1#branch                   0
b.xb3.xa1.x_u19.bg1#branch         3.04142e-18
b.xb3.xa1.x_u18.bg1#branch        -3.04142e-18
b.xb3.xa1.x_u16.bgsw+#branch                 0
b.xb3.xa1.x_u12.bgvo-#branch                 0
b.xb3.xa1.x_u12.bgvo+#branch                 0
b.xb3.xa1.x_u11.bgvo-#branch                 0
b.xb3.xa1.x_u11.bgvo+#branch                 0
b.xb3.xa1.x_u10.bgvo-#branch                 0
b.xb3.xa1.x_u10.bgvo+#branch                 0
b.xb3.xb2.x_u6.bg1#branch         -2.23725e-14
b.xb3.xb2.x_u4.be1#branch           -1.712e-14
b.xb3.xb2.x_u35.bg1#branch                   0
b.xb3.xb2.x_u32.bg1#branch        -6.09861e-12
b.xb3.xb2.x_u31.bg1#branch        -1.23833e-20
b.xb3.xb2.x_u30.bg1#branch        -1.66375e-25
b.xb3.xb2.x_u27.bg1#branch                   0
b.xb3.xb2.x_u26.bg1#branch        -1.72494e-17
b.xb3.xb2.x_u23.bg1#branch                   0
b.xb3.xb2.x_u22.bg1#branch                   0
b.xb3.xb2.x_u19.bg1#branch         1.72494e-14
b.xb3.xb2.x_u18.bg1#branch        -1.72494e-14
b.xb3.xb2.x_u16.bgsw+#branch                 0
b.xb3.xb2.x_u12.bgvo-#branch                 0
b.xb3.xb2.x_u12.bgvo+#branch                 0
b.xb3.xb2.x_u11.bgvo-#branch                 0
b.xb3.xb2.x_u11.bgvo+#branch                 0
b.xb3.xb2.x_u10.bgvo-#branch                 0
b.xb3.xb2.x_u10.bgvo+#branch                 0
b.xb3.xb1.x_u6.bg1#branch         -2.23725e-14
b.xb3.xb1.x_u4.be1#branch           -1.712e-14
b.xb3.xb1.x_u35.bg1#branch                   0
b.xb3.xb1.x_u32.bg1#branch        -2.68441e-12
b.xb3.xb1.x_u31.bg1#branch         4.78832e-20
b.xb3.xb1.x_u30.bg1#branch          6.4338e-25
b.xb3.xb1.x_u27.bg1#branch                   0
b.xb3.xb1.x_u26.bg1#branch        -7.50244e-18
b.xb3.xb1.x_u23.bg1#branch                   0
b.xb3.xb1.x_u22.bg1#branch                   0
b.xb3.xb1.x_u19.bg1#branch         7.50244e-15
b.xb3.xb1.x_u18.bg1#branch        -7.50244e-15
b.xb3.xb1.x_u16.bgsw+#branch                 0
b.xb3.xb1.x_u12.bgvo-#branch                 0
b.xb3.xb1.x_u12.bgvo+#branch                 0
b.xb3.xb1.x_u11.bgvo-#branch                 0
b.xb3.xb1.x_u11.bgvo+#branch                 0
b.xb3.xb1.x_u10.bgvo-#branch                 0
b.xb3.xb1.x_u10.bgvo+#branch                 0
b.xb2.xa2.x_u6.bg1#branch         -2.23725e-14
b.xb2.xa2.x_u4.be1#branch           -1.712e-14
b.xb2.xa2.x_u35.bg1#branch                   0
b.xb2.xa2.x_u32.bg1#branch        -2.68806e-12
b.xb2.xa2.x_u31.bg1#branch         4.78123e-20
b.xb2.xa2.x_u30.bg1#branch         6.42427e-25
b.xb2.xa2.x_u27.bg1#branch                   0
b.xb2.xa2.x_u26.bg1#branch        -7.51266e-18
b.xb2.xa2.x_u23.bg1#branch                   0
b.xb2.xa2.x_u22.bg1#branch                   0
b.xb2.xa2.x_u19.bg1#branch         7.51266e-15
b.xb2.xa2.x_u18.bg1#branch        -7.51266e-15
b.xb2.xa2.x_u16.bgsw+#branch                 0
b.xb2.xa2.x_u12.bgvo-#branch                 0
b.xb2.xa2.x_u12.bgvo+#branch                 0
b.xb2.xa2.x_u11.bgvo-#branch                 0
b.xb2.xa2.x_u11.bgvo+#branch                 0
b.xb2.xa2.x_u10.bgvo-#branch                 0
b.xb2.xa2.x_u10.bgvo+#branch                 0
b.xb2.xa1.x_u6.bg1#branch         -2.23725e-14
b.xb2.xa1.x_u4.be1#branch           -1.712e-14
b.xb2.xa1.x_u35.bg1#branch                   0
b.xb2.xa1.x_u32.bg1#branch        -2.47098e-13
b.xb2.xa1.x_u31.bg1#branch         7.48325e-20
b.xb2.xa1.x_u30.bg1#branch         1.00548e-24
b.xb2.xa1.x_u27.bg1#branch                   0
b.xb2.xa1.x_u26.bg1#branch        -3.04142e-21
b.xb2.xa1.x_u23.bg1#branch                   0
b.xb2.xa1.x_u22.bg1#branch                   0
b.xb2.xa1.x_u19.bg1#branch         3.04142e-18
b.xb2.xa1.x_u18.bg1#branch        -3.04142e-18
b.xb2.xa1.x_u16.bgsw+#branch                 0
b.xb2.xa1.x_u12.bgvo-#branch                 0
b.xb2.xa1.x_u12.bgvo+#branch                 0
b.xb2.xa1.x_u11.bgvo-#branch                 0
b.xb2.xa1.x_u11.bgvo+#branch                 0
b.xb2.xa1.x_u10.bgvo-#branch                 0
b.xb2.xa1.x_u10.bgvo+#branch                 0
b.xb2.xb2.x_u6.bg1#branch         -2.23725e-14
b.xb2.xb2.x_u4.be1#branch           -1.712e-14
b.xb2.xb2.x_u35.bg1#branch                   0
b.xb2.xb2.x_u32.bg1#branch        -6.09861e-12
b.xb2.xb2.x_u31.bg1#branch        -1.23833e-20
b.xb2.xb2.x_u30.bg1#branch        -1.66375e-25
b.xb2.xb2.x_u27.bg1#branch                   0
b.xb2.xb2.x_u26.bg1#branch        -1.72494e-17
b.xb2.xb2.x_u23.bg1#branch                   0
b.xb2.xb2.x_u22.bg1#branch                   0
b.xb2.xb2.x_u19.bg1#branch         1.72494e-14
b.xb2.xb2.x_u18.bg1#branch        -1.72494e-14
b.xb2.xb2.x_u16.bgsw+#branch                 0
b.xb2.xb2.x_u12.bgvo-#branch                 0
b.xb2.xb2.x_u12.bgvo+#branch                 0
b.xb2.xb2.x_u11.bgvo-#branch                 0
b.xb2.xb2.x_u11.bgvo+#branch                 0
b.xb2.xb2.x_u10.bgvo-#branch                 0
b.xb2.xb2.x_u10.bgvo+#branch                 0
b.xb2.xb1.x_u6.bg1#branch         -2.23725e-14
b.xb2.xb1.x_u4.be1#branch           -1.712e-14
b.xb2.xb1.x_u35.bg1#branch                   0
b.xb2.xb1.x_u32.bg1#branch        -2.68441e-12
b.xb2.xb1.x_u31.bg1#branch         4.78832e-20
b.xb2.xb1.x_u30.bg1#branch          6.4338e-25
b.xb2.xb1.x_u27.bg1#branch                   0
b.xb2.xb1.x_u26.bg1#branch        -7.50244e-18
b.xb2.xb1.x_u23.bg1#branch                   0
b.xb2.xb1.x_u22.bg1#branch         1.03721e-33
b.xb2.xb1.x_u19.bg1#branch         7.50244e-15
b.xb2.xb1.x_u18.bg1#branch        -7.50244e-15
b.xb2.xb1.x_u16.bgsw+#branch                 0
b.xb2.xb1.x_u12.bgvo-#branch                 0
b.xb2.xb1.x_u12.bgvo+#branch                 0
b.xb2.xb1.x_u11.bgvo-#branch                 0
b.xb2.xb1.x_u11.bgvo+#branch                 0
b.xb2.xb1.x_u10.bgvo-#branch                 0
b.xb2.xb1.x_u10.bgvo+#branch                 0
b.xb1.xa2.x_u6.bg1#branch         -2.23725e-14
b.xb1.xa2.x_u4.be1#branch           -1.712e-14
b.xb1.xa2.x_u35.bg1#branch                   0
b.xb1.xa2.x_u32.bg1#branch        -2.68806e-12
b.xb1.xa2.x_u31.bg1#branch         4.78123e-20
b.xb1.xa2.x_u30.bg1#branch         6.42427e-25
b.xb1.xa2.x_u27.bg1#branch                   0
b.xb1.xa2.x_u26.bg1#branch        -7.51266e-18
b.xb1.xa2.x_u23.bg1#branch                   0
b.xb1.xa2.x_u22.bg1#branch                   0
b.xb1.xa2.x_u19.bg1#branch         7.51266e-15
b.xb1.xa2.x_u18.bg1#branch        -7.51266e-15
b.xb1.xa2.x_u16.bgsw+#branch                 0
b.xb1.xa2.x_u12.bgvo-#branch                 0
b.xb1.xa2.x_u12.bgvo+#branch                 0
b.xb1.xa2.x_u11.bgvo-#branch                 0
b.xb1.xa2.x_u11.bgvo+#branch                 0
b.xb1.xa2.x_u10.bgvo-#branch                 0
b.xb1.xa2.x_u10.bgvo+#branch                 0
b.xb1.xa1.x_u6.bg1#branch         -2.23725e-14
b.xb1.xa1.x_u4.be1#branch           -1.712e-14
b.xb1.xa1.x_u35.bg1#branch                   0
b.xb1.xa1.x_u32.bg1#branch        -2.47098e-13
b.xb1.xa1.x_u31.bg1#branch         7.48325e-20
b.xb1.xa1.x_u30.bg1#branch         1.00548e-24
b.xb1.xa1.x_u27.bg1#branch                   0
b.xb1.xa1.x_u26.bg1#branch        -3.04142e-21
b.xb1.xa1.x_u23.bg1#branch                   0
b.xb1.xa1.x_u22.bg1#branch                   0
b.xb1.xa1.x_u19.bg1#branch         3.04142e-18
b.xb1.xa1.x_u18.bg1#branch        -3.04142e-18
b.xb1.xa1.x_u16.bgsw+#branch                 0
b.xb1.xa1.x_u12.bgvo-#branch                 0
b.xb1.xa1.x_u12.bgvo+#branch                 0
b.xb1.xa1.x_u11.bgvo-#branch                 0
b.xb1.xa1.x_u11.bgvo+#branch                 0
b.xb1.xa1.x_u10.bgvo-#branch                 0
b.xb1.xa1.x_u10.bgvo+#branch                 0
b.xb1.xb2.x_u6.bg1#branch         -2.23725e-14
b.xb1.xb2.x_u4.be1#branch           -1.712e-14
b.xb1.xb2.x_u35.bg1#branch         1.03882e-33
b.xb1.xb2.x_u32.bg1#branch        -6.09861e-12
b.xb1.xb2.x_u31.bg1#branch        -1.23833e-20
b.xb1.xb2.x_u30.bg1#branch        -1.66375e-25
b.xb1.xb2.x_u27.bg1#branch                   0
b.xb1.xb2.x_u26.bg1#branch        -1.72494e-17
b.xb1.xb2.x_u23.bg1#branch                   0
b.xb1.xb2.x_u22.bg1#branch                   0
b.xb1.xb2.x_u19.bg1#branch         1.72494e-14
b.xb1.xb2.x_u18.bg1#branch        -1.72494e-14
b.xb1.xb2.x_u16.bgsw+#branch                 0
b.xb1.xb2.x_u12.bgvo-#branch                 0
b.xb1.xb2.x_u12.bgvo+#branch                 0
b.xb1.xb2.x_u11.bgvo-#branch                 0
b.xb1.xb2.x_u11.bgvo+#branch                 0
b.xb1.xb2.x_u10.bgvo-#branch                 0
b.xb1.xb2.x_u10.bgvo+#branch                 0
b.xb1.xb1.x_u6.bg1#branch         -2.23725e-14
b.xb1.xb1.x_u4.be1#branch           -1.712e-14
b.xb1.xb1.x_u35.bg1#branch                   0
b.xb1.xb1.x_u32.bg1#branch        -2.68441e-12
b.xb1.xb1.x_u31.bg1#branch         4.78832e-20
b.xb1.xb1.x_u30.bg1#branch          6.4338e-25
b.xb1.xb1.x_u27.bg1#branch                   0
b.xb1.xb1.x_u26.bg1#branch        -7.50244e-18
b.xb1.xb1.x_u23.bg1#branch                   0
b.xb1.xb1.x_u22.bg1#branch                   0
b.xb1.xb1.x_u19.bg1#branch         7.50244e-15
b.xb1.xb1.x_u18.bg1#branch        -7.50244e-15
b.xb1.xb1.x_u16.bgsw+#branch                 0
b.xb1.xb1.x_u12.bgvo-#branch                 0
b.xb1.xb1.x_u12.bgvo+#branch                 0
b.xb1.xb1.x_u11.bgvo-#branch                 0
b.xb1.xb1.x_u11.bgvo+#branch                 0
b.xb1.xb1.x_u10.bgvo-#branch                 0
b.xb1.xb1.x_u10.bgvo+#branch                 0
b.xb0.xa2.x_u6.bg1#branch         -2.23725e-14
b.xb0.xa2.x_u4.be1#branch           -1.712e-14
b.xb0.xa2.x_u35.bg1#branch                   0
b.xb0.xa2.x_u32.bg1#branch        -2.68806e-12
b.xb0.xa2.x_u31.bg1#branch         4.78123e-20
b.xb0.xa2.x_u30.bg1#branch         6.42427e-25
b.xb0.xa2.x_u27.bg1#branch                   0
b.xb0.xa2.x_u26.bg1#branch        -7.51266e-18
b.xb0.xa2.x_u23.bg1#branch                   0
b.xb0.xa2.x_u22.bg1#branch                   0
b.xb0.xa2.x_u19.bg1#branch         7.51266e-15
b.xb0.xa2.x_u18.bg1#branch        -7.51266e-15
b.xb0.xa2.x_u16.bgsw+#branch                 0
b.xb0.xa2.x_u12.bgvo-#branch                 0
b.xb0.xa2.x_u12.bgvo+#branch                 0
b.xb0.xa2.x_u11.bgvo-#branch                 0
b.xb0.xa2.x_u11.bgvo+#branch                 0
b.xb0.xa2.x_u10.bgvo-#branch                 0
b.xb0.xa2.x_u10.bgvo+#branch                 0
b.xb0.xa1.x_u6.bg1#branch         -2.23725e-14
b.xb0.xa1.x_u4.be1#branch           -1.712e-14
b.xb0.xa1.x_u35.bg1#branch                   0
b.xb0.xa1.x_u32.bg1#branch        -2.47098e-13
b.xb0.xa1.x_u31.bg1#branch         7.48325e-20
b.xb0.xa1.x_u30.bg1#branch         1.00548e-24
b.xb0.xa1.x_u27.bg1#branch                   0
b.xb0.xa1.x_u26.bg1#branch        -3.04142e-21
b.xb0.xa1.x_u23.bg1#branch                   0
b.xb0.xa1.x_u22.bg1#branch                   0
b.xb0.xa1.x_u19.bg1#branch         3.04142e-18
b.xb0.xa1.x_u18.bg1#branch        -3.04142e-18
b.xb0.xa1.x_u16.bgsw+#branch                 0
b.xb0.xa1.x_u12.bgvo-#branch                 0
b.xb0.xa1.x_u12.bgvo+#branch                 0
b.xb0.xa1.x_u11.bgvo-#branch                 0
b.xb0.xa1.x_u11.bgvo+#branch                 0
b.xb0.xa1.x_u10.bgvo-#branch                 0
b.xb0.xa1.x_u10.bgvo+#branch                 0
b.xb0.xb2.x_u6.bg1#branch         -2.23725e-14
b.xb0.xb2.x_u4.be1#branch           -1.712e-14
b.xb0.xb2.x_u35.bg1#branch                   0
b.xb0.xb2.x_u32.bg1#branch        -6.09861e-12
b.xb0.xb2.x_u31.bg1#branch        -1.23833e-20
b.xb0.xb2.x_u30.bg1#branch        -1.66375e-25
b.xb0.xb2.x_u27.bg1#branch                   0
b.xb0.xb2.x_u26.bg1#branch        -1.72494e-17
b.xb0.xb2.x_u23.bg1#branch                   0
b.xb0.xb2.x_u22.bg1#branch                   0
b.xb0.xb2.x_u19.bg1#branch         1.72494e-14
b.xb0.xb2.x_u18.bg1#branch        -1.72494e-14
b.xb0.xb2.x_u16.bgsw+#branch                 0
b.xb0.xb2.x_u12.bgvo-#branch                 0
b.xb0.xb2.x_u12.bgvo+#branch                 0
b.xb0.xb2.x_u11.bgvo-#branch                 0
b.xb0.xb2.x_u11.bgvo+#branch                 0
b.xb0.xb2.x_u10.bgvo-#branch                 0
b.xb0.xb2.x_u10.bgvo+#branch                 0
b.xb0.xb1.x_u6.bg1#branch         -2.23725e-14
b.xb0.xb1.x_u4.be1#branch           -1.712e-14
b.xb0.xb1.x_u35.bg1#branch                   0
b.xb0.xb1.x_u32.bg1#branch        -2.68441e-12
b.xb0.xb1.x_u31.bg1#branch         4.78832e-20
b.xb0.xb1.x_u30.bg1#branch          6.4338e-25
b.xb0.xb1.x_u27.bg1#branch                   0
b.xb0.xb1.x_u26.bg1#branch        -7.50244e-18
b.xb0.xb1.x_u23.bg1#branch                   0
b.xb0.xb1.x_u22.bg1#branch                   0
b.xb0.xb1.x_u19.bg1#branch         7.50244e-15
b.xb0.xb1.x_u18.bg1#branch        -7.50244e-15
b.xb0.xb1.x_u16.bgsw+#branch                 0
b.xb0.xb1.x_u12.bgvo-#branch                 0
b.xb0.xb1.x_u12.bgvo+#branch                 0
b.xb0.xb1.x_u11.bgvo-#branch                 0
b.xb0.xb1.x_u11.bgvo+#branch                 0
b.xb0.xb1.x_u10.bgvo-#branch                 0
b.xb0.xb1.x_u10.bgvo+#branch                 0
h.xb3.xa2.x_h3.h_h3#branch         2.49275e-17
v.xb3.xa2.x_h3.vh_h3#branch        1.24541e-08
h.xb3.xa2.x_h2.h_h2#branch         2.52278e-17
v.xb3.xa2.x_h2.vh_h2#branch       -1.26043e-08
h.xb3.xa2.x_h1.h_h1#branch        -1.50328e-14
v.xb3.xa2.x_h1.vh_h1#branch        7.51266e-09
h.xb3.xa1.x_h3.h_h3#branch         2.49276e-17
v.xb3.xa1.x_h3.vh_h3#branch        1.24541e-08
h.xb3.xa1.x_h2.h_h2#branch         2.52278e-17
v.xb3.xa1.x_h2.vh_h2#branch       -1.26042e-08
h.xb3.xa1.x_h1.h_h1#branch        -6.06657e-18
v.xb3.xa1.x_h1.vh_h1#branch        3.04142e-12
h.xb3.xb2.x_h3.h_h3#branch         2.49274e-17
v.xb3.xb2.x_h3.vh_h3#branch         1.2454e-08
h.xb3.xb2.x_h2.h_h2#branch         2.52279e-17
v.xb3.xb2.x_h2.vh_h2#branch       -1.26043e-08
h.xb3.xb2.x_h1.h_h1#branch        -3.45159e-14
v.xb3.xb2.x_h1.vh_h1#branch        1.72494e-08
h.xb3.xb1.x_h3.h_h3#branch         2.49275e-17
v.xb3.xb1.x_h3.vh_h3#branch        1.24541e-08
h.xb3.xb1.x_h2.h_h2#branch         2.52278e-17
v.xb3.xb1.x_h2.vh_h2#branch       -1.26043e-08
h.xb3.xb1.x_h1.h_h1#branch        -1.50124e-14
v.xb3.xb1.x_h1.vh_h1#branch        7.50244e-09
h.xb2.xa2.x_h3.h_h3#branch         2.49275e-17
v.xb2.xa2.x_h3.vh_h3#branch        1.24541e-08
h.xb2.xa2.x_h2.h_h2#branch         2.52278e-17
v.xb2.xa2.x_h2.vh_h2#branch       -1.26043e-08
h.xb2.xa2.x_h1.h_h1#branch        -1.50328e-14
v.xb2.xa2.x_h1.vh_h1#branch        7.51266e-09
h.xb2.xa1.x_h3.h_h3#branch         2.49276e-17
v.xb2.xa1.x_h3.vh_h3#branch        1.24541e-08
h.xb2.xa1.x_h2.h_h2#branch         2.52278e-17
v.xb2.xa1.x_h2.vh_h2#branch       -1.26042e-08
h.xb2.xa1.x_h1.h_h1#branch        -6.06657e-18
v.xb2.xa1.x_h1.vh_h1#branch        3.04142e-12
h.xb2.xb2.x_h3.h_h3#branch         2.49274e-17
v.xb2.xb2.x_h3.vh_h3#branch         1.2454e-08
h.xb2.xb2.x_h2.h_h2#branch         2.52279e-17
v.xb2.xb2.x_h2.vh_h2#branch       -1.26043e-08
h.xb2.xb2.x_h1.h_h1#branch        -3.45159e-14
v.xb2.xb2.x_h1.vh_h1#branch        1.72494e-08
h.xb2.xb1.x_h3.h_h3#branch         2.49275e-17
v.xb2.xb1.x_h3.vh_h3#branch        1.24541e-08
h.xb2.xb1.x_h2.h_h2#branch         2.52278e-17
v.xb2.xb1.x_h2.vh_h2#branch       -1.26043e-08
h.xb2.xb1.x_h1.h_h1#branch        -1.50124e-14
v.xb2.xb1.x_h1.vh_h1#branch        7.50244e-09
h.xb1.xa2.x_h3.h_h3#branch         2.49275e-17
v.xb1.xa2.x_h3.vh_h3#branch        1.24541e-08
h.xb1.xa2.x_h2.h_h2#branch         2.52278e-17
v.xb1.xa2.x_h2.vh_h2#branch       -1.26043e-08
h.xb1.xa2.x_h1.h_h1#branch        -1.50328e-14
v.xb1.xa2.x_h1.vh_h1#branch        7.51266e-09
h.xb1.xa1.x_h3.h_h3#branch         2.49276e-17
v.xb1.xa1.x_h3.vh_h3#branch        1.24541e-08
h.xb1.xa1.x_h2.h_h2#branch         2.52278e-17
v.xb1.xa1.x_h2.vh_h2#branch       -1.26042e-08
h.xb1.xa1.x_h1.h_h1#branch        -6.06657e-18
v.xb1.xa1.x_h1.vh_h1#branch        3.04142e-12
h.xb1.xb2.x_h3.h_h3#branch         2.49274e-17
v.xb1.xb2.x_h3.vh_h3#branch         1.2454e-08
h.xb1.xb2.x_h2.h_h2#branch         2.52279e-17
v.xb1.xb2.x_h2.vh_h2#branch       -1.26043e-08
h.xb1.xb2.x_h1.h_h1#branch        -3.45159e-14
v.xb1.xb2.x_h1.vh_h1#branch        1.72494e-08
h.xb1.xb1.x_h3.h_h3#branch         2.49275e-17
v.xb1.xb1.x_h3.vh_h3#branch        1.24541e-08
h.xb1.xb1.x_h2.h_h2#branch         2.52278e-17
v.xb1.xb1.x_h2.vh_h2#branch       -1.26043e-08
h.xb1.xb1.x_h1.h_h1#branch        -1.50124e-14
v.xb1.xb1.x_h1.vh_h1#branch        7.50244e-09
h.xb0.xa2.x_h3.h_h3#branch         2.49275e-17
v.xb0.xa2.x_h3.vh_h3#branch        1.24541e-08
h.xb0.xa2.x_h2.h_h2#branch         2.52278e-17
v.xb0.xa2.x_h2.vh_h2#branch       -1.26043e-08
h.xb0.xa2.x_h1.h_h1#branch        -1.50328e-14
v.xb0.xa2.x_h1.vh_h1#branch        7.51266e-09
h.xb0.xa1.x_h3.h_h3#branch         2.49276e-17
v.xb0.xa1.x_h3.vh_h3#branch        1.24541e-08
h.xb0.xa1.x_h2.h_h2#branch         2.52278e-17
v.xb0.xa1.x_h2.vh_h2#branch       -1.26042e-08
h.xb0.xa1.x_h1.h_h1#branch        -6.06657e-18
v.xb0.xa1.x_h1.vh_h1#branch        3.04142e-12
h.xb0.xb2.x_h3.h_h3#branch         2.49274e-17
v.xb0.xb2.x_h3.vh_h3#branch         1.2454e-08
h.xb0.xb2.x_h2.h_h2#branch         2.52279e-17
v.xb0.xb2.x_h2.vh_h2#branch       -1.26043e-08
h.xb0.xb2.x_h1.h_h1#branch        -3.45159e-14
v.xb0.xb2.x_h1.vh_h1#branch        1.72494e-08
h.xb0.xb1.x_h3.h_h3#branch         2.49275e-17
v.xb0.xb1.x_h3.vh_h3#branch        1.24541e-08
h.xb0.xb1.x_h2.h_h2#branch         2.52278e-17
v.xb0.xb1.x_h2.vh_h2#branch       -1.26043e-08
h.xb0.xb1.x_h1.h_h1#branch        -1.50124e-14
v.xb0.xb1.x_h1.vh_h1#branch        7.50244e-09
l.xb3.lc#branch                    -8.4679e-25
l.xb2.lc#branch                    8.75845e-25
l.xb1.lc#branch                    -7.1899e-25
l.xb0.lc#branch                    6.89935e-25
l.xn3.lgic#branch                  2.99976e-08
l.xn3.lg#branch                              0
l.xn2.lgic#branch                  2.99976e-08
l.xn2.lg#branch                    2.97906e-24
l.xn1.lgic#branch                  2.99976e-08
l.xn1.lg#branch                    5.33519e-25
l.xn0.lgic#branch                  2.99976e-08
l.xn0.lg#branch                    2.88023e-24
e.xb3.xa2.x_u4.e1#branch          -7.37279e-14
e.xb3.xa2.x_u37.e1#branch                    0
e.xb3.xa2.x_u36.e1#branch                    0
e.xb3.xa2.x_u1.e3#branch           5.32373e-12
e.xb3.xa2.x_u1.e2#branch                     0
e.xb3.xa2.x_u1.e1#branch                     0
e.xb3.xa2.e_e3#branch             -4.48288e-14
e.xb3.xa2.e_e2#branch             -5.02079e-11
e.xb3.xa2.e_e1#branch             -1.61005e-10
e.xb3.xa1.x_u4.e1#branch          -7.37279e-14
e.xb3.xa1.x_u37.e1#branch                    0
e.xb3.xa1.x_u36.e1#branch                    0
e.xb3.xa1.x_u1.e3#branch           5.32373e-12
e.xb3.xa1.x_u1.e2#branch                     0
e.xb3.xa1.x_u1.e1#branch                     0
e.xb3.xa1.e_e3#branch              -4.4768e-14
e.xb3.xa1.e_e2#branch             -5.01003e-11
e.xb3.xa1.e_e1#branch             -1.52957e-10
e.xb3.xb2.x_u4.e1#branch          -7.37279e-14
e.xb3.xb2.x_u37.e1#branch                    0
e.xb3.xb2.x_u36.e1#branch                    0
e.xb3.xb2.x_u1.e3#branch           5.32373e-12
e.xb3.xb2.x_u1.e2#branch                     0
e.xb3.xb2.x_u1.e1#branch                     0
e.xb3.xb2.e_e3#branch             -8.95968e-14
e.xb3.xb2.e_e2#branch             -5.04475e-11
e.xb3.xb2.e_e1#branch             -1.72694e-10
e.xb3.xb1.x_u4.e1#branch          -7.37279e-14
e.xb3.xb1.x_u37.e1#branch                    0
e.xb3.xb1.x_u36.e1#branch                    0
e.xb3.xb1.x_u1.e3#branch           5.32373e-12
e.xb3.xb1.x_u1.e2#branch                     0
e.xb3.xb1.x_u1.e1#branch                     0
e.xb3.xb1.e_e3#branch              -4.4768e-14
e.xb3.xb1.e_e2#branch             -5.02076e-11
e.xb3.xb1.e_e1#branch             -1.60992e-10
e.xb2.xa2.x_u4.e1#branch          -7.37279e-14
e.xb2.xa2.x_u37.e1#branch                    0
e.xb2.xa2.x_u36.e1#branch                    0
e.xb2.xa2.x_u1.e3#branch           5.32373e-12
e.xb2.xa2.x_u1.e2#branch                     0
e.xb2.xa2.x_u1.e1#branch                     0
e.xb2.xa2.e_e3#branch             -4.48288e-14
e.xb2.xa2.e_e2#branch             -5.02079e-11
e.xb2.xa2.e_e1#branch             -1.61005e-10
e.xb2.xa1.x_u4.e1#branch          -7.37279e-14
e.xb2.xa1.x_u37.e1#branch                    0
e.xb2.xa1.x_u36.e1#branch                    0
e.xb2.xa1.x_u1.e3#branch           5.32373e-12
e.xb2.xa1.x_u1.e2#branch                     0
e.xb2.xa1.x_u1.e1#branch                     0
e.xb2.xa1.e_e3#branch              -4.4768e-14
e.xb2.xa1.e_e2#branch             -5.01003e-11
e.xb2.xa1.e_e1#branch              -1.5296e-10
e.xb2.xb2.x_u4.e1#branch          -7.37279e-14
e.xb2.xb2.x_u37.e1#branch                    0
e.xb2.xb2.x_u36.e1#branch                    0
e.xb2.xb2.x_u1.e3#branch           5.32373e-12
e.xb2.xb2.x_u1.e2#branch                     0
e.xb2.xb2.x_u1.e1#branch                     0
e.xb2.xb2.e_e3#branch             -8.95968e-14
e.xb2.xb2.e_e2#branch             -5.04475e-11
e.xb2.xb2.e_e1#branch             -1.72695e-10
e.xb2.xb1.x_u4.e1#branch          -7.37279e-14
e.xb2.xb1.x_u37.e1#branch                    0
e.xb2.xb1.x_u36.e1#branch                    0
e.xb2.xb1.x_u1.e3#branch           5.32373e-12
e.xb2.xb1.x_u1.e2#branch                     0
e.xb2.xb1.x_u1.e1#branch                     0
e.xb2.xb1.e_e3#branch              -4.4768e-14
e.xb2.xb1.e_e2#branch             -5.02076e-11
e.xb2.xb1.e_e1#branch             -1.60993e-10
e.xb1.xa2.x_u4.e1#branch          -7.37279e-14
e.xb1.xa2.x_u37.e1#branch                    0
e.xb1.xa2.x_u36.e1#branch                    0
e.xb1.xa2.x_u1.e3#branch           5.32373e-12
e.xb1.xa2.x_u1.e2#branch                     0
e.xb1.xa2.x_u1.e1#branch                     0
e.xb1.xa2.e_e3#branch             -4.48288e-14
e.xb1.xa2.e_e2#branch             -5.02079e-11
e.xb1.xa2.e_e1#branch             -1.61006e-10
e.xb1.xa1.x_u4.e1#branch          -7.37279e-14
e.xb1.xa1.x_u37.e1#branch                    0
e.xb1.xa1.x_u36.e1#branch                    0
e.xb1.xa1.x_u1.e3#branch           5.32373e-12
e.xb1.xa1.x_u1.e2#branch                     0
e.xb1.xa1.x_u1.e1#branch                     0
e.xb1.xa1.e_e3#branch              -4.4768e-14
e.xb1.xa1.e_e2#branch             -5.01003e-11
e.xb1.xa1.e_e1#branch             -1.52959e-10
e.xb1.xb2.x_u4.e1#branch          -7.37279e-14
e.xb1.xb2.x_u37.e1#branch                    0
e.xb1.xb2.x_u36.e1#branch                    0
e.xb1.xb2.x_u1.e3#branch           5.32373e-12
e.xb1.xb2.x_u1.e2#branch                     0
e.xb1.xb2.x_u1.e1#branch                     0
e.xb1.xb2.e_e3#branch             -8.95968e-14
e.xb1.xb2.e_e2#branch             -5.04475e-11
e.xb1.xb2.e_e1#branch             -1.72694e-10
e.xb1.xb1.x_u4.e1#branch          -7.37279e-14
e.xb1.xb1.x_u37.e1#branch                    0
e.xb1.xb1.x_u36.e1#branch                    0
e.xb1.xb1.x_u1.e3#branch           5.32373e-12
e.xb1.xb1.x_u1.e2#branch                     0
e.xb1.xb1.x_u1.e1#branch                     0
e.xb1.xb1.e_e3#branch              -4.4768e-14
e.xb1.xb1.e_e2#branch             -5.02076e-11
e.xb1.xb1.e_e1#branch             -1.60992e-10
e.xb0.xa2.x_u4.e1#branch          -7.37279e-14
e.xb0.xa2.x_u37.e1#branch                    0
e.xb0.xa2.x_u36.e1#branch                    0
e.xb0.xa2.x_u1.e3#branch           5.32373e-12
e.xb0.xa2.x_u1.e2#branch                     0
e.xb0.xa2.x_u1.e1#branch                     0
e.xb0.xa2.e_e3#branch             -4.48288e-14
e.xb0.xa2.e_e2#branch             -5.02079e-11
e.xb0.xa2.e_e1#branch             -1.61005e-10
e.xb0.xa1.x_u4.e1#branch          -7.37279e-14
e.xb0.xa1.x_u37.e1#branch                    0
e.xb0.xa1.x_u36.e1#branch                    0
e.xb0.xa1.x_u1.e3#branch           5.32373e-12
e.xb0.xa1.x_u1.e2#branch                     0
e.xb0.xa1.x_u1.e1#branch                     0
e.xb0.xa1.e_e3#branch              -4.4768e-14
e.xb0.xa1.e_e2#branch             -5.01003e-11
e.xb0.xa1.e_e1#branch              -1.5296e-10
e.xb0.xb2.x_u4.e1#branch          -7.37279e-14
e.xb0.xb2.x_u37.e1#branch                    0
e.xb0.xb2.x_u36.e1#branch                    0
e.xb0.xb2.x_u1.e3#branch           5.32373e-12
e.xb0.xb2.x_u1.e2#branch                     0
e.xb0.xb2.x_u1.e1#branch                     0
e.xb0.xb2.e_e3#branch             -8.95968e-14
e.xb0.xb2.e_e2#branch             -5.04475e-11
e.xb0.xb2.e_e1#branch             -1.72691e-10
e.xb0.xb1.x_u4.e1#branch          -7.37279e-14
e.xb0.xb1.x_u37.e1#branch                    0
e.xb0.xb1.x_u36.e1#branch                    0
e.xb0.xb1.x_u1.e3#branch           5.32373e-12
e.xb0.xb1.x_u1.e2#branch                     0
e.xb0.xb1.x_u1.e1#branch                     0
e.xb0.xb1.e_e3#branch              -4.4768e-14
e.xb0.xb1.e_e2#branch             -5.02076e-11
e.xb0.xb1.e_e1#branch             -1.60992e-10
v.xb3.xa2.v_v_orp#branch          -4.20005e-09
v.xb3.xa2.v_v_orn#branch           4.14995e-09
v.xb3.xa2.v_v_iscp#branch         -6.89689e-08
v.xb3.xa2.v_v_iscn#branch          6.89689e-08
v.xb3.xa2.v_v_grp#branch          -2.65265e-07
v.xb3.xa2.v_v_grn#branch           2.65265e-07
v.xb3.xa2.v_vcm_min#branch         1.21121e-08
v.xb3.xa2.v_vcm_max#branch        -1.21121e-08
v.xb3.xa1.v_v_orp#branch          -4.20003e-09
v.xb3.xa1.v_v_orn#branch           4.14997e-09
v.xb3.xa1.v_v_iscp#branch         -6.89689e-08
v.xb3.xa1.v_v_iscn#branch          6.89689e-08
v.xb3.xa1.v_v_grp#branch          -2.65265e-07
v.xb3.xa1.v_v_grn#branch           2.65265e-07
v.xb3.xa1.v_vcm_min#branch         1.21121e-08
v.xb3.xa1.v_vcm_max#branch        -1.21121e-08
v.xb3.xb2.v_v_orp#branch          -4.20011e-09
v.xb3.xb2.v_v_orn#branch           4.14989e-09
v.xb3.xb2.v_v_iscp#branch         -6.89689e-08
v.xb3.xb2.v_v_iscn#branch          6.89689e-08
v.xb3.xb2.v_v_grp#branch          -2.65265e-07
v.xb3.xb2.v_v_grn#branch           2.65265e-07
v.xb3.xb2.v_vcm_min#branch         1.21121e-08
v.xb3.xb2.v_vcm_max#branch        -1.21121e-08
v.xb3.xb1.v_v_orp#branch          -4.20005e-09
v.xb3.xb1.v_v_orn#branch           4.14995e-09
v.xb3.xb1.v_v_iscp#branch         -6.89689e-08
v.xb3.xb1.v_v_iscn#branch          6.89689e-08
v.xb3.xb1.v_v_grp#branch          -2.65265e-07
v.xb3.xb1.v_v_grn#branch           2.65265e-07
v.xb3.xb1.v_vcm_min#branch         1.21121e-08
v.xb3.xb1.v_vcm_max#branch        -1.21121e-08
v.xb2.xa2.v_v_orp#branch          -4.20005e-09
v.xb2.xa2.v_v_orn#branch           4.14995e-09
v.xb2.xa2.v_v_iscp#branch         -6.89689e-08
v.xb2.xa2.v_v_iscn#branch          6.89689e-08
v.xb2.xa2.v_v_grp#branch          -2.65265e-07
v.xb2.xa2.v_v_grn#branch           2.65265e-07
v.xb2.xa2.v_vcm_min#branch         1.21121e-08
v.xb2.xa2.v_vcm_max#branch        -1.21121e-08
v.xb2.xa1.v_v_orp#branch          -4.20003e-09
v.xb2.xa1.v_v_orn#branch           4.14997e-09
v.xb2.xa1.v_v_iscp#branch         -6.89689e-08
v.xb2.xa1.v_v_iscn#branch          6.89689e-08
v.xb2.xa1.v_v_grp#branch          -2.65265e-07
v.xb2.xa1.v_v_grn#branch           2.65265e-07
v.xb2.xa1.v_vcm_min#branch         1.21121e-08
v.xb2.xa1.v_vcm_max#branch        -1.21121e-08
v.xb2.xb2.v_v_orp#branch          -4.20011e-09
v.xb2.xb2.v_v_orn#branch           4.14989e-09
v.xb2.xb2.v_v_iscp#branch         -6.89689e-08
v.xb2.xb2.v_v_iscn#branch          6.89689e-08
v.xb2.xb2.v_v_grp#branch          -2.65265e-07
v.xb2.xb2.v_v_grn#branch           2.65265e-07
v.xb2.xb2.v_vcm_min#branch         1.21121e-08
v.xb2.xb2.v_vcm_max#branch        -1.21121e-08
v.xb2.xb1.v_v_orp#branch          -4.20005e-09
v.xb2.xb1.v_v_orn#branch           4.14995e-09
v.xb2.xb1.v_v_iscp#branch         -6.89689e-08
v.xb2.xb1.v_v_iscn#branch          6.89689e-08
v.xb2.xb1.v_v_grp#branch          -2.65265e-07
v.xb2.xb1.v_v_grn#branch           2.65265e-07
v.xb2.xb1.v_vcm_min#branch         1.21121e-08
v.xb2.xb1.v_vcm_max#branch        -1.21121e-08
v.xb1.xa2.v_v_orp#branch          -4.20005e-09
v.xb1.xa2.v_v_orn#branch           4.14995e-09
v.xb1.xa2.v_v_iscp#branch         -6.89689e-08
v.xb1.xa2.v_v_iscn#branch          6.89689e-08
v.xb1.xa2.v_v_grp#branch          -2.65265e-07
v.xb1.xa2.v_v_grn#branch           2.65265e-07
v.xb1.xa2.v_vcm_min#branch         1.21121e-08
v.xb1.xa2.v_vcm_max#branch        -1.21121e-08
v.xb1.xa1.v_v_orp#branch          -4.20003e-09
v.xb1.xa1.v_v_orn#branch           4.14997e-09
v.xb1.xa1.v_v_iscp#branch         -6.89689e-08
v.xb1.xa1.v_v_iscn#branch          6.89689e-08
v.xb1.xa1.v_v_grp#branch          -2.65265e-07
v.xb1.xa1.v_v_grn#branch           2.65265e-07
v.xb1.xa1.v_vcm_min#branch         1.21121e-08
v.xb1.xa1.v_vcm_max#branch        -1.21121e-08
v.xb1.xb2.v_v_orp#branch          -4.20011e-09
v.xb1.xb2.v_v_orn#branch           4.14989e-09
v.xb1.xb2.v_v_iscp#branch         -6.89689e-08
v.xb1.xb2.v_v_iscn#branch          6.89689e-08
v.xb1.xb2.v_v_grp#branch          -2.65265e-07
v.xb1.xb2.v_v_grn#branch           2.65265e-07
v.xb1.xb2.v_vcm_min#branch         1.21121e-08
v.xb1.xb2.v_vcm_max#branch        -1.21121e-08
v.xb1.xb1.v_v_orp#branch          -4.20005e-09
v.xb1.xb1.v_v_orn#branch           4.14995e-09
v.xb1.xb1.v_v_iscp#branch         -6.89689e-08
v.xb1.xb1.v_v_iscn#branch          6.89689e-08
v.xb1.xb1.v_v_grp#branch          -2.65265e-07
v.xb1.xb1.v_v_grn#branch           2.65265e-07
v.xb1.xb1.v_vcm_min#branch         1.21121e-08
v.xb1.xb1.v_vcm_max#branch        -1.21121e-08
v.xb0.xa2.v_v_orp#branch          -4.20005e-09
v.xb0.xa2.v_v_orn#branch           4.14995e-09
v.xb0.xa2.v_v_iscp#branch         -6.89689e-08
v.xb0.xa2.v_v_iscn#branch          6.89689e-08
v.xb0.xa2.v_v_grp#branch          -2.65265e-07
v.xb0.xa2.v_v_grn#branch           2.65265e-07
v.xb0.xa2.v_vcm_min#branch         1.21121e-08
v.xb0.xa2.v_vcm_max#branch        -1.21121e-08
v.xb0.xa1.v_v_orp#branch          -4.20003e-09
v.xb0.xa1.v_v_orn#branch           4.14997e-09
v.xb0.xa1.v_v_iscp#branch         -6.89689e-08
v.xb0.xa1.v_v_iscn#branch          6.89689e-08
v.xb0.xa1.v_v_grp#branch          -2.65265e-07
v.xb0.xa1.v_v_grn#branch           2.65265e-07
v.xb0.xa1.v_vcm_min#branch         1.21121e-08
v.xb0.xa1.v_vcm_max#branch        -1.21121e-08
v.xb0.xb2.v_v_orp#branch          -4.20011e-09
v.xb0.xb2.v_v_orn#branch           4.14989e-09
v.xb0.xb2.v_v_iscp#branch         -6.89689e-08
v.xb0.xb2.v_v_iscn#branch          6.89689e-08
v.xb0.xb2.v_v_grp#branch          -2.65265e-07
v.xb0.xb2.v_v_grn#branch           2.65265e-07
v.xb0.xb2.v_vcm_min#branch         1.21121e-08
v.xb0.xb2.v_vcm_max#branch        -1.21121e-08
v.xb0.xb1.v_v_orp#branch          -4.20005e-09
v.xb0.xb1.v_v_orn#branch           4.14995e-09
v.xb0.xb1.v_v_iscp#branch         -6.89689e-08
v.xb0.xb1.v_v_iscn#branch          6.89689e-08
v.xb0.xb1.v_v_grp#branch          -2.65265e-07
v.xb0.xb1.v_v_grn#branch           2.65265e-07
v.xb0.xb1.v_vcm_min#branch         1.21121e-08
v.xb0.xb1.v_vcm_max#branch        -1.21121e-08
vee#branch                               0.016
vcc#branch                          -0.0160001
a.xb3.xa2.x_u19.ag1#branch_1_0    -3.52741e-14
a.xb3.xa2.x_u18.ag1#branch_1_0    -2.56177e-14
a.xb3.xa1.x_u19.ag1#branch_1_0    -3.52742e-14
a.xb3.xa1.x_u18.ag1#branch_1_0    -2.56175e-14
a.xb3.xb2.x_u19.ag1#branch_1_0    -3.52739e-14
a.xb3.xb2.x_u18.ag1#branch_1_0    -2.56179e-14
a.xb3.xb1.x_u19.ag1#branch_1_0    -3.52741e-14
a.xb3.xb1.x_u18.ag1#branch_1_0    -2.56177e-14
a.xb2.xa2.x_u19.ag1#branch_1_0    -3.52741e-14
a.xb2.xa2.x_u18.ag1#branch_1_0    -2.56177e-14
a.xb2.xa1.x_u19.ag1#branch_1_0    -3.52742e-14
a.xb2.xa1.x_u18.ag1#branch_1_0    -2.56175e-14
a.xb2.xb2.x_u19.ag1#branch_1_0    -3.52739e-14
a.xb2.xb2.x_u18.ag1#branch_1_0    -2.56179e-14
a.xb2.xb1.x_u19.ag1#branch_1_0    -3.52741e-14
a.xb2.xb1.x_u18.ag1#branch_1_0    -2.56177e-14
a.xb1.xa2.x_u19.ag1#branch_1_0    -3.52741e-14
a.xb1.xa2.x_u18.ag1#branch_1_0    -2.56177e-14
a.xb1.xa1.x_u19.ag1#branch_1_0    -3.52742e-14
a.xb1.xa1.x_u18.ag1#branch_1_0    -2.56175e-14
a.xb1.xb2.x_u19.ag1#branch_1_0    -3.52739e-14
a.xb1.xb2.x_u18.ag1#branch_1_0    -2.56179e-14
a.xb1.xb1.x_u19.ag1#branch_1_0    -3.52741e-14
a.xb1.xb1.x_u18.ag1#branch_1_0    -2.56177e-14
a.xb0.xa2.x_u19.ag1#branch_1_0    -3.52741e-14
a.xb0.xa2.x_u18.ag1#branch_1_0    -2.56177e-14
a.xb0.xa1.x_u19.ag1#branch_1_0    -3.52742e-14
a.xb0.xa1.x_u18.ag1#branch_1_0    -2.56175e-14
a.xb0.xb2.x_u19.ag1#branch_1_0    -3.52739e-14
a.xb0.xb2.x_u18.ag1#branch_1_0    -2.56179e-14
a.xb0.xb1.x_u19.ag1#branch_1_0    -3.52741e-14
a.xb0.xb1.x_u18.ag1#branch_1_0    -2.56177e-14

 Reference value :  0.00000e+00 Reference value :  3.80000e-05 Reference value :  9.38241e-05 Reference value :  1.52202e-04 Reference value :  2.10602e-04 Reference value :  2.70602e-04 Reference value :  3.26492e-04
No. of Data Rows : 931
Note: Simulation executed from .control section 
