Using SPARSE 1.3 as Direct Linear Solver
Note: Starting dynamic gmin stepping
Note: Dynamic gmin stepping completed

Note: Compatibility modes selected: ps a


Circuit: * 32-node lc-gyrator ring (shape_zero realisation-gyroscopic branch)

Reducing trtol to 1 for xspice 'A' devices
Doing analysis at TEMP = 27.000000 and TNOM = 27.000000


Initial Transient Solution
--------------------------

Node                                   Voltage
----                                   -------
vcc                                         12
vee                                        -12
n0                                 -1.7195e-08
xn0.xg                             -1.7195e-08
xn0.g2                            -0.000135508
xn0.g3                             2.23557e-05
xn0.g4                             0.000180231
xn0.g5                            -1.70382e-08
xn0.xga.n24458                     -1.7693e-11
xn0.xga.n24659                    -9.66187e-12
xn0.xga.n37029                      -0.0491641
xn0.xga.n37037                     -0.00499149
xn0.xga.n39124                      -0.0491613
xn0.xga.n39892                    -7.37418e-07
xn0.xga.n2425309                            12
xn0.xga.n2425287                  -9.66011e-12
xn0.xga.n2425325                           -12
xn0.xga.mid                       -9.66011e-12
xn0.xga.n56849                    -9.66011e-12
xn0.xga.n57325                    -9.66011e-12
xn0.xga.n59747                    -9.66011e-12
xn0.xga.n59865                    -9.66011e-12
xn0.xga.n25921                       -0.820799
xn0.xga.n25929                    -2.62656e-06
xn0.xga.n65579                    -9.66011e-12
xn0.xga.n65697                    -9.66011e-12
xn0.xga.n68774                    -0.000679066
xn0.xga.n72398                         11.9743
xn0.xga.n72391                        -11.9647
xn0.xga.n81574                    -1.24645e-08
xn0.xga.n81664                    -1.26132e-08
xn0.xga.sw_ol_opax197             -9.66011e-12
xn0.xga.vclp                       -0.00067636
xn0.xga.vimon                     -0.000146677
xn0.xga.n27785                        0.820799
xn0.xga.n27793                     2.62654e-06
xn0.xga.vout_s                    -0.000135508
xn0.xga.n2402147                  -9.66187e-12
xn0.xga.n2402155                  -9.66011e-12
xn0.xga.n2419074                  -0.000678388
xn0.xga.n2525790                   -0.00067771
xn0.xga.n2526890                  -0.000677033
xn0.xga.n36262                    -0.000676357
xn0.xga.n32347                     2.23553e-05
xn0.xga.clamp                     -0.000679068
xn0.xga.esdp                       -1.7705e-08
xn0.xga.esdn                       2.23554e-05
xn0.xga.n158495                   -0.000676355
xn0.xga.cl_clamp                  -0.000676355
xn0.xga.n161937                   -0.000135508
xn0.xga.claw_clamp                -0.000676356
xn0.xga.n45999                    -0.000135508
xn0.xga.vcc_b                               12
xn0.xga.vee_b                              -12
xn0.xga.n25415                     1.71022e-05
xn0.xga.n25397                     1.71023e-05
xn0.xga.n25248                    -9.66178e-12
xn0.xga.vcc_clp                        11.9743
xn0.xga.vee_clp                       -11.9647
xn0.xga.n1356345                      -4.15068
xn0.xga.n1356333                      -4.15068
xn0.xga.n1356409                       4.19932
xn0.xga.n1356429                       4.19932
xn0.xga.vsense                    -0.000679066
xn0.xga.n28678                     2.23553e-05
xn0.xga.n28438                     1.71022e-05
xn0.xga.n24207                     -1.7705e-08
xn0.xga.n31303                     2.23554e-05
xn0.xga.n31389                            12.1
xn0.xga.n31737                           -12.1
xn0.xga.n32236                     2.23553e-05
xn0.xga.n32510                    -1.04769e-08
xn0.xga.n46041                      -0.0491607
xn0.xga.n55560                    -9.66011e-12
xn0.xga.n57321                    -9.66011e-12
xn0.xga.n59739                            68.9
xn0.xga.n59743                    -9.66011e-12
xn0.xga.n59881                    -9.66011e-12
xn0.xga.n59905                           -68.9
xn0.xga.n65567                             265
xn0.xga.n65575                    -9.66011e-12
xn0.xga.n65713                    -9.66011e-12
xn0.xga.n65737                            -265
xn0.xga.n72064                         11.9743
xn0.xga.n72073                        -11.9647
xn0.xga.v11                       -1.24645e-08
xn0.xga.v12                       -1.26132e-08
xn0.xga.n81756                    -9.66011e-12
xn0.xga.n161737                   -0.000146677
xn0.xga.n1356115                       4.19932
xn0.xga.n1356061                      -4.15068
xn0.xga.x_u1.7                        0.833786
xn0.xga.x_u1.8                        0.833786
xn0.xga.x_u1.3                               0
xn0.xga.x_u1.6                               0
xn0.xga.x_u1.4                               0
xn0.xga.x_u1.5                               0
xn0.xga.x_u10.gvo+_int1                      0
xn0.xga.x_u10.gvo-_int1                      0
xn0.xga.x_u11.gvo+_int1                      0
xn0.xga.x_u11.gvo-_int1                      0
xn0.xga.x_u12.gvo+_int1                      0
xn0.xga.x_u12.gvo-_int1                      0
xn0.xga.x_u16.gsw+_int1                      0
xn0.xga.x_u18.g1_int1              2.56144e-05
xn0.xga.x_u18.g1_int2             -0.000146677
xn0.xga.x_u19.g1_int1              3.52774e-05
xn0.xga.x_u19.g1_int2              0.000146677
xn0.xga.x_u22.g1_int1                        0
xn0.xga.x_u23.g1_int1                        0
xn0.xga.x_u26.g1_int1                        0
xn0.xga.x_u27.g1_int1              1.46677e-07
xn0.xga.x_u30.g1_int1             -1.04777e-14
xn0.xga.x_u31.g1_int1             -7.79807e-10
xn0.xga.x_u32.g1_int1               -0.0491608
xn0.xga.x_u35.g1_int1                        0
xn0.xga.x_u36.3                              0
xn0.xga.x_u36.5                              0
xn0.xga.x_u37.3                              0
xn0.xga.x_u37.5                              0
xn0.xga.x_u4.e1_int1                 1.712e-05
xn0.xga.x_u6.g1_int1               2.23553e-05
xn0.xgb.n24458                    -1.76114e-11
xn0.xgb.n24659                    -9.65146e-12
xn0.xgb.n37029                       0.0276393
xn0.xgb.n37037                      0.00280615
xn0.xgb.n39124                       0.0276378
xn0.xgb.n39892                     4.14551e-07
xn0.xgb.n2425309                            12
xn0.xgb.n2425287                   -9.6497e-12
xn0.xgb.n2425325                           -12
xn0.xgb.mid                        -9.6497e-12
xn0.xgb.n56849                     -9.6497e-12
xn0.xgb.n57325                     -9.6497e-12
xn0.xgb.n59747                     -9.6497e-12
xn0.xgb.n59865                     -9.6497e-12
xn0.xgb.n25921                       -0.820799
xn0.xgb.n25929                    -2.62656e-06
xn0.xgb.n65579                     -9.6497e-12
xn0.xgb.n65697                     -9.6497e-12
xn0.xgb.n68774                     0.000486229
xn0.xgb.n72398                         11.9743
xn0.xgb.n72391                        -11.9647
xn0.xgb.n81574                    -1.24633e-08
xn0.xgb.n81664                    -1.26143e-08
xn0.xgb.sw_ol_opax197              -9.6497e-12
xn0.xgb.vclp                       0.000484283
xn0.xgb.vimon                      7.89379e-05
xn0.xgb.n27785                        0.820799
xn0.xgb.n27793                     2.62654e-06
xn0.xgb.vout_s                     0.000180231
xn0.xgb.n2402147                  -9.65146e-12
xn0.xgb.n2402155                   -9.6497e-12
xn0.xgb.n2419074                   0.000485743
xn0.xgb.n2525790                   0.000485258
xn0.xgb.n2526890                   0.000484773
xn0.xgb.n36262                     0.000484289
xn0.xgb.n32347                     2.23555e-05
xn0.xgb.clamp                       0.00048623
xn0.xgb.esdp                      -1.75482e-08
xn0.xgb.esdn                       2.23554e-05
xn0.xgb.n158495                    0.000484288
xn0.xgb.cl_clamp                   0.000484288
xn0.xgb.n161937                    0.000180231
xn0.xgb.claw_clamp                 0.000484289
xn0.xgb.n45999                     0.000180231
xn0.xgb.vcc_b                               12
xn0.xgb.vee_b                              -12
xn0.xgb.n25415                     1.71024e-05
xn0.xgb.n25397                     1.71025e-05
xn0.xgb.n25248                    -9.65136e-12
xn0.xgb.vcc_clp                        11.9743
xn0.xgb.vee_clp                       -11.9647
xn0.xgb.n1356345                      -4.14952
xn0.xgb.n1356333                      -4.14952
xn0.xgb.n1356409                       4.20048
xn0.xgb.n1356429                       4.20048
xn0.xgb.vsense                     0.000486229
xn0.xgb.n28678                     2.23555e-05
xn0.xgb.n28438                     1.71024e-05
xn0.xgb.n24207                    -1.75482e-08
xn0.xgb.n31303                     2.23554e-05
xn0.xgb.n31389                            12.1
xn0.xgb.n31737                           -12.1
xn0.xgb.n32236                     2.23555e-05
xn0.xgb.n32510                     5.18061e-09
xn0.xgb.n46041                       0.0276374
xn0.xgb.n55560                     -9.6497e-12
xn0.xgb.n57321                     -9.6497e-12
xn0.xgb.n59739                            68.9
xn0.xgb.n59743                     -9.6497e-12
xn0.xgb.n59881                     -9.6497e-12
xn0.xgb.n59905                           -68.9
xn0.xgb.n65567                             265
xn0.xgb.n65575                     -9.6497e-12
xn0.xgb.n65713                     -9.6497e-12
xn0.xgb.n65737                            -265
xn0.xgb.n72064                         11.9743
xn0.xgb.n72073                        -11.9647
xn0.xgb.v11                       -1.24633e-08
xn0.xgb.v12                       -1.26143e-08
xn0.xgb.n81756                     -9.6497e-12
xn0.xgb.n161737                    7.89379e-05
xn0.xgb.n1356115                       4.20048
xn0.xgb.n1356061                      -4.14952
xn0.xgb.x_u1.7                        0.833786
xn0.xgb.x_u1.8                        0.833786
xn0.xgb.x_u1.3                               0
xn0.xgb.x_u1.6                               0
xn0.xgb.x_u1.4                               0
xn0.xgb.x_u1.5                               0
xn0.xgb.x_u10.gvo+_int1                      0
xn0.xgb.x_u10.gvo-_int1                      0
xn0.xgb.x_u11.gvo+_int1                      0
xn0.xgb.x_u11.gvo-_int1                      0
xn0.xgb.x_u12.gvo+_int1                      0
xn0.xgb.x_u12.gvo-_int1                      0
xn0.xgb.x_u16.gsw+_int1                      0
xn0.xgb.x_u18.g1_int1              2.56191e-05
xn0.xgb.x_u18.g1_int2              7.89379e-05
xn0.xgb.x_u19.g1_int1              3.52726e-05
xn0.xgb.x_u19.g1_int2             -7.89379e-05
xn0.xgb.x_u22.g1_int1                        0
xn0.xgb.x_u23.g1_int1                        0
xn0.xgb.x_u26.g1_int1              7.89379e-08
xn0.xgb.x_u27.g1_int1                        0
xn0.xgb.x_u30.g1_int1              5.19544e-15
xn0.xgb.x_u31.g1_int1              3.86674e-10
xn0.xgb.x_u32.g1_int1                0.0276375
xn0.xgb.x_u35.g1_int1                        0
xn0.xgb.x_u36.3                              0
xn0.xgb.x_u36.5                              0
xn0.xgb.x_u37.3                              0
xn0.xgb.x_u37.5                              0
xn0.xgb.x_u4.e1_int1                 1.712e-05
xn0.xgb.x_u6.g1_int1               2.23555e-05
n1                                 -1.7195e-08
xn1.xg                             -1.7195e-08
xn1.g2                            -0.000135508
xn1.g3                             2.23557e-05
xn1.g4                             0.000180231
xn1.g5                            -1.70382e-08
xn1.xga.n24458                     -1.7693e-11
xn1.xga.n24659                    -9.66187e-12
xn1.xga.n37029                      -0.0491641
xn1.xga.n37037                     -0.00499149
xn1.xga.n39124                      -0.0491613
xn1.xga.n39892                    -7.37418e-07
xn1.xga.n2425309                            12
xn1.xga.n2425287                  -9.66011e-12
xn1.xga.n2425325                           -12
xn1.xga.mid                       -9.66011e-12
xn1.xga.n56849                    -9.66011e-12
xn1.xga.n57325                    -9.66011e-12
xn1.xga.n59747                    -9.66011e-12
xn1.xga.n59865                    -9.66011e-12
xn1.xga.n25921                       -0.820799
xn1.xga.n25929                    -2.62656e-06
xn1.xga.n65579                    -9.66011e-12
xn1.xga.n65697                    -9.66011e-12
xn1.xga.n68774                    -0.000679066
xn1.xga.n72398                         11.9743
xn1.xga.n72391                        -11.9647
xn1.xga.n81574                    -1.24645e-08
xn1.xga.n81664                    -1.26132e-08
xn1.xga.sw_ol_opax197             -9.66011e-12
xn1.xga.vclp                       -0.00067636
xn1.xga.vimon                     -0.000146677
xn1.xga.n27785                        0.820799
xn1.xga.n27793                     2.62654e-06
xn1.xga.vout_s                    -0.000135508
xn1.xga.n2402147                  -9.66187e-12
xn1.xga.n2402155                  -9.66011e-12
xn1.xga.n2419074                  -0.000678388
xn1.xga.n2525790                   -0.00067771
xn1.xga.n2526890                  -0.000677033
xn1.xga.n36262                    -0.000676357
xn1.xga.n32347                     2.23553e-05
xn1.xga.clamp                     -0.000679068
xn1.xga.esdp                       -1.7705e-08
xn1.xga.esdn                       2.23554e-05
xn1.xga.n158495                   -0.000676355
xn1.xga.cl_clamp                  -0.000676355
xn1.xga.n161937                   -0.000135508
xn1.xga.claw_clamp                -0.000676356
xn1.xga.n45999                    -0.000135508
xn1.xga.vcc_b                               12
xn1.xga.vee_b                              -12
xn1.xga.n25415                     1.71022e-05
xn1.xga.n25397                     1.71023e-05
xn1.xga.n25248                    -9.66178e-12
xn1.xga.vcc_clp                        11.9743
xn1.xga.vee_clp                       -11.9647
xn1.xga.n1356345                      -4.15068
xn1.xga.n1356333                      -4.15068
xn1.xga.n1356409                       4.19932
xn1.xga.n1356429                       4.19932
xn1.xga.vsense                    -0.000679066
xn1.xga.n28678                     2.23553e-05
xn1.xga.n28438                     1.71022e-05
xn1.xga.n24207                     -1.7705e-08
xn1.xga.n31303                     2.23554e-05
xn1.xga.n31389                            12.1
xn1.xga.n31737                           -12.1
xn1.xga.n32236                     2.23553e-05
xn1.xga.n32510                    -1.04769e-08
xn1.xga.n46041                      -0.0491607
xn1.xga.n55560                    -9.66011e-12
xn1.xga.n57321                    -9.66011e-12
xn1.xga.n59739                            68.9
xn1.xga.n59743                    -9.66011e-12
xn1.xga.n59881                    -9.66011e-12
xn1.xga.n59905                           -68.9
xn1.xga.n65567                             265
xn1.xga.n65575                    -9.66011e-12
xn1.xga.n65713                    -9.66011e-12
xn1.xga.n65737                            -265
xn1.xga.n72064                         11.9743
xn1.xga.n72073                        -11.9647
xn1.xga.v11                       -1.24645e-08
xn1.xga.v12                       -1.26132e-08
xn1.xga.n81756                    -9.66011e-12
xn1.xga.n161737                   -0.000146677
xn1.xga.n1356115                       4.19932
xn1.xga.n1356061                      -4.15068
xn1.xga.x_u1.7                        0.833786
xn1.xga.x_u1.8                        0.833786
xn1.xga.x_u1.3                               0
xn1.xga.x_u1.6                               0
xn1.xga.x_u1.4                               0
xn1.xga.x_u1.5                               0
xn1.xga.x_u10.gvo+_int1                      0
xn1.xga.x_u10.gvo-_int1                      0
xn1.xga.x_u11.gvo+_int1                      0
xn1.xga.x_u11.gvo-_int1                      0
xn1.xga.x_u12.gvo+_int1                      0
xn1.xga.x_u12.gvo-_int1                      0
xn1.xga.x_u16.gsw+_int1                      0
xn1.xga.x_u18.g1_int1              2.56144e-05
xn1.xga.x_u18.g1_int2             -0.000146677
xn1.xga.x_u19.g1_int1              3.52774e-05
xn1.xga.x_u19.g1_int2              0.000146677
xn1.xga.x_u22.g1_int1                        0
xn1.xga.x_u23.g1_int1                        0
xn1.xga.x_u26.g1_int1                        0
xn1.xga.x_u27.g1_int1              1.46677e-07
xn1.xga.x_u30.g1_int1             -1.04777e-14
xn1.xga.x_u31.g1_int1             -7.79807e-10
xn1.xga.x_u32.g1_int1               -0.0491608
xn1.xga.x_u35.g1_int1                        0
xn1.xga.x_u36.3                              0
xn1.xga.x_u36.5                              0
xn1.xga.x_u37.3                              0
xn1.xga.x_u37.5                              0
xn1.xga.x_u4.e1_int1                 1.712e-05
xn1.xga.x_u6.g1_int1               2.23553e-05
xn1.xgb.n24458                    -1.76114e-11
xn1.xgb.n24659                    -9.65146e-12
xn1.xgb.n37029                       0.0276393
xn1.xgb.n37037                      0.00280615
xn1.xgb.n39124                       0.0276378
xn1.xgb.n39892                     4.14551e-07
xn1.xgb.n2425309                            12
xn1.xgb.n2425287                   -9.6497e-12
xn1.xgb.n2425325                           -12
xn1.xgb.mid                        -9.6497e-12
xn1.xgb.n56849                     -9.6497e-12
xn1.xgb.n57325                     -9.6497e-12
xn1.xgb.n59747                     -9.6497e-12
xn1.xgb.n59865                     -9.6497e-12
xn1.xgb.n25921                       -0.820799
xn1.xgb.n25929                    -2.62656e-06
xn1.xgb.n65579                     -9.6497e-12
xn1.xgb.n65697                     -9.6497e-12
xn1.xgb.n68774                     0.000486229
xn1.xgb.n72398                         11.9743
xn1.xgb.n72391                        -11.9647
xn1.xgb.n81574                    -1.24633e-08
xn1.xgb.n81664                    -1.26143e-08
xn1.xgb.sw_ol_opax197              -9.6497e-12
xn1.xgb.vclp                       0.000484283
xn1.xgb.vimon                      7.89379e-05
xn1.xgb.n27785                        0.820799
xn1.xgb.n27793                     2.62654e-06
xn1.xgb.vout_s                     0.000180231
xn1.xgb.n2402147                  -9.65146e-12
xn1.xgb.n2402155                   -9.6497e-12
xn1.xgb.n2419074                   0.000485743
xn1.xgb.n2525790                   0.000485258
xn1.xgb.n2526890                   0.000484773
xn1.xgb.n36262                     0.000484289
xn1.xgb.n32347                     2.23555e-05
xn1.xgb.clamp                       0.00048623
xn1.xgb.esdp                      -1.75482e-08
xn1.xgb.esdn                       2.23554e-05
xn1.xgb.n158495                    0.000484288
xn1.xgb.cl_clamp                   0.000484288
xn1.xgb.n161937                    0.000180231
xn1.xgb.claw_clamp                 0.000484289
xn1.xgb.n45999                     0.000180231
xn1.xgb.vcc_b                               12
xn1.xgb.vee_b                              -12
xn1.xgb.n25415                     1.71024e-05
xn1.xgb.n25397                     1.71025e-05
xn1.xgb.n25248                    -9.65136e-12
xn1.xgb.vcc_clp                        11.9743
xn1.xgb.vee_clp                       -11.9647
xn1.xgb.n1356345                      -4.14952
xn1.xgb.n1356333                      -4.14952
xn1.xgb.n1356409                       4.20048
xn1.xgb.n1356429                       4.20048
xn1.xgb.vsense                     0.000486229
xn1.xgb.n28678                     2.23555e-05
xn1.xgb.n28438                     1.71024e-05
xn1.xgb.n24207                    -1.75482e-08
xn1.xgb.n31303                     2.23554e-05
xn1.xgb.n31389                            12.1
xn1.xgb.n31737                           -12.1
xn1.xgb.n32236                     2.23555e-05
xn1.xgb.n32510                     5.18061e-09
xn1.xgb.n46041                       0.0276374
xn1.xgb.n55560                     -9.6497e-12
xn1.xgb.n57321                     -9.6497e-12
xn1.xgb.n59739                            68.9
xn1.xgb.n59743                     -9.6497e-12
xn1.xgb.n59881                     -9.6497e-12
xn1.xgb.n59905                           -68.9
xn1.xgb.n65567                             265
xn1.xgb.n65575                     -9.6497e-12
xn1.xgb.n65713                     -9.6497e-12
xn1.xgb.n65737                            -265
xn1.xgb.n72064                         11.9743
xn1.xgb.n72073                        -11.9647
xn1.xgb.v11                       -1.24633e-08
xn1.xgb.v12                       -1.26143e-08
xn1.xgb.n81756                     -9.6497e-12
xn1.xgb.n161737                    7.89379e-05
xn1.xgb.n1356115                       4.20048
xn1.xgb.n1356061                      -4.14952
xn1.xgb.x_u1.7                        0.833786
xn1.xgb.x_u1.8                        0.833786
xn1.xgb.x_u1.3                               0
xn1.xgb.x_u1.6                               0
xn1.xgb.x_u1.4                               0
xn1.xgb.x_u1.5                               0
xn1.xgb.x_u10.gvo+_int1                      0
xn1.xgb.x_u10.gvo-_int1                      0
xn1.xgb.x_u11.gvo+_int1                      0
xn1.xgb.x_u11.gvo-_int1                      0
xn1.xgb.x_u12.gvo+_int1                      0
xn1.xgb.x_u12.gvo-_int1                      0
xn1.xgb.x_u16.gsw+_int1                      0
xn1.xgb.x_u18.g1_int1              2.56191e-05
xn1.xgb.x_u18.g1_int2              7.89379e-05
xn1.xgb.x_u19.g1_int1              3.52726e-05
xn1.xgb.x_u19.g1_int2             -7.89379e-05
xn1.xgb.x_u22.g1_int1                        0
xn1.xgb.x_u23.g1_int1                        0
xn1.xgb.x_u26.g1_int1              7.89379e-08
xn1.xgb.x_u27.g1_int1                        0
xn1.xgb.x_u30.g1_int1              5.19544e-15
xn1.xgb.x_u31.g1_int1              3.86674e-10
xn1.xgb.x_u32.g1_int1                0.0276375
xn1.xgb.x_u35.g1_int1                        0
xn1.xgb.x_u36.3                              0
xn1.xgb.x_u36.5                              0
xn1.xgb.x_u37.3                              0
xn1.xgb.x_u37.5                              0
xn1.xgb.x_u4.e1_int1                 1.712e-05
xn1.xgb.x_u6.g1_int1               2.23555e-05
n2                                 -1.7195e-08
xn2.xg                             -1.7195e-08
xn2.g2                            -0.000135508
xn2.g3                             2.23557e-05
xn2.g4                             0.000180231
xn2.g5                            -1.70382e-08
xn2.xga.n24458                    -1.76921e-11
xn2.xga.n24659                    -9.66103e-12
xn2.xga.n37029                      -0.0491641
xn2.xga.n37037                     -0.00499149
xn2.xga.n39124                      -0.0491613
xn2.xga.n39892                    -7.37418e-07
xn2.xga.n2425309                            12
xn2.xga.n2425287                  -9.65926e-12
xn2.xga.n2425325                           -12
xn2.xga.mid                       -9.65926e-12
xn2.xga.n56849                    -9.65926e-12
xn2.xga.n57325                    -9.65926e-12
xn2.xga.n59747                    -9.65926e-12
xn2.xga.n59865                    -9.65926e-12
xn2.xga.n25921                       -0.820799
xn2.xga.n25929                    -2.62656e-06
xn2.xga.n65579                    -9.65926e-12
xn2.xga.n65697                    -9.65926e-12
xn2.xga.n68774                    -0.000679066
xn2.xga.n72398                         11.9743
xn2.xga.n72391                        -11.9647
xn2.xga.n81574                    -1.24645e-08
xn2.xga.n81664                    -1.26132e-08
xn2.xga.sw_ol_opax197             -9.65926e-12
xn2.xga.vclp                       -0.00067636
xn2.xga.vimon                     -0.000146677
xn2.xga.n27785                        0.820799
xn2.xga.n27793                     2.62654e-06
xn2.xga.vout_s                    -0.000135508
xn2.xga.n2402147                  -9.66103e-12
xn2.xga.n2402155                  -9.65926e-12
xn2.xga.n2419074                  -0.000678388
xn2.xga.n2525790                   -0.00067771
xn2.xga.n2526890                  -0.000677033
xn2.xga.n36262                    -0.000676357
xn2.xga.n32347                     2.23553e-05
xn2.xga.clamp                     -0.000679068
xn2.xga.esdp                       -1.7705e-08
xn2.xga.esdn                       2.23554e-05
xn2.xga.n158495                   -0.000676355
xn2.xga.cl_clamp                  -0.000676355
xn2.xga.n161937                   -0.000135508
xn2.xga.claw_clamp                -0.000676356
xn2.xga.n45999                    -0.000135508
xn2.xga.vcc_b                               12
xn2.xga.vee_b                              -12
xn2.xga.n25415                     1.71022e-05
xn2.xga.n25397                     1.71023e-05
xn2.xga.n25248                    -9.66093e-12
xn2.xga.vcc_clp                        11.9743
xn2.xga.vee_clp                       -11.9647
xn2.xga.n1356345                      -4.15068
xn2.xga.n1356333                      -4.15068
xn2.xga.n1356409                       4.19932
xn2.xga.n1356429                       4.19932
xn2.xga.vsense                    -0.000679066
xn2.xga.n28678                     2.23553e-05
xn2.xga.n28438                     1.71022e-05
xn2.xga.n24207                     -1.7705e-08
xn2.xga.n31303                     2.23554e-05
xn2.xga.n31389                            12.1
xn2.xga.n31737                           -12.1
xn2.xga.n32236                     2.23553e-05
xn2.xga.n32510                    -1.04769e-08
xn2.xga.n46041                      -0.0491607
xn2.xga.n55560                    -9.65926e-12
xn2.xga.n57321                    -9.65926e-12
xn2.xga.n59739                            68.9
xn2.xga.n59743                    -9.65926e-12
xn2.xga.n59881                    -9.65926e-12
xn2.xga.n59905                           -68.9
xn2.xga.n65567                             265
xn2.xga.n65575                    -9.65926e-12
xn2.xga.n65713                    -9.65926e-12
xn2.xga.n65737                            -265
xn2.xga.n72064                         11.9743
xn2.xga.n72073                        -11.9647
xn2.xga.v11                       -1.24645e-08
xn2.xga.v12                       -1.26132e-08
xn2.xga.n81756                    -9.65926e-12
xn2.xga.n161737                   -0.000146677
xn2.xga.n1356115                       4.19932
xn2.xga.n1356061                      -4.15068
xn2.xga.x_u1.7                        0.833786
xn2.xga.x_u1.8                        0.833786
xn2.xga.x_u1.3                               0
xn2.xga.x_u1.6                               0
xn2.xga.x_u1.4                               0
xn2.xga.x_u1.5                               0
xn2.xga.x_u10.gvo+_int1                      0
xn2.xga.x_u10.gvo-_int1                      0
xn2.xga.x_u11.gvo+_int1                      0
xn2.xga.x_u11.gvo-_int1                      0
xn2.xga.x_u12.gvo+_int1                      0
xn2.xga.x_u12.gvo-_int1                      0
xn2.xga.x_u16.gsw+_int1                      0
xn2.xga.x_u18.g1_int1              2.56144e-05
xn2.xga.x_u18.g1_int2             -0.000146677
xn2.xga.x_u19.g1_int1              3.52774e-05
xn2.xga.x_u19.g1_int2              0.000146677
xn2.xga.x_u22.g1_int1                        0
xn2.xga.x_u23.g1_int1                        0
xn2.xga.x_u26.g1_int1                        0
xn2.xga.x_u27.g1_int1              1.46677e-07
xn2.xga.x_u30.g1_int1             -1.04777e-14
xn2.xga.x_u31.g1_int1             -7.79807e-10
xn2.xga.x_u32.g1_int1               -0.0491608
xn2.xga.x_u35.g1_int1                        0
xn2.xga.x_u36.3                              0
xn2.xga.x_u36.5                              0
xn2.xga.x_u37.3                              0
xn2.xga.x_u37.5                              0
xn2.xga.x_u4.e1_int1                 1.712e-05
xn2.xga.x_u6.g1_int1               2.23553e-05
xn2.xgb.n24458                    -1.76106e-11
xn2.xgb.n24659                    -9.65061e-12
xn2.xgb.n37029                       0.0276393
xn2.xgb.n37037                      0.00280615
xn2.xgb.n39124                       0.0276378
xn2.xgb.n39892                     4.14551e-07
xn2.xgb.n2425309                            12
xn2.xgb.n2425287                  -9.64886e-12
xn2.xgb.n2425325                           -12
xn2.xgb.mid                       -9.64886e-12
xn2.xgb.n56849                    -9.64886e-12
xn2.xgb.n57325                    -9.64886e-12
xn2.xgb.n59747                    -9.64886e-12
xn2.xgb.n59865                    -9.64886e-12
xn2.xgb.n25921                       -0.820799
xn2.xgb.n25929                    -2.62656e-06
xn2.xgb.n65579                    -9.64886e-12
xn2.xgb.n65697                    -9.64886e-12
xn2.xgb.n68774                     0.000486229
xn2.xgb.n72398                         11.9743
xn2.xgb.n72391                        -11.9647
xn2.xgb.n81574                    -1.24633e-08
xn2.xgb.n81664                    -1.26143e-08
xn2.xgb.sw_ol_opax197             -9.64886e-12
xn2.xgb.vclp                       0.000484283
xn2.xgb.vimon                      7.89379e-05
xn2.xgb.n27785                        0.820799
xn2.xgb.n27793                     2.62654e-06
xn2.xgb.vout_s                     0.000180231
xn2.xgb.n2402147                  -9.65061e-12
xn2.xgb.n2402155                  -9.64886e-12
xn2.xgb.n2419074                   0.000485743
xn2.xgb.n2525790                   0.000485258
xn2.xgb.n2526890                   0.000484773
xn2.xgb.n36262                     0.000484289
xn2.xgb.n32347                     2.23555e-05
xn2.xgb.clamp                       0.00048623
xn2.xgb.esdp                      -1.75482e-08
xn2.xgb.esdn                       2.23554e-05
xn2.xgb.n158495                    0.000484288
xn2.xgb.cl_clamp                   0.000484288
xn2.xgb.n161937                    0.000180231
xn2.xgb.claw_clamp                 0.000484289
xn2.xgb.n45999                     0.000180231
xn2.xgb.vcc_b                               12
xn2.xgb.vee_b                              -12
xn2.xgb.n25415                     1.71024e-05
xn2.xgb.n25397                     1.71025e-05
xn2.xgb.n25248                    -9.65051e-12
xn2.xgb.vcc_clp                        11.9743
xn2.xgb.vee_clp                       -11.9647
xn2.xgb.n1356345                      -4.14952
xn2.xgb.n1356333                      -4.14952
xn2.xgb.n1356409                       4.20048
xn2.xgb.n1356429                       4.20048
xn2.xgb.vsense                     0.000486229
xn2.xgb.n28678                     2.23555e-05
xn2.xgb.n28438                     1.71024e-05
xn2.xgb.n24207                    -1.75482e-08
xn2.xgb.n31303                     2.23554e-05
xn2.xgb.n31389                            12.1
xn2.xgb.n31737                           -12.1
xn2.xgb.n32236                     2.23555e-05
xn2.xgb.n32510                     5.18061e-09
xn2.xgb.n46041                       0.0276374
xn2.xgb.n55560                    -9.64886e-12
xn2.xgb.n57321                    -9.64886e-12
xn2.xgb.n59739                            68.9
xn2.xgb.n59743                    -9.64886e-12
xn2.xgb.n59881                    -9.64886e-12
xn2.xgb.n59905                           -68.9
xn2.xgb.n65567                             265
xn2.xgb.n65575                    -9.64886e-12
xn2.xgb.n65713                    -9.64886e-12
xn2.xgb.n65737                            -265
xn2.xgb.n72064                         11.9743
xn2.xgb.n72073                        -11.9647
xn2.xgb.v11                       -1.24633e-08
xn2.xgb.v12                       -1.26143e-08
xn2.xgb.n81756                    -9.64886e-12
xn2.xgb.n161737                    7.89379e-05
xn2.xgb.n1356115                       4.20048
xn2.xgb.n1356061                      -4.14952
xn2.xgb.x_u1.7                        0.833786
xn2.xgb.x_u1.8                        0.833786
xn2.xgb.x_u1.3                               0
xn2.xgb.x_u1.6                               0
xn2.xgb.x_u1.4                               0
xn2.xgb.x_u1.5                               0
xn2.xgb.x_u10.gvo+_int1                      0
xn2.xgb.x_u10.gvo-_int1                      0
xn2.xgb.x_u11.gvo+_int1                      0
xn2.xgb.x_u11.gvo-_int1                      0
xn2.xgb.x_u12.gvo+_int1                      0
xn2.xgb.x_u12.gvo-_int1                      0
xn2.xgb.x_u16.gsw+_int1                      0
xn2.xgb.x_u18.g1_int1              2.56191e-05
xn2.xgb.x_u18.g1_int2              7.89379e-05
xn2.xgb.x_u19.g1_int1              3.52726e-05
xn2.xgb.x_u19.g1_int2             -7.89379e-05
xn2.xgb.x_u22.g1_int1                        0
xn2.xgb.x_u23.g1_int1                        0
xn2.xgb.x_u26.g1_int1              7.89379e-08
xn2.xgb.x_u27.g1_int1                        0
xn2.xgb.x_u30.g1_int1              5.19544e-15
xn2.xgb.x_u31.g1_int1              3.86674e-10
xn2.xgb.x_u32.g1_int1                0.0276375
xn2.xgb.x_u35.g1_int1                        0
xn2.xgb.x_u36.3                              0
xn2.xgb.x_u36.5                              0
xn2.xgb.x_u37.3                              0
xn2.xgb.x_u37.5                              0
xn2.xgb.x_u4.e1_int1                 1.712e-05
xn2.xgb.x_u6.g1_int1               2.23555e-05
n3                                 -1.7195e-08
xn3.xg                             -1.7195e-08
xn3.g2                            -0.000135508
xn3.g3                             2.23557e-05
xn3.g4                             0.000180231
xn3.g5                            -1.70382e-08
xn3.xga.n24458                     -1.7693e-11
xn3.xga.n24659                    -9.66187e-12
xn3.xga.n37029                      -0.0491641
xn3.xga.n37037                     -0.00499149
xn3.xga.n39124                      -0.0491613
xn3.xga.n39892                    -7.37418e-07
xn3.xga.n2425309                            12
xn3.xga.n2425287                  -9.66011e-12
xn3.xga.n2425325                           -12
xn3.xga.mid                       -9.66011e-12
xn3.xga.n56849                    -9.66011e-12
xn3.xga.n57325                    -9.66011e-12
xn3.xga.n59747                    -9.66011e-12
xn3.xga.n59865                    -9.66011e-12
xn3.xga.n25921                       -0.820799
xn3.xga.n25929                    -2.62656e-06
xn3.xga.n65579                    -9.66011e-12
xn3.xga.n65697                    -9.66011e-12
xn3.xga.n68774                    -0.000679066
xn3.xga.n72398                         11.9743
xn3.xga.n72391                        -11.9647
xn3.xga.n81574                    -1.24645e-08
xn3.xga.n81664                    -1.26132e-08
xn3.xga.sw_ol_opax197             -9.66011e-12
xn3.xga.vclp                       -0.00067636
xn3.xga.vimon                     -0.000146677
xn3.xga.n27785                        0.820799
xn3.xga.n27793                     2.62654e-06
xn3.xga.vout_s                    -0.000135508
xn3.xga.n2402147                  -9.66187e-12
xn3.xga.n2402155                  -9.66011e-12
xn3.xga.n2419074                  -0.000678388
xn3.xga.n2525790                   -0.00067771
xn3.xga.n2526890                  -0.000677033
xn3.xga.n36262                    -0.000676357
xn3.xga.n32347                     2.23553e-05
xn3.xga.clamp                     -0.000679068
xn3.xga.esdp                       -1.7705e-08
xn3.xga.esdn                       2.23554e-05
xn3.xga.n158495                   -0.000676355
xn3.xga.cl_clamp                  -0.000676355
xn3.xga.n161937                   -0.000135508
xn3.xga.claw_clamp                -0.000676356
xn3.xga.n45999                    -0.000135508
xn3.xga.vcc_b                               12
xn3.xga.vee_b                              -12
xn3.xga.n25415                     1.71022e-05
xn3.xga.n25397                     1.71023e-05
xn3.xga.n25248                    -9.66178e-12
xn3.xga.vcc_clp                        11.9743
xn3.xga.vee_clp                       -11.9647
xn3.xga.n1356345                      -4.15068
xn3.xga.n1356333                      -4.15068
xn3.xga.n1356409                       4.19932
xn3.xga.n1356429                       4.19932
xn3.xga.vsense                    -0.000679066
xn3.xga.n28678                     2.23553e-05
xn3.xga.n28438                     1.71022e-05
xn3.xga.n24207                     -1.7705e-08
xn3.xga.n31303                     2.23554e-05
xn3.xga.n31389                            12.1
xn3.xga.n31737                           -12.1
xn3.xga.n32236                     2.23553e-05
xn3.xga.n32510                    -1.04769e-08
xn3.xga.n46041                      -0.0491607
xn3.xga.n55560                    -9.66011e-12
xn3.xga.n57321                    -9.66011e-12
xn3.xga.n59739                            68.9
xn3.xga.n59743                    -9.66011e-12
xn3.xga.n59881                    -9.66011e-12
xn3.xga.n59905                           -68.9
xn3.xga.n65567                             265
xn3.xga.n65575                    -9.66011e-12
xn3.xga.n65713                    -9.66011e-12
xn3.xga.n65737                            -265
xn3.xga.n72064                         11.9743
xn3.xga.n72073                        -11.9647
xn3.xga.v11                       -1.24645e-08
xn3.xga.v12                       -1.26132e-08
xn3.xga.n81756                    -9.66011e-12
xn3.xga.n161737                   -0.000146677
xn3.xga.n1356115                       4.19932
xn3.xga.n1356061                      -4.15068
xn3.xga.x_u1.7                        0.833786
xn3.xga.x_u1.8                        0.833786
xn3.xga.x_u1.3                               0
xn3.xga.x_u1.6                               0
xn3.xga.x_u1.4                               0
xn3.xga.x_u1.5                               0
xn3.xga.x_u10.gvo+_int1                      0
xn3.xga.x_u10.gvo-_int1                      0
xn3.xga.x_u11.gvo+_int1                      0
xn3.xga.x_u11.gvo-_int1                      0
xn3.xga.x_u12.gvo+_int1                      0
xn3.xga.x_u12.gvo-_int1                      0
xn3.xga.x_u16.gsw+_int1                      0
xn3.xga.x_u18.g1_int1              2.56144e-05
xn3.xga.x_u18.g1_int2             -0.000146677
xn3.xga.x_u19.g1_int1              3.52774e-05
xn3.xga.x_u19.g1_int2              0.000146677
xn3.xga.x_u22.g1_int1                        0
xn3.xga.x_u23.g1_int1                        0
xn3.xga.x_u26.g1_int1                        0
xn3.xga.x_u27.g1_int1              1.46677e-07
xn3.xga.x_u30.g1_int1             -1.04777e-14
xn3.xga.x_u31.g1_int1             -7.79807e-10
xn3.xga.x_u32.g1_int1               -0.0491608
xn3.xga.x_u35.g1_int1                        0
xn3.xga.x_u36.3                              0
xn3.xga.x_u36.5                              0
xn3.xga.x_u37.3                              0
xn3.xga.x_u37.5                              0
xn3.xga.x_u4.e1_int1                 1.712e-05
xn3.xga.x_u6.g1_int1               2.23553e-05
xn3.xgb.n24458                    -1.76106e-11
xn3.xgb.n24659                    -9.65061e-12
xn3.xgb.n37029                       0.0276393
xn3.xgb.n37037                      0.00280615
xn3.xgb.n39124                       0.0276378
xn3.xgb.n39892                     4.14551e-07
xn3.xgb.n2425309                            12
xn3.xgb.n2425287                  -9.64886e-12
xn3.xgb.n2425325                           -12
xn3.xgb.mid                       -9.64886e-12
xn3.xgb.n56849                    -9.64886e-12
xn3.xgb.n57325                    -9.64886e-12
xn3.xgb.n59747                    -9.64886e-12
xn3.xgb.n59865                    -9.64886e-12
xn3.xgb.n25921                       -0.820799
xn3.xgb.n25929                    -2.62656e-06
xn3.xgb.n65579                    -9.64886e-12
xn3.xgb.n65697                    -9.64886e-12
xn3.xgb.n68774                     0.000486229
xn3.xgb.n72398                         11.9743
xn3.xgb.n72391                        -11.9647
xn3.xgb.n81574                    -1.24633e-08
xn3.xgb.n81664                    -1.26143e-08
xn3.xgb.sw_ol_opax197             -9.64886e-12
xn3.xgb.vclp                       0.000484283
xn3.xgb.vimon                      7.89379e-05
xn3.xgb.n27785                        0.820799
xn3.xgb.n27793                     2.62654e-06
xn3.xgb.vout_s                     0.000180231
xn3.xgb.n2402147                  -9.65061e-12
xn3.xgb.n2402155                  -9.64886e-12
xn3.xgb.n2419074                   0.000485743
xn3.xgb.n2525790                   0.000485258
xn3.xgb.n2526890                   0.000484773
xn3.xgb.n36262                     0.000484289
xn3.xgb.n32347                     2.23555e-05
xn3.xgb.clamp                       0.00048623
xn3.xgb.esdp                      -1.75482e-08
xn3.xgb.esdn                       2.23554e-05
xn3.xgb.n158495                    0.000484288
xn3.xgb.cl_clamp                   0.000484288
xn3.xgb.n161937                    0.000180231
xn3.xgb.claw_clamp                 0.000484289
xn3.xgb.n45999                     0.000180231
xn3.xgb.vcc_b                               12
xn3.xgb.vee_b                              -12
xn3.xgb.n25415                     1.71024e-05
xn3.xgb.n25397                     1.71025e-05
xn3.xgb.n25248                    -9.65051e-12
xn3.xgb.vcc_clp                        11.9743
xn3.xgb.vee_clp                       -11.9647
xn3.xgb.n1356345                      -4.14952
xn3.xgb.n1356333                      -4.14952
xn3.xgb.n1356409                       4.20048
xn3.xgb.n1356429                       4.20048
xn3.xgb.vsense                     0.000486229
xn3.xgb.n28678                     2.23555e-05
xn3.xgb.n28438                     1.71024e-05
xn3.xgb.n24207                    -1.75482e-08
xn3.xgb.n31303                     2.23554e-05
xn3.xgb.n31389                            12.1
xn3.xgb.n31737                           -12.1
xn3.xgb.n32236                     2.23555e-05
xn3.xgb.n32510                     5.18061e-09
xn3.xgb.n46041                       0.0276374
xn3.xgb.n55560                    -9.64886e-12
xn3.xgb.n57321                    -9.64886e-12
xn3.xgb.n59739                            68.9
xn3.xgb.n59743                    -9.64886e-12
xn3.xgb.n59881                    -9.64886e-12
xn3.xgb.n59905                           -68.9
xn3.xgb.n65567                             265
xn3.xgb.n65575                    -9.64886e-12
xn3.xgb.n65713                    -9.64886e-12
xn3.xgb.n65737                            -265
xn3.xgb.n72064                         11.9743
xn3.xgb.n72073                        -11.9647
xn3.xgb.v11                       -1.24633e-08
xn3.xgb.v12                       -1.26143e-08
xn3.xgb.n81756                    -9.64886e-12
xn3.xgb.n161737                    7.89379e-05
xn3.xgb.n1356115                       4.20048
xn3.xgb.n1356061                      -4.14952
xn3.xgb.x_u1.7                        0.833786
xn3.xgb.x_u1.8                        0.833786
xn3.xgb.x_u1.3                               0
xn3.xgb.x_u1.6                               0
xn3.xgb.x_u1.4                               0
xn3.xgb.x_u1.5                               0
xn3.xgb.x_u10.gvo+_int1                      0
xn3.xgb.x_u10.gvo-_int1                      0
xn3.xgb.x_u11.gvo+_int1                      0
xn3.xgb.x_u11.gvo-_int1                      0
xn3.xgb.x_u12.gvo+_int1                      0
xn3.xgb.x_u12.gvo-_int1                      0
xn3.xgb.x_u16.gsw+_int1                      0
xn3.xgb.x_u18.g1_int1              2.56191e-05
xn3.xgb.x_u18.g1_int2              7.89379e-05
xn3.xgb.x_u19.g1_int1              3.52726e-05
xn3.xgb.x_u19.g1_int2             -7.89379e-05
xn3.xgb.x_u22.g1_int1                        0
xn3.xgb.x_u23.g1_int1                        0
xn3.xgb.x_u26.g1_int1              7.89379e-08
xn3.xgb.x_u27.g1_int1                        0
xn3.xgb.x_u30.g1_int1              5.19544e-15
xn3.xgb.x_u31.g1_int1              3.86674e-10
xn3.xgb.x_u32.g1_int1                0.0276375
xn3.xgb.x_u35.g1_int1                        0
xn3.xgb.x_u36.3                              0
xn3.xgb.x_u36.5                              0
xn3.xgb.x_u37.3                              0
xn3.xgb.x_u37.5                              0
xn3.xgb.x_u4.e1_int1                 1.712e-05
xn3.xgb.x_u6.g1_int1               2.23555e-05
xb0.yc                             -1.7195e-08
xb0.xb1.n24458                    -1.76839e-11
xb0.xb1.n24659                     -9.6528e-12
xb0.xb1.n37029                       0.0026844
xb0.xb1.n37037                      0.00027254
xb0.xb1.n39124                      0.00268425
xb0.xb1.n39892                     4.02535e-08
xb0.xb1.n2425309                            12
xb0.xb1.n2425287                  -9.65104e-12
xb0.xb1.n2425325                           -12
xb0.xb1.mid                       -9.65104e-12
xb0.xb1.n56849                    -9.65104e-12
xb0.xb1.n57325                    -9.65104e-12
xb0.xb1.n59747                    -9.65104e-12
xb0.xb1.n59865                    -9.65104e-12
xb0.xb1.n25921                       -0.820799
xb0.xb1.n25929                    -2.62656e-06
xb0.xb1.n65579                    -9.65104e-12
xb0.xb1.n65697                    -9.65104e-12
xb0.xb1.n68774                     5.20943e-05
xb0.xb1.n72398                         11.9743
xb0.xb1.n72391                        -11.9647
xb0.xb1.n81574                    -1.24637e-08
xb0.xb1.n81664                    -1.26139e-08
xb0.xb1.sw_ol_opax197             -9.65104e-12
xb0.xb1.vclp                       5.18813e-05
xb0.xb1.vimon                      7.50243e-06
xb0.xb1.n27785                        0.820799
xb0.xb1.n27793                     2.62654e-06
xb0.xb1.vout_s                     2.23556e-05
xb0.xb1.n2402147                   -9.6528e-12
xb0.xb1.n2402155                  -9.65104e-12
xb0.xb1.n2419074                   5.20423e-05
xb0.xb1.n2525790                   5.19903e-05
xb0.xb1.n2526890                   5.19384e-05
xb0.xb1.n36262                     5.18865e-05
xb0.xb1.n32347                     2.23553e-05
xb0.xb1.clamp                      5.20944e-05
xb0.xb1.esdp                       -1.7705e-08
xb0.xb1.esdn                       2.23553e-05
xb0.xb1.n158495                    5.18864e-05
xb0.xb1.cl_clamp                   5.18864e-05
xb0.xb1.n161937                    2.23556e-05
xb0.bufa                           2.23556e-05
xb0.xb1.claw_clamp                 5.18864e-05
xb0.xb1.n45999                     2.23556e-05
xb0.xb1.vcc_b                               12
xb0.xb1.vee_b                              -12
xb0.xb1.n25415                     1.71022e-05
xb0.xb1.n25397                     1.71023e-05
xb0.xb1.n25248                    -9.65271e-12
xb0.xb1.vcc_clp                        11.9743
xb0.xb1.vee_clp                       -11.9647
xb0.xb1.n1356345                      -4.14995
xb0.xb1.n1356333                      -4.14995
xb0.xb1.n1356409                       4.20005
xb0.xb1.n1356429                       4.20005
xb0.xb1.vsense                     5.20943e-05
xb0.xb1.n28678                     2.23553e-05
xb0.xb1.n28438                     1.71022e-05
xb0.xb1.n24207                     -1.7705e-08
xb0.xb1.n31303                     2.23553e-05
xb0.xb1.n31389                            12.1
xb0.xb1.n31737                           -12.1
xb0.xb1.n32236                     2.23553e-05
xb0.xb1.n32510                    -6.52639e-10
xb0.xb1.n46041                      0.00268421
xb0.xb1.n55560                    -9.65104e-12
xb0.xb1.n57321                    -9.65104e-12
xb0.xb1.n59739                            68.9
xb0.xb1.n59743                    -9.65104e-12
xb0.xb1.n59881                    -9.65104e-12
xb0.xb1.n59905                           -68.9
xb0.xb1.n65567                             265
xb0.xb1.n65575                    -9.65104e-12
xb0.xb1.n65713                    -9.65104e-12
xb0.xb1.n65737                            -265
xb0.xb1.n72064                         11.9743
xb0.xb1.n72073                        -11.9647
xb0.xb1.v11                       -1.24637e-08
xb0.xb1.v12                       -1.26139e-08
xb0.xb1.n81756                    -9.65104e-12
xb0.xb1.n161737                    7.50243e-06
xb0.xb1.n1356115                       4.20005
xb0.xb1.n1356061                      -4.14995
xb0.xb1.x_u1.7                        0.833786
xb0.xb1.x_u1.8                        0.833786
xb0.xb1.x_u1.3                               0
xb0.xb1.x_u1.6                               0
xb0.xb1.x_u1.4                               0
xb0.xb1.x_u1.5                               0
xb0.xb1.x_u10.gvo+_int1                      0
xb0.xb1.x_u10.gvo-_int1                      0
xb0.xb1.x_u11.gvo+_int1                      0
xb0.xb1.x_u11.gvo-_int1                      0
xb0.xb1.x_u12.gvo+_int1                      0
xb0.xb1.x_u12.gvo-_int1                      0
xb0.xb1.x_u16.gsw+_int1                      0
xb0.xb1.x_u18.g1_int1              2.56177e-05
xb0.xb1.x_u18.g1_int2              7.50244e-06
xb0.xb1.x_u19.g1_int1              3.52741e-05
xb0.xb1.x_u19.g1_int2             -7.50244e-06
xb0.xb1.x_u22.g1_int1             -1.03721e-24
xb0.xb1.x_u23.g1_int1             -1.03721e-24
xb0.xb1.x_u26.g1_int1              7.50244e-09
xb0.xb1.x_u27.g1_int1                        0
xb0.xb1.x_u30.g1_int1             -6.43641e-16
xb0.xb1.x_u31.g1_int1             -4.79026e-11
xb0.xb1.x_u32.g1_int1               0.00268422
xb0.xb1.x_u35.g1_int1             -1.03721e-24
xb0.xb1.x_u36.3                              0
xb0.xb1.x_u36.5                              0
xb0.xb1.x_u37.3                              0
xb0.xb1.x_u37.5                              0
xb0.xb1.x_u4.e1_int1                 1.712e-05
xb0.xb1.x_u6.g1_int1               2.23553e-05
xb0.hb                             4.47416e-05
xb0.mb                             2.23556e-05
xb0.xb2.n24458                    -1.76843e-11
xb0.xb2.n24659                    -9.65324e-12
xb0.xb2.n37029                       0.0060962
xb0.xb2.n37037                     0.000618931
xb0.xb2.n39124                      0.00609586
xb0.xb2.n39892                     9.14269e-08
xb0.xb2.n2425309                            12
xb0.xb2.n2425287                  -9.65147e-12
xb0.xb2.n2425325                           -12
xb0.xb2.mid                       -9.65147e-12
xb0.xb2.n56849                    -9.65147e-12
xb0.xb2.n57325                    -9.65147e-12
xb0.xb2.n59747                    -9.65147e-12
xb0.xb2.n59865                    -9.65147e-12
xb0.xb2.n25921                       -0.820799
xb0.xb2.n25929                    -2.62656e-06
xb0.xb2.n65579                    -9.65147e-12
xb0.xb2.n65697                    -9.65147e-12
xb0.xb2.n68774                     0.000112253
xb0.xb2.n72398                         11.9743
xb0.xb2.n72391                        -11.9647
xb0.xb2.n81574                    -1.24637e-08
xb0.xb2.n81664                     -1.2614e-08
xb0.xb2.sw_ol_opax197             -9.65147e-12
xb0.xb2.vclp                         0.0001118
xb0.xb2.vimon                      1.72419e-05
xb0.xb2.n27785                        0.820799
xb0.xb2.n27793                     2.62654e-06
xb0.xb2.vout_s                     4.47416e-05
xb0.xb2.n2402147                  -9.65324e-12
xb0.xb2.n2402155                  -9.65147e-12
xb0.xb2.n2419074                   0.000112141
xb0.xb2.n2525790                   0.000112029
xb0.xb2.n2526890                   0.000111917
xb0.xb2.n36262                     0.000111805
xb0.xb2.n32347                     2.23553e-05
xb0.xb2.clamp                      0.000112254
xb0.xb2.esdp                       -1.7705e-08
xb0.xb2.esdn                       2.23553e-05
xb0.xb2.n158495                    0.000111805
xb0.xb2.cl_clamp                   0.000111805
xb0.xb2.n161937                    4.47416e-05
xb0.xb2.claw_clamp                 0.000111805
xb0.xb2.n45999                     4.47416e-05
xb0.xb2.vcc_b                               12
xb0.xb2.vee_b                              -12
xb0.xb2.n25415                     1.71022e-05
xb0.xb2.n25397                     1.71023e-05
xb0.xb2.n25248                    -9.65314e-12
xb0.xb2.vcc_clp                        11.9743
xb0.xb2.vee_clp                       -11.9647
xb0.xb2.n1356345                      -4.14989
xb0.xb2.n1356333                      -4.14989
xb0.xb2.n1356409                       4.20011
xb0.xb2.n1356429                       4.20011
xb0.xb2.vsense                     0.000112253
xb0.xb2.n28678                     2.23553e-05
xb0.xb2.n28438                     1.71022e-05
xb0.xb2.n24207                     -1.7705e-08
xb0.xb2.n31303                     2.23553e-05
xb0.xb2.n31389                            12.1
xb0.xb2.n31737                           -12.1
xb0.xb2.n32236                     2.23553e-05
xb0.xb2.n32510                     1.55686e-10
xb0.xb2.n46041                      0.00609578
xb0.xb2.n55560                    -9.65147e-12
xb0.xb2.n57321                    -9.65147e-12
xb0.xb2.n59739                            68.9
xb0.xb2.n59743                    -9.65147e-12
xb0.xb2.n59881                    -9.65147e-12
xb0.xb2.n59905                           -68.9
xb0.xb2.n65567                             265
xb0.xb2.n65575                    -9.65147e-12
xb0.xb2.n65713                    -9.65147e-12
xb0.xb2.n65737                            -265
xb0.xb2.n72064                         11.9743
xb0.xb2.n72073                        -11.9647
xb0.xb2.v11                       -1.24637e-08
xb0.xb2.v12                        -1.2614e-08
xb0.xb2.n81756                    -9.65147e-12
xb0.xb2.n161737                    1.72419e-05
xb0.xb2.n1356115                       4.20011
xb0.xb2.n1356061                      -4.14989
xb0.xb2.x_u1.7                        0.833786
xb0.xb2.x_u1.8                        0.833786
xb0.xb2.x_u1.3                               0
xb0.xb2.x_u1.6                               0
xb0.xb2.x_u1.4                               0
xb0.xb2.x_u1.5                               0
xb0.xb2.x_u10.gvo+_int1                      0
xb0.xb2.x_u10.gvo-_int1                      0
xb0.xb2.x_u11.gvo+_int1                      0
xb0.xb2.x_u11.gvo-_int1                      0
xb0.xb2.x_u12.gvo+_int1                      0
xb0.xb2.x_u12.gvo-_int1                      0
xb0.xb2.x_u16.gsw+_int1                      0
xb0.xb2.x_u18.g1_int1              2.56179e-05
xb0.xb2.x_u18.g1_int2              1.72419e-05
xb0.xb2.x_u19.g1_int1              3.52739e-05
xb0.xb2.x_u19.g1_int2             -1.72419e-05
xb0.xb2.x_u22.g1_int1                        0
xb0.xb2.x_u23.g1_int1                        0
xb0.xb2.x_u26.g1_int1              1.72419e-08
xb0.xb2.x_u27.g1_int1                        0
xb0.xb2.x_u30.g1_int1              1.65493e-16
xb0.xb2.x_u31.g1_int1              1.23176e-11
xb0.xb2.x_u32.g1_int1                0.0060958
xb0.xb2.x_u35.g1_int1                        0
xb0.xb2.x_u36.3                              0
xb0.xb2.x_u36.5                              0
xb0.xb2.x_u37.3                              0
xb0.xb2.x_u37.5                              0
xb0.xb2.x_u4.e1_int1                 1.712e-05
xb0.xb2.x_u6.g1_int1               2.23553e-05
xb0.xa1.n24458                    -1.76842e-11
xb0.xa1.n24659                    -9.65312e-12
xb0.xa1.n37029                     0.000246925
xb0.xa1.n37037                     2.50696e-05
xb0.xa1.n39124                     0.000246911
xb0.xa1.n39892                     3.69396e-09
xb0.xa1.n2425309                            12
xb0.xa1.n2425287                  -9.65135e-12
xb0.xa1.n2425325                           -12
xb0.xa1.mid                       -9.65135e-12
xb0.xa1.n56849                    -9.65135e-12
xb0.xa1.n57325                    -9.65135e-12
xb0.xa1.n59747                    -9.65135e-12
xb0.xa1.n59865                    -9.65135e-12
xb0.xa1.n25921                       -0.820799
xb0.xa1.n25929                    -2.62656e-06
xb0.xa1.n65579                    -9.65135e-12
xb0.xa1.n65697                    -9.65135e-12
xb0.xa1.n68774                     2.51725e-05
xb0.xa1.n72398                         11.9743
xb0.xa1.n72391                        -11.9647
xb0.xa1.n81574                    -1.24638e-08
xb0.xa1.n81664                    -1.26139e-08
xb0.xa1.sw_ol_opax197             -9.65135e-12
xb0.xa1.vclp                        2.5067e-05
xb0.xa1.vimon                      3.03171e-09
xb0.xa1.n27785                        0.820799
xb0.xa1.n27793                     2.62654e-06
xb0.xa1.vout_s                     2.23556e-05
xb0.xa1.n2402147                  -9.65312e-12
xb0.xa1.n2402155                  -9.65135e-12
xb0.xa1.n2419074                   2.51474e-05
xb0.xa1.n2525790                   2.51222e-05
xb0.xa1.n2526890                   2.50971e-05
xb0.xa1.n36262                     2.50721e-05
xb0.xa1.n32347                     2.23553e-05
xb0.xa1.clamp                      2.51726e-05
xb0.xa1.esdp                       -1.7705e-08
xb0.xa1.esdn                       2.23553e-05
xb0.xa1.n158495                     2.5072e-05
xb0.xa1.cl_clamp                    2.5072e-05
xb0.xa1.n161937                    2.23556e-05
xb0.bufb                           2.23556e-05
xb0.xa1.claw_clamp                  2.5072e-05
xb0.xa1.n45999                     2.23556e-05
xb0.xa1.vcc_b                               12
xb0.xa1.vee_b                              -12
xb0.xa1.n25415                     1.71022e-05
xb0.xa1.n25397                     1.71023e-05
xb0.xa1.n25248                    -9.65302e-12
xb0.xa1.vcc_clp                        11.9743
xb0.xa1.vee_clp                       -11.9647
xb0.xa1.n1356345                      -4.14997
xb0.xa1.n1356333                      -4.14997
xb0.xa1.n1356409                       4.20003
xb0.xa1.n1356429                       4.20003
xb0.xa1.vsense                     2.51725e-05
xb0.xa1.n28678                     2.23553e-05
xb0.xa1.n28438                     1.71022e-05
xb0.xa1.n24207                     -1.7705e-08
xb0.xa1.n31303                     2.23553e-05
xb0.xa1.n31389                            12.1
xb0.xa1.n31737                           -12.1
xb0.xa1.n32236                     2.23553e-05
xb0.xa1.n32510                    -1.01437e-09
xb0.xa1.n46041                     0.000246908
xb0.xa1.n55560                    -9.65135e-12
xb0.xa1.n57321                    -9.65135e-12
xb0.xa1.n59739                            68.9
xb0.xa1.n59743                    -9.65135e-12
xb0.xa1.n59881                    -9.65135e-12
xb0.xa1.n59905                           -68.9
xb0.xa1.n65567                             265
xb0.xa1.n65575                    -9.65135e-12
xb0.xa1.n65713                    -9.65135e-12
xb0.xa1.n65737                            -265
xb0.xa1.n72064                         11.9743
xb0.xa1.n72073                        -11.9647
xb0.xa1.v11                       -1.24638e-08
xb0.xa1.v12                       -1.26139e-08
xb0.xa1.n81756                    -9.65135e-12
xb0.xa1.n161737                    3.03171e-09
xb0.xa1.n1356115                       4.20003
xb0.xa1.n1356061                      -4.14997
xb0.xa1.x_u1.7                        0.833786
xb0.xa1.x_u1.8                        0.833786
xb0.xa1.x_u1.3                               0
xb0.xa1.x_u1.6                               0
xb0.xa1.x_u1.4                               0
xb0.xa1.x_u1.5                               0
xb0.xa1.x_u10.gvo+_int1                      0
xb0.xa1.x_u10.gvo-_int1                      0
xb0.xa1.x_u11.gvo+_int1                      0
xb0.xa1.x_u11.gvo-_int1                      0
xb0.xa1.x_u12.gvo+_int1                      0
xb0.xa1.x_u12.gvo-_int1                      0
xb0.xa1.x_u16.gsw+_int1                      0
xb0.xa1.x_u18.g1_int1              2.56175e-05
xb0.xa1.x_u18.g1_int2              3.04137e-09
xb0.xa1.x_u19.g1_int1              3.52742e-05
xb0.xa1.x_u19.g1_int2             -3.04137e-09
xb0.xa1.x_u22.g1_int1              1.03723e-24
xb0.xa1.x_u23.g1_int1                        0
xb0.xa1.x_u26.g1_int1              3.04137e-12
xb0.xa1.x_u27.g1_int1                        0
xb0.xa1.x_u30.g1_int1             -1.00574e-15
xb0.xa1.x_u31.g1_int1             -7.48518e-11
xb0.xa1.x_u32.g1_int1              0.000246908
xb0.xa1.x_u35.g1_int1                        0
xb0.xa1.x_u36.3                              0
xb0.xa1.x_u36.5                              0
xb0.xa1.x_u37.3                              0
xb0.xa1.x_u37.5                              0
xb0.xa1.x_u4.e1_int1                 1.712e-05
xb0.xa1.x_u6.g1_int1               2.23553e-05
xb0.ha                              2.2386e-05
xb0.ma                             2.23556e-05
xb0.xa2.n24458                    -1.76839e-11
xb0.xa2.n24659                     -9.6528e-12
xb0.xa2.n37029                      0.00268805
xb0.xa2.n37037                     0.000272911
xb0.xa2.n39124                       0.0026879
xb0.xa2.n39892                     4.03083e-08
xb0.xa2.n2425309                            12
xb0.xa2.n2425287                  -9.65104e-12
xb0.xa2.n2425325                           -12
xb0.xa2.mid                       -9.65104e-12
xb0.xa2.n56849                    -9.65104e-12
xb0.xa2.n57325                    -9.65104e-12
xb0.xa2.n59747                    -9.65104e-12
xb0.xa2.n59865                    -9.65104e-12
xb0.xa2.n25921                       -0.820799
xb0.xa2.n25929                    -2.62656e-06
xb0.xa2.n65579                    -9.65104e-12
xb0.xa2.n65697                    -9.65104e-12
xb0.xa2.n68774                     5.21652e-05
xb0.xa2.n72398                         11.9743
xb0.xa2.n72391                        -11.9647
xb0.xa2.n81574                    -1.24637e-08
xb0.xa2.n81664                    -1.26139e-08
xb0.xa2.sw_ol_opax197             -9.65104e-12
xb0.xa2.vclp                        5.1952e-05
xb0.xa2.vimon                      7.51265e-06
xb0.xa2.n27785                        0.820799
xb0.xa2.n27793                     2.62654e-06
xb0.xa2.vout_s                      2.2386e-05
xb0.xa2.n2402147                   -9.6528e-12
xb0.xa2.n2402155                  -9.65104e-12
xb0.xa2.n2419074                   5.21131e-05
xb0.xa2.n2525790                    5.2061e-05
xb0.xa2.n2526890                    5.2009e-05
xb0.xa2.n36262                     5.19571e-05
xb0.xa2.n32347                     2.23553e-05
xb0.xa2.clamp                      5.21653e-05
xb0.xa2.esdp                       -1.7705e-08
xb0.xa2.esdn                       2.23553e-05
xb0.xa2.n158495                     5.1957e-05
xb0.xa2.cl_clamp                    5.1957e-05
xb0.xa2.n161937                     2.2386e-05
xb0.xa2.claw_clamp                  5.1957e-05
xb0.xa2.n45999                      2.2386e-05
xb0.xa2.vcc_b                               12
xb0.xa2.vee_b                              -12
xb0.xa2.n25415                     1.71022e-05
xb0.xa2.n25397                     1.71023e-05
xb0.xa2.n25248                    -9.65271e-12
xb0.xa2.vcc_clp                        11.9743
xb0.xa2.vee_clp                       -11.9647
xb0.xa2.n1356345                      -4.14995
xb0.xa2.n1356333                      -4.14995
xb0.xa2.n1356409                       4.20005
xb0.xa2.n1356429                       4.20005
xb0.xa2.vsense                     5.21652e-05
xb0.xa2.n28678                     2.23553e-05
xb0.xa2.n28438                     1.71022e-05
xb0.xa2.n24207                     -1.7705e-08
xb0.xa2.n31303                     2.23553e-05
xb0.xa2.n31389                            12.1
xb0.xa2.n31737                           -12.1
xb0.xa2.n32236                     2.23553e-05
xb0.xa2.n32510                    -6.51687e-10
xb0.xa2.n46041                      0.00268787
xb0.xa2.n55560                    -9.65104e-12
xb0.xa2.n57321                    -9.65104e-12
xb0.xa2.n59739                            68.9
xb0.xa2.n59743                    -9.65104e-12
xb0.xa2.n59881                    -9.65104e-12
xb0.xa2.n59905                           -68.9
xb0.xa2.n65567                             265
xb0.xa2.n65575                    -9.65104e-12
xb0.xa2.n65713                    -9.65104e-12
xb0.xa2.n65737                            -265
xb0.xa2.n72064                         11.9743
xb0.xa2.n72073                        -11.9647
xb0.xa2.v11                       -1.24637e-08
xb0.xa2.v12                       -1.26139e-08
xb0.xa2.n81756                    -9.65104e-12
xb0.xa2.n161737                    7.51265e-06
xb0.xa2.n1356115                       4.20005
xb0.xa2.n1356061                      -4.14995
xb0.xa2.x_u1.7                        0.833786
xb0.xa2.x_u1.8                        0.833786
xb0.xa2.x_u1.3                               0
xb0.xa2.x_u1.6                               0
xb0.xa2.x_u1.4                               0
xb0.xa2.x_u1.5                               0
xb0.xa2.x_u10.gvo+_int1                      0
xb0.xa2.x_u10.gvo-_int1                      0
xb0.xa2.x_u11.gvo+_int1                      0
xb0.xa2.x_u11.gvo-_int1                      0
xb0.xa2.x_u12.gvo+_int1                      0
xb0.xa2.x_u12.gvo-_int1                      0
xb0.xa2.x_u16.gsw+_int1                      0
xb0.xa2.x_u18.g1_int1              2.56177e-05
xb0.xa2.x_u18.g1_int2              7.51266e-06
xb0.xa2.x_u19.g1_int1              3.52741e-05
xb0.xa2.x_u19.g1_int2             -7.51266e-06
xb0.xa2.x_u22.g1_int1                        0
xb0.xa2.x_u23.g1_int1             -1.03559e-24
xb0.xa2.x_u26.g1_int1              7.51266e-09
xb0.xa2.x_u27.g1_int1                        0
xb0.xa2.x_u30.g1_int1             -6.42687e-16
xb0.xa2.x_u31.g1_int1             -4.78317e-11
xb0.xa2.x_u32.g1_int1               0.00268788
xb0.xa2.x_u35.g1_int1                        0
xb0.xa2.x_u36.3                              0
xb0.xa2.x_u36.5                              0
xb0.xa2.x_u37.3                              0
xb0.xa2.x_u37.5                              0
xb0.xa2.x_u4.e1_int1                 1.712e-05
xb0.xa2.x_u6.g1_int1               2.23553e-05
xb1.yc                             -1.7195e-08
xb1.xb1.n24458                    -1.76839e-11
xb1.xb1.n24659                     -9.6528e-12
xb1.xb1.n37029                       0.0026844
xb1.xb1.n37037                      0.00027254
xb1.xb1.n39124                      0.00268425
xb1.xb1.n39892                     4.02535e-08
xb1.xb1.n2425309                            12
xb1.xb1.n2425287                  -9.65104e-12
xb1.xb1.n2425325                           -12
xb1.xb1.mid                       -9.65104e-12
xb1.xb1.n56849                    -9.65104e-12
xb1.xb1.n57325                    -9.65104e-12
xb1.xb1.n59747                    -9.65104e-12
xb1.xb1.n59865                    -9.65104e-12
xb1.xb1.n25921                       -0.820799
xb1.xb1.n25929                    -2.62656e-06
xb1.xb1.n65579                    -9.65104e-12
xb1.xb1.n65697                    -9.65104e-12
xb1.xb1.n68774                     5.20943e-05
xb1.xb1.n72398                         11.9743
xb1.xb1.n72391                        -11.9647
xb1.xb1.n81574                    -1.24637e-08
xb1.xb1.n81664                    -1.26139e-08
xb1.xb1.sw_ol_opax197             -9.65104e-12
xb1.xb1.vclp                       5.18813e-05
xb1.xb1.vimon                      7.50243e-06
xb1.xb1.n27785                        0.820799
xb1.xb1.n27793                     2.62654e-06
xb1.xb1.vout_s                     2.23556e-05
xb1.xb1.n2402147                   -9.6528e-12
xb1.xb1.n2402155                  -9.65104e-12
xb1.xb1.n2419074                   5.20423e-05
xb1.xb1.n2525790                   5.19903e-05
xb1.xb1.n2526890                   5.19384e-05
xb1.xb1.n36262                     5.18865e-05
xb1.xb1.n32347                     2.23553e-05
xb1.xb1.clamp                      5.20944e-05
xb1.xb1.esdp                       -1.7705e-08
xb1.xb1.esdn                       2.23553e-05
xb1.xb1.n158495                    5.18864e-05
xb1.xb1.cl_clamp                   5.18864e-05
xb1.xb1.n161937                    2.23556e-05
xb1.bufa                           2.23556e-05
xb1.xb1.claw_clamp                 5.18864e-05
xb1.xb1.n45999                     2.23556e-05
xb1.xb1.vcc_b                               12
xb1.xb1.vee_b                              -12
xb1.xb1.n25415                     1.71022e-05
xb1.xb1.n25397                     1.71023e-05
xb1.xb1.n25248                    -9.65271e-12
xb1.xb1.vcc_clp                        11.9743
xb1.xb1.vee_clp                       -11.9647
xb1.xb1.n1356345                      -4.14995
xb1.xb1.n1356333                      -4.14995
xb1.xb1.n1356409                       4.20005
xb1.xb1.n1356429                       4.20005
xb1.xb1.vsense                     5.20943e-05
xb1.xb1.n28678                     2.23553e-05
xb1.xb1.n28438                     1.71022e-05
xb1.xb1.n24207                     -1.7705e-08
xb1.xb1.n31303                     2.23553e-05
xb1.xb1.n31389                            12.1
xb1.xb1.n31737                           -12.1
xb1.xb1.n32236                     2.23553e-05
xb1.xb1.n32510                    -6.52639e-10
xb1.xb1.n46041                      0.00268421
xb1.xb1.n55560                    -9.65104e-12
xb1.xb1.n57321                    -9.65104e-12
xb1.xb1.n59739                            68.9
xb1.xb1.n59743                    -9.65104e-12
xb1.xb1.n59881                    -9.65104e-12
xb1.xb1.n59905                           -68.9
xb1.xb1.n65567                             265
xb1.xb1.n65575                    -9.65104e-12
xb1.xb1.n65713                    -9.65104e-12
xb1.xb1.n65737                            -265
xb1.xb1.n72064                         11.9743
xb1.xb1.n72073                        -11.9647
xb1.xb1.v11                       -1.24637e-08
xb1.xb1.v12                       -1.26139e-08
xb1.xb1.n81756                    -9.65104e-12
xb1.xb1.n161737                    7.50243e-06
xb1.xb1.n1356115                       4.20005
xb1.xb1.n1356061                      -4.14995
xb1.xb1.x_u1.7                        0.833786
xb1.xb1.x_u1.8                        0.833786
xb1.xb1.x_u1.3                               0
xb1.xb1.x_u1.6                               0
xb1.xb1.x_u1.4                               0
xb1.xb1.x_u1.5                               0
xb1.xb1.x_u10.gvo+_int1                      0
xb1.xb1.x_u10.gvo-_int1                      0
xb1.xb1.x_u11.gvo+_int1                      0
xb1.xb1.x_u11.gvo-_int1                      0
xb1.xb1.x_u12.gvo+_int1                      0
xb1.xb1.x_u12.gvo-_int1                      0
xb1.xb1.x_u16.gsw+_int1                      0
xb1.xb1.x_u18.g1_int1              2.56177e-05
xb1.xb1.x_u18.g1_int2              7.50244e-06
xb1.xb1.x_u19.g1_int1              3.52741e-05
xb1.xb1.x_u19.g1_int2             -7.50244e-06
xb1.xb1.x_u22.g1_int1                        0
xb1.xb1.x_u23.g1_int1                        0
xb1.xb1.x_u26.g1_int1              7.50244e-09
xb1.xb1.x_u27.g1_int1                        0
xb1.xb1.x_u30.g1_int1             -6.43641e-16
xb1.xb1.x_u31.g1_int1             -4.79026e-11
xb1.xb1.x_u32.g1_int1               0.00268422
xb1.xb1.x_u35.g1_int1                        0
xb1.xb1.x_u36.3                              0
xb1.xb1.x_u36.5                              0
xb1.xb1.x_u37.3                              0
xb1.xb1.x_u37.5                              0
xb1.xb1.x_u4.e1_int1                 1.712e-05
xb1.xb1.x_u6.g1_int1               2.23553e-05
xb1.hb                             4.47416e-05
xb1.mb                             2.23556e-05
xb1.xb2.n24458                    -1.77613e-11
xb1.xb2.n24659                    -9.73028e-12
xb1.xb2.n37029                       0.0060962
xb1.xb2.n37037                     0.000618931
xb1.xb2.n39124                      0.00609586
xb1.xb2.n39892                     9.14268e-08
xb1.xb2.n2425309                            12
xb1.xb2.n2425287                  -9.72851e-12
xb1.xb2.n2425325                           -12
xb1.xb2.mid                       -9.72851e-12
xb1.xb2.n56849                    -9.72851e-12
xb1.xb2.n57325                    -9.72851e-12
xb1.xb2.n59747                    -9.72851e-12
xb1.xb2.n59865                    -9.72851e-12
xb1.xb2.n25921                       -0.820799
xb1.xb2.n25929                    -2.62656e-06
xb1.xb2.n65579                    -9.72851e-12
xb1.xb2.n65697                    -9.72851e-12
xb1.xb2.n68774                     0.000112253
xb1.xb2.n72398                         11.9743
xb1.xb2.n72391                        -11.9647
xb1.xb2.n81574                    -1.24638e-08
xb1.xb2.n81664                     -1.2614e-08
xb1.xb2.sw_ol_opax197             -9.72851e-12
xb1.xb2.vclp                         0.0001118
xb1.xb2.vimon                      1.72419e-05
xb1.xb2.n27785                        0.820799
xb1.xb2.n27793                     2.62654e-06
xb1.xb2.vout_s                     4.47416e-05
xb1.xb2.n2402147                  -9.73028e-12
xb1.xb2.n2402155                  -9.72851e-12
xb1.xb2.n2419074                   0.000112141
xb1.xb2.n2525790                   0.000112029
xb1.xb2.n2526890                   0.000111917
xb1.xb2.n36262                     0.000111805
xb1.xb2.n32347                     2.23553e-05
xb1.xb2.clamp                      0.000112254
xb1.xb2.esdp                       -1.7705e-08
xb1.xb2.esdn                       2.23553e-05
xb1.xb2.n158495                    0.000111805
xb1.xb2.cl_clamp                   0.000111805
xb1.xb2.n161937                    4.47416e-05
xb1.xb2.claw_clamp                 0.000111805
xb1.xb2.n45999                     4.47416e-05
xb1.xb2.vcc_b                               12
xb1.xb2.vee_b                              -12
xb1.xb2.n25415                     1.71022e-05
xb1.xb2.n25397                     1.71023e-05
xb1.xb2.n25248                    -9.73018e-12
xb1.xb2.vcc_clp                        11.9743
xb1.xb2.vee_clp                       -11.9647
xb1.xb2.n1356345                      -4.14989
xb1.xb2.n1356333                      -4.14989
xb1.xb2.n1356409                       4.20011
xb1.xb2.n1356429                       4.20011
xb1.xb2.vsense                     0.000112253
xb1.xb2.n28678                     2.23553e-05
xb1.xb2.n28438                     1.71022e-05
xb1.xb2.n24207                     -1.7705e-08
xb1.xb2.n31303                     2.23553e-05
xb1.xb2.n31389                            12.1
xb1.xb2.n31737                           -12.1
xb1.xb2.n32236                     2.23553e-05
xb1.xb2.n32510                     1.55609e-10
xb1.xb2.n46041                      0.00609578
xb1.xb2.n55560                    -9.72851e-12
xb1.xb2.n57321                    -9.72851e-12
xb1.xb2.n59739                            68.9
xb1.xb2.n59743                    -9.72851e-12
xb1.xb2.n59881                    -9.72851e-12
xb1.xb2.n59905                           -68.9
xb1.xb2.n65567                             265
xb1.xb2.n65575                    -9.72851e-12
xb1.xb2.n65713                    -9.72851e-12
xb1.xb2.n65737                            -265
xb1.xb2.n72064                         11.9743
xb1.xb2.n72073                        -11.9647
xb1.xb2.v11                       -1.24638e-08
xb1.xb2.v12                        -1.2614e-08
xb1.xb2.n81756                    -9.72851e-12
xb1.xb2.n161737                    1.72419e-05
xb1.xb2.n1356115                       4.20011
xb1.xb2.n1356061                      -4.14989
xb1.xb2.x_u1.7                        0.833786
xb1.xb2.x_u1.8                        0.833786
xb1.xb2.x_u1.3                               0
xb1.xb2.x_u1.6                               0
xb1.xb2.x_u1.4                               0
xb1.xb2.x_u1.5                               0
xb1.xb2.x_u10.gvo+_int1                      0
xb1.xb2.x_u10.gvo-_int1                      0
xb1.xb2.x_u11.gvo+_int1                      0
xb1.xb2.x_u11.gvo-_int1                      0
xb1.xb2.x_u12.gvo+_int1                      0
xb1.xb2.x_u12.gvo-_int1                      0
xb1.xb2.x_u16.gsw+_int1                      0
xb1.xb2.x_u18.g1_int1              2.56179e-05
xb1.xb2.x_u18.g1_int2              1.72419e-05
xb1.xb2.x_u19.g1_int1              3.52739e-05
xb1.xb2.x_u19.g1_int2             -1.72419e-05
xb1.xb2.x_u22.g1_int1                        0
xb1.xb2.x_u23.g1_int1                        0
xb1.xb2.x_u26.g1_int1              1.72419e-08
xb1.xb2.x_u27.g1_int1                        0
xb1.xb2.x_u30.g1_int1              1.65493e-16
xb1.xb2.x_u31.g1_int1              1.23176e-11
xb1.xb2.x_u32.g1_int1                0.0060958
xb1.xb2.x_u35.g1_int1                        0
xb1.xb2.x_u36.3                              0
xb1.xb2.x_u36.5                              0
xb1.xb2.x_u37.3                              0
xb1.xb2.x_u37.5                              0
xb1.xb2.x_u4.e1_int1                 1.712e-05
xb1.xb2.x_u6.g1_int1               2.23553e-05
xb1.xa1.n24458                    -1.76842e-11
xb1.xa1.n24659                    -9.65312e-12
xb1.xa1.n37029                     0.000246925
xb1.xa1.n37037                     2.50696e-05
xb1.xa1.n39124                     0.000246911
xb1.xa1.n39892                     3.69396e-09
xb1.xa1.n2425309                            12
xb1.xa1.n2425287                  -9.65135e-12
xb1.xa1.n2425325                           -12
xb1.xa1.mid                       -9.65135e-12
xb1.xa1.n56849                    -9.65135e-12
xb1.xa1.n57325                    -9.65135e-12
xb1.xa1.n59747                    -9.65135e-12
xb1.xa1.n59865                    -9.65135e-12
xb1.xa1.n25921                       -0.820799
xb1.xa1.n25929                    -2.62656e-06
xb1.xa1.n65579                    -9.65135e-12
xb1.xa1.n65697                    -9.65135e-12
xb1.xa1.n68774                     2.51725e-05
xb1.xa1.n72398                         11.9743
xb1.xa1.n72391                        -11.9647
xb1.xa1.n81574                    -1.24638e-08
xb1.xa1.n81664                    -1.26139e-08
xb1.xa1.sw_ol_opax197             -9.65135e-12
xb1.xa1.vclp                        2.5067e-05
xb1.xa1.vimon                      3.03171e-09
xb1.xa1.n27785                        0.820799
xb1.xa1.n27793                     2.62654e-06
xb1.xa1.vout_s                     2.23556e-05
xb1.xa1.n2402147                  -9.65312e-12
xb1.xa1.n2402155                  -9.65135e-12
xb1.xa1.n2419074                   2.51474e-05
xb1.xa1.n2525790                   2.51222e-05
xb1.xa1.n2526890                   2.50971e-05
xb1.xa1.n36262                     2.50721e-05
xb1.xa1.n32347                     2.23553e-05
xb1.xa1.clamp                      2.51726e-05
xb1.xa1.esdp                       -1.7705e-08
xb1.xa1.esdn                       2.23553e-05
xb1.xa1.n158495                     2.5072e-05
xb1.xa1.cl_clamp                    2.5072e-05
xb1.xa1.n161937                    2.23556e-05
xb1.bufb                           2.23556e-05
xb1.xa1.claw_clamp                  2.5072e-05
xb1.xa1.n45999                     2.23556e-05
xb1.xa1.vcc_b                               12
xb1.xa1.vee_b                              -12
xb1.xa1.n25415                     1.71022e-05
xb1.xa1.n25397                     1.71023e-05
xb1.xa1.n25248                    -9.65302e-12
xb1.xa1.vcc_clp                        11.9743
xb1.xa1.vee_clp                       -11.9647
xb1.xa1.n1356345                      -4.14997
xb1.xa1.n1356333                      -4.14997
xb1.xa1.n1356409                       4.20003
xb1.xa1.n1356429                       4.20003
xb1.xa1.vsense                     2.51725e-05
xb1.xa1.n28678                     2.23553e-05
xb1.xa1.n28438                     1.71022e-05
xb1.xa1.n24207                     -1.7705e-08
xb1.xa1.n31303                     2.23553e-05
xb1.xa1.n31389                            12.1
xb1.xa1.n31737                           -12.1
xb1.xa1.n32236                     2.23553e-05
xb1.xa1.n32510                    -1.01437e-09
xb1.xa1.n46041                     0.000246908
xb1.xa1.n55560                    -9.65135e-12
xb1.xa1.n57321                    -9.65135e-12
xb1.xa1.n59739                            68.9
xb1.xa1.n59743                    -9.65135e-12
xb1.xa1.n59881                    -9.65135e-12
xb1.xa1.n59905                           -68.9
xb1.xa1.n65567                             265
xb1.xa1.n65575                    -9.65135e-12
xb1.xa1.n65713                    -9.65135e-12
xb1.xa1.n65737                            -265
xb1.xa1.n72064                         11.9743
xb1.xa1.n72073                        -11.9647
xb1.xa1.v11                       -1.24638e-08
xb1.xa1.v12                       -1.26139e-08
xb1.xa1.n81756                    -9.65135e-12
xb1.xa1.n161737                    3.03171e-09
xb1.xa1.n1356115                       4.20003
xb1.xa1.n1356061                      -4.14997
xb1.xa1.x_u1.7                        0.833786
xb1.xa1.x_u1.8                        0.833786
xb1.xa1.x_u1.3                               0
xb1.xa1.x_u1.6                               0
xb1.xa1.x_u1.4                               0
xb1.xa1.x_u1.5                               0
xb1.xa1.x_u10.gvo+_int1                      0
xb1.xa1.x_u10.gvo-_int1                      0
xb1.xa1.x_u11.gvo+_int1                      0
xb1.xa1.x_u11.gvo-_int1                      0
xb1.xa1.x_u12.gvo+_int1                      0
xb1.xa1.x_u12.gvo-_int1                      0
xb1.xa1.x_u16.gsw+_int1                      0
xb1.xa1.x_u18.g1_int1              2.56175e-05
xb1.xa1.x_u18.g1_int2              3.04137e-09
xb1.xa1.x_u19.g1_int1              3.52742e-05
xb1.xa1.x_u19.g1_int2             -3.04137e-09
xb1.xa1.x_u22.g1_int1                        0
xb1.xa1.x_u23.g1_int1                        0
xb1.xa1.x_u26.g1_int1              3.04137e-12
xb1.xa1.x_u27.g1_int1                        0
xb1.xa1.x_u30.g1_int1             -1.00574e-15
xb1.xa1.x_u31.g1_int1             -7.48518e-11
xb1.xa1.x_u32.g1_int1              0.000246908
xb1.xa1.x_u35.g1_int1                        0
xb1.xa1.x_u36.3                              0
xb1.xa1.x_u36.5                              0
xb1.xa1.x_u37.3                              0
xb1.xa1.x_u37.5                              0
xb1.xa1.x_u4.e1_int1                 1.712e-05
xb1.xa1.x_u6.g1_int1               2.23553e-05
xb1.ha                              2.2386e-05
xb1.ma                             2.23556e-05
xb1.xa2.n24458                    -1.76839e-11
xb1.xa2.n24659                     -9.6528e-12
xb1.xa2.n37029                      0.00268805
xb1.xa2.n37037                     0.000272911
xb1.xa2.n39124                       0.0026879
xb1.xa2.n39892                     4.03083e-08
xb1.xa2.n2425309                            12
xb1.xa2.n2425287                  -9.65104e-12
xb1.xa2.n2425325                           -12
xb1.xa2.mid                       -9.65104e-12
xb1.xa2.n56849                    -9.65104e-12
xb1.xa2.n57325                    -9.65104e-12
xb1.xa2.n59747                    -9.65104e-12
xb1.xa2.n59865                    -9.65104e-12
xb1.xa2.n25921                       -0.820799
xb1.xa2.n25929                    -2.62656e-06
xb1.xa2.n65579                    -9.65104e-12
xb1.xa2.n65697                    -9.65104e-12
xb1.xa2.n68774                     5.21652e-05
xb1.xa2.n72398                         11.9743
xb1.xa2.n72391                        -11.9647
xb1.xa2.n81574                    -1.24637e-08
xb1.xa2.n81664                    -1.26139e-08
xb1.xa2.sw_ol_opax197             -9.65104e-12
xb1.xa2.vclp                        5.1952e-05
xb1.xa2.vimon                      7.51265e-06
xb1.xa2.n27785                        0.820799
xb1.xa2.n27793                     2.62654e-06
xb1.xa2.vout_s                      2.2386e-05
xb1.xa2.n2402147                   -9.6528e-12
xb1.xa2.n2402155                  -9.65104e-12
xb1.xa2.n2419074                   5.21131e-05
xb1.xa2.n2525790                    5.2061e-05
xb1.xa2.n2526890                    5.2009e-05
xb1.xa2.n36262                     5.19571e-05
xb1.xa2.n32347                     2.23553e-05
xb1.xa2.clamp                      5.21653e-05
xb1.xa2.esdp                       -1.7705e-08
xb1.xa2.esdn                       2.23553e-05
xb1.xa2.n158495                     5.1957e-05
xb1.xa2.cl_clamp                    5.1957e-05
xb1.xa2.n161937                     2.2386e-05
xb1.xa2.claw_clamp                  5.1957e-05
xb1.xa2.n45999                      2.2386e-05
xb1.xa2.vcc_b                               12
xb1.xa2.vee_b                              -12
xb1.xa2.n25415                     1.71022e-05
xb1.xa2.n25397                     1.71023e-05
xb1.xa2.n25248                    -9.65271e-12
xb1.xa2.vcc_clp                        11.9743
xb1.xa2.vee_clp                       -11.9647
xb1.xa2.n1356345                      -4.14995
xb1.xa2.n1356333                      -4.14995
xb1.xa2.n1356409                       4.20005
xb1.xa2.n1356429                       4.20005
xb1.xa2.vsense                     5.21652e-05
xb1.xa2.n28678                     2.23553e-05
xb1.xa2.n28438                     1.71022e-05
xb1.xa2.n24207                     -1.7705e-08
xb1.xa2.n31303                     2.23553e-05
xb1.xa2.n31389                            12.1
xb1.xa2.n31737                           -12.1
xb1.xa2.n32236                     2.23553e-05
xb1.xa2.n32510                    -6.51687e-10
xb1.xa2.n46041                      0.00268787
xb1.xa2.n55560                    -9.65104e-12
xb1.xa2.n57321                    -9.65104e-12
xb1.xa2.n59739                            68.9
xb1.xa2.n59743                    -9.65104e-12
xb1.xa2.n59881                    -9.65104e-12
xb1.xa2.n59905                           -68.9
xb1.xa2.n65567                             265
xb1.xa2.n65575                    -9.65104e-12
xb1.xa2.n65713                    -9.65104e-12
xb1.xa2.n65737                            -265
xb1.xa2.n72064                         11.9743
xb1.xa2.n72073                        -11.9647
xb1.xa2.v11                       -1.24637e-08
xb1.xa2.v12                       -1.26139e-08
xb1.xa2.n81756                    -9.65104e-12
xb1.xa2.n161737                    7.51265e-06
xb1.xa2.n1356115                       4.20005
xb1.xa2.n1356061                      -4.14995
xb1.xa2.x_u1.7                        0.833786
xb1.xa2.x_u1.8                        0.833786
xb1.xa2.x_u1.3                               0
xb1.xa2.x_u1.6                               0
xb1.xa2.x_u1.4                               0
xb1.xa2.x_u1.5                               0
xb1.xa2.x_u10.gvo+_int1                      0
xb1.xa2.x_u10.gvo-_int1                      0
xb1.xa2.x_u11.gvo+_int1                      0
xb1.xa2.x_u11.gvo-_int1                      0
xb1.xa2.x_u12.gvo+_int1                      0
xb1.xa2.x_u12.gvo-_int1                      0
xb1.xa2.x_u16.gsw+_int1                      0
xb1.xa2.x_u18.g1_int1              2.56177e-05
xb1.xa2.x_u18.g1_int2              7.51266e-06
xb1.xa2.x_u19.g1_int1              3.52741e-05
xb1.xa2.x_u19.g1_int2             -7.51266e-06
xb1.xa2.x_u22.g1_int1                        0
xb1.xa2.x_u23.g1_int1                        0
xb1.xa2.x_u26.g1_int1              7.51266e-09
xb1.xa2.x_u27.g1_int1                        0
xb1.xa2.x_u30.g1_int1             -6.42687e-16
xb1.xa2.x_u31.g1_int1             -4.78317e-11
xb1.xa2.x_u32.g1_int1               0.00268788
xb1.xa2.x_u35.g1_int1                        0
xb1.xa2.x_u36.3                              0
xb1.xa2.x_u36.5                              0
xb1.xa2.x_u37.3                              0
xb1.xa2.x_u37.5                              0
xb1.xa2.x_u4.e1_int1                 1.712e-05
xb1.xa2.x_u6.g1_int1               2.23553e-05
xb2.yc                             -1.7195e-08
xb2.xb1.n24458                    -1.76839e-11
xb2.xb1.n24659                     -9.6528e-12
xb2.xb1.n37029                       0.0026844
xb2.xb1.n37037                      0.00027254
xb2.xb1.n39124                      0.00268425
xb2.xb1.n39892                     4.02535e-08
xb2.xb1.n2425309                            12
xb2.xb1.n2425287                  -9.65104e-12
xb2.xb1.n2425325                           -12
xb2.xb1.mid                       -9.65104e-12
xb2.xb1.n56849                    -9.65104e-12
xb2.xb1.n57325                    -9.65104e-12
xb2.xb1.n59747                    -9.65104e-12
xb2.xb1.n59865                    -9.65104e-12
xb2.xb1.n25921                       -0.820799
xb2.xb1.n25929                    -2.62656e-06
xb2.xb1.n65579                    -9.65104e-12
xb2.xb1.n65697                    -9.65104e-12
xb2.xb1.n68774                     5.20943e-05
xb2.xb1.n72398                         11.9743
xb2.xb1.n72391                        -11.9647
xb2.xb1.n81574                    -1.24637e-08
xb2.xb1.n81664                    -1.26139e-08
xb2.xb1.sw_ol_opax197             -9.65104e-12
xb2.xb1.vclp                       5.18813e-05
xb2.xb1.vimon                      7.50243e-06
xb2.xb1.n27785                        0.820799
xb2.xb1.n27793                     2.62654e-06
xb2.xb1.vout_s                     2.23556e-05
xb2.xb1.n2402147                   -9.6528e-12
xb2.xb1.n2402155                  -9.65104e-12
xb2.xb1.n2419074                   5.20423e-05
xb2.xb1.n2525790                   5.19903e-05
xb2.xb1.n2526890                   5.19384e-05
xb2.xb1.n36262                     5.18865e-05
xb2.xb1.n32347                     2.23553e-05
xb2.xb1.clamp                      5.20944e-05
xb2.xb1.esdp                       -1.7705e-08
xb2.xb1.esdn                       2.23553e-05
xb2.xb1.n158495                    5.18864e-05
xb2.xb1.cl_clamp                   5.18864e-05
xb2.xb1.n161937                    2.23556e-05
xb2.bufa                           2.23556e-05
xb2.xb1.claw_clamp                 5.18864e-05
xb2.xb1.n45999                     2.23556e-05
xb2.xb1.vcc_b                               12
xb2.xb1.vee_b                              -12
xb2.xb1.n25415                     1.71022e-05
xb2.xb1.n25397                     1.71023e-05
xb2.xb1.n25248                    -9.65271e-12
xb2.xb1.vcc_clp                        11.9743
xb2.xb1.vee_clp                       -11.9647
xb2.xb1.n1356345                      -4.14995
xb2.xb1.n1356333                      -4.14995
xb2.xb1.n1356409                       4.20005
xb2.xb1.n1356429                       4.20005
xb2.xb1.vsense                     5.20943e-05
xb2.xb1.n28678                     2.23553e-05
xb2.xb1.n28438                     1.71022e-05
xb2.xb1.n24207                     -1.7705e-08
xb2.xb1.n31303                     2.23553e-05
xb2.xb1.n31389                            12.1
xb2.xb1.n31737                           -12.1
xb2.xb1.n32236                     2.23553e-05
xb2.xb1.n32510                    -6.52639e-10
xb2.xb1.n46041                      0.00268421
xb2.xb1.n55560                    -9.65104e-12
xb2.xb1.n57321                    -9.65104e-12
xb2.xb1.n59739                            68.9
xb2.xb1.n59743                    -9.65104e-12
xb2.xb1.n59881                    -9.65104e-12
xb2.xb1.n59905                           -68.9
xb2.xb1.n65567                             265
xb2.xb1.n65575                    -9.65104e-12
xb2.xb1.n65713                    -9.65104e-12
xb2.xb1.n65737                            -265
xb2.xb1.n72064                         11.9743
xb2.xb1.n72073                        -11.9647
xb2.xb1.v11                       -1.24637e-08
xb2.xb1.v12                       -1.26139e-08
xb2.xb1.n81756                    -9.65104e-12
xb2.xb1.n161737                    7.50243e-06
xb2.xb1.n1356115                       4.20005
xb2.xb1.n1356061                      -4.14995
xb2.xb1.x_u1.7                        0.833786
xb2.xb1.x_u1.8                        0.833786
xb2.xb1.x_u1.3                               0
xb2.xb1.x_u1.6                               0
xb2.xb1.x_u1.4                               0
xb2.xb1.x_u1.5                               0
xb2.xb1.x_u10.gvo+_int1                      0
xb2.xb1.x_u10.gvo-_int1                      0
xb2.xb1.x_u11.gvo+_int1                      0
xb2.xb1.x_u11.gvo-_int1                      0
xb2.xb1.x_u12.gvo+_int1                      0
xb2.xb1.x_u12.gvo-_int1                      0
xb2.xb1.x_u16.gsw+_int1                      0
xb2.xb1.x_u18.g1_int1              2.56177e-05
xb2.xb1.x_u18.g1_int2              7.50244e-06
xb2.xb1.x_u19.g1_int1              3.52741e-05
xb2.xb1.x_u19.g1_int2             -7.50244e-06
xb2.xb1.x_u22.g1_int1                        0
xb2.xb1.x_u23.g1_int1                        0
xb2.xb1.x_u26.g1_int1              7.50244e-09
xb2.xb1.x_u27.g1_int1                        0
xb2.xb1.x_u30.g1_int1             -6.43641e-16
xb2.xb1.x_u31.g1_int1             -4.79026e-11
xb2.xb1.x_u32.g1_int1               0.00268422
xb2.xb1.x_u35.g1_int1                        0
xb2.xb1.x_u36.3                              0
xb2.xb1.x_u36.5                              0
xb2.xb1.x_u37.3                              0
xb2.xb1.x_u37.5                              0
xb2.xb1.x_u4.e1_int1                 1.712e-05
xb2.xb1.x_u6.g1_int1               2.23553e-05
xb2.hb                             4.47416e-05
xb2.mb                             2.23556e-05
xb2.xb2.n24458                    -1.76843e-11
xb2.xb2.n24659                    -9.65324e-12
xb2.xb2.n37029                       0.0060962
xb2.xb2.n37037                     0.000618931
xb2.xb2.n39124                      0.00609586
xb2.xb2.n39892                     9.14269e-08
xb2.xb2.n2425309                            12
xb2.xb2.n2425287                  -9.65147e-12
xb2.xb2.n2425325                           -12
xb2.xb2.mid                       -9.65147e-12
xb2.xb2.n56849                    -9.65147e-12
xb2.xb2.n57325                    -9.65147e-12
xb2.xb2.n59747                    -9.65147e-12
xb2.xb2.n59865                    -9.65147e-12
xb2.xb2.n25921                       -0.820799
xb2.xb2.n25929                    -2.62656e-06
xb2.xb2.n65579                    -9.65147e-12
xb2.xb2.n65697                    -9.65147e-12
xb2.xb2.n68774                     0.000112253
xb2.xb2.n72398                         11.9743
xb2.xb2.n72391                        -11.9647
xb2.xb2.n81574                    -1.24637e-08
xb2.xb2.n81664                     -1.2614e-08
xb2.xb2.sw_ol_opax197             -9.65147e-12
xb2.xb2.vclp                         0.0001118
xb2.xb2.vimon                      1.72419e-05
xb2.xb2.n27785                        0.820799
xb2.xb2.n27793                     2.62654e-06
xb2.xb2.vout_s                     4.47416e-05
xb2.xb2.n2402147                  -9.65324e-12
xb2.xb2.n2402155                  -9.65147e-12
xb2.xb2.n2419074                   0.000112141
xb2.xb2.n2525790                   0.000112029
xb2.xb2.n2526890                   0.000111917
xb2.xb2.n36262                     0.000111805
xb2.xb2.n32347                     2.23553e-05
xb2.xb2.clamp                      0.000112254
xb2.xb2.esdp                       -1.7705e-08
xb2.xb2.esdn                       2.23553e-05
xb2.xb2.n158495                    0.000111805
xb2.xb2.cl_clamp                   0.000111805
xb2.xb2.n161937                    4.47416e-05
xb2.xb2.claw_clamp                 0.000111805
xb2.xb2.n45999                     4.47416e-05
xb2.xb2.vcc_b                               12
xb2.xb2.vee_b                              -12
xb2.xb2.n25415                     1.71022e-05
xb2.xb2.n25397                     1.71023e-05
xb2.xb2.n25248                    -9.65314e-12
xb2.xb2.vcc_clp                        11.9743
xb2.xb2.vee_clp                       -11.9647
xb2.xb2.n1356345                      -4.14989
xb2.xb2.n1356333                      -4.14989
xb2.xb2.n1356409                       4.20011
xb2.xb2.n1356429                       4.20011
xb2.xb2.vsense                     0.000112253
xb2.xb2.n28678                     2.23553e-05
xb2.xb2.n28438                     1.71022e-05
xb2.xb2.n24207                     -1.7705e-08
xb2.xb2.n31303                     2.23553e-05
xb2.xb2.n31389                            12.1
xb2.xb2.n31737                           -12.1
xb2.xb2.n32236                     2.23553e-05
xb2.xb2.n32510                     1.55686e-10
xb2.xb2.n46041                      0.00609578
xb2.xb2.n55560                    -9.65147e-12
xb2.xb2.n57321                    -9.65147e-12
xb2.xb2.n59739                            68.9
xb2.xb2.n59743                    -9.65147e-12
xb2.xb2.n59881                    -9.65147e-12
xb2.xb2.n59905                           -68.9
xb2.xb2.n65567                             265
xb2.xb2.n65575                    -9.65147e-12
xb2.xb2.n65713                    -9.65147e-12
xb2.xb2.n65737                            -265
xb2.xb2.n72064                         11.9743
xb2.xb2.n72073                        -11.9647
xb2.xb2.v11                       -1.24637e-08
xb2.xb2.v12                        -1.2614e-08
xb2.xb2.n81756                    -9.65147e-12
xb2.xb2.n161737                    1.72419e-05
xb2.xb2.n1356115                       4.20011
xb2.xb2.n1356061                      -4.14989
xb2.xb2.x_u1.7                        0.833786
xb2.xb2.x_u1.8                        0.833786
xb2.xb2.x_u1.3                               0
xb2.xb2.x_u1.6                               0
xb2.xb2.x_u1.4                               0
xb2.xb2.x_u1.5                               0
xb2.xb2.x_u10.gvo+_int1                      0
xb2.xb2.x_u10.gvo-_int1                      0
xb2.xb2.x_u11.gvo+_int1                      0
xb2.xb2.x_u11.gvo-_int1                      0
xb2.xb2.x_u12.gvo+_int1                      0
xb2.xb2.x_u12.gvo-_int1                      0
xb2.xb2.x_u16.gsw+_int1                      0
xb2.xb2.x_u18.g1_int1              2.56179e-05
xb2.xb2.x_u18.g1_int2              1.72419e-05
xb2.xb2.x_u19.g1_int1              3.52739e-05
xb2.xb2.x_u19.g1_int2             -1.72419e-05
xb2.xb2.x_u22.g1_int1                        0
xb2.xb2.x_u23.g1_int1                        0
xb2.xb2.x_u26.g1_int1              1.72419e-08
xb2.xb2.x_u27.g1_int1                        0
xb2.xb2.x_u30.g1_int1              1.65493e-16
xb2.xb2.x_u31.g1_int1              1.23176e-11
xb2.xb2.x_u32.g1_int1                0.0060958
xb2.xb2.x_u35.g1_int1                        0
xb2.xb2.x_u36.3                              0
xb2.xb2.x_u36.5                              0
xb2.xb2.x_u37.3                              0
xb2.xb2.x_u37.5                              0
xb2.xb2.x_u4.e1_int1                 1.712e-05
xb2.xb2.x_u6.g1_int1               2.23553e-05
xb2.xa1.n24458                    -1.76842e-11
xb2.xa1.n24659                    -9.65312e-12
xb2.xa1.n37029                     0.000246925
xb2.xa1.n37037                     2.50696e-05
xb2.xa1.n39124                     0.000246911
xb2.xa1.n39892                     3.69396e-09
xb2.xa1.n2425309                            12
xb2.xa1.n2425287                  -9.65135e-12
xb2.xa1.n2425325                           -12
xb2.xa1.mid                       -9.65135e-12
xb2.xa1.n56849                    -9.65135e-12
xb2.xa1.n57325                    -9.65135e-12
xb2.xa1.n59747                    -9.65135e-12
xb2.xa1.n59865                    -9.65135e-12
xb2.xa1.n25921                       -0.820799
xb2.xa1.n25929                    -2.62656e-06
xb2.xa1.n65579                    -9.65135e-12
xb2.xa1.n65697                    -9.65135e-12
xb2.xa1.n68774                     2.51725e-05
xb2.xa1.n72398                         11.9743
xb2.xa1.n72391                        -11.9647
xb2.xa1.n81574                    -1.24638e-08
xb2.xa1.n81664                    -1.26139e-08
xb2.xa1.sw_ol_opax197             -9.65135e-12
xb2.xa1.vclp                        2.5067e-05
xb2.xa1.vimon                      3.03171e-09
xb2.xa1.n27785                        0.820799
xb2.xa1.n27793                     2.62654e-06
xb2.xa1.vout_s                     2.23556e-05
xb2.xa1.n2402147                  -9.65312e-12
xb2.xa1.n2402155                  -9.65135e-12
xb2.xa1.n2419074                   2.51474e-05
xb2.xa1.n2525790                   2.51222e-05
xb2.xa1.n2526890                   2.50971e-05
xb2.xa1.n36262                     2.50721e-05
xb2.xa1.n32347                     2.23553e-05
xb2.xa1.clamp                      2.51726e-05
xb2.xa1.esdp                       -1.7705e-08
xb2.xa1.esdn                       2.23553e-05
xb2.xa1.n158495                     2.5072e-05
xb2.xa1.cl_clamp                    2.5072e-05
xb2.xa1.n161937                    2.23556e-05
xb2.bufb                           2.23556e-05
xb2.xa1.claw_clamp                  2.5072e-05
xb2.xa1.n45999                     2.23556e-05
xb2.xa1.vcc_b                               12
xb2.xa1.vee_b                              -12
xb2.xa1.n25415                     1.71022e-05
xb2.xa1.n25397                     1.71023e-05
xb2.xa1.n25248                    -9.65302e-12
xb2.xa1.vcc_clp                        11.9743
xb2.xa1.vee_clp                       -11.9647
xb2.xa1.n1356345                      -4.14997
xb2.xa1.n1356333                      -4.14997
xb2.xa1.n1356409                       4.20003
xb2.xa1.n1356429                       4.20003
xb2.xa1.vsense                     2.51725e-05
xb2.xa1.n28678                     2.23553e-05
xb2.xa1.n28438                     1.71022e-05
xb2.xa1.n24207                     -1.7705e-08
xb2.xa1.n31303                     2.23553e-05
xb2.xa1.n31389                            12.1
xb2.xa1.n31737                           -12.1
xb2.xa1.n32236                     2.23553e-05
xb2.xa1.n32510                    -1.01437e-09
xb2.xa1.n46041                     0.000246908
xb2.xa1.n55560                    -9.65135e-12
xb2.xa1.n57321                    -9.65135e-12
xb2.xa1.n59739                            68.9
xb2.xa1.n59743                    -9.65135e-12
xb2.xa1.n59881                    -9.65135e-12
xb2.xa1.n59905                           -68.9
xb2.xa1.n65567                             265
xb2.xa1.n65575                    -9.65135e-12
xb2.xa1.n65713                    -9.65135e-12
xb2.xa1.n65737                            -265
xb2.xa1.n72064                         11.9743
xb2.xa1.n72073                        -11.9647
xb2.xa1.v11                       -1.24638e-08
xb2.xa1.v12                       -1.26139e-08
xb2.xa1.n81756                    -9.65135e-12
xb2.xa1.n161737                    3.03171e-09
xb2.xa1.n1356115                       4.20003
xb2.xa1.n1356061                      -4.14997
xb2.xa1.x_u1.7                        0.833786
xb2.xa1.x_u1.8                        0.833786
xb2.xa1.x_u1.3                               0
xb2.xa1.x_u1.6                               0
xb2.xa1.x_u1.4                               0
xb2.xa1.x_u1.5                               0
xb2.xa1.x_u10.gvo+_int1                      0
xb2.xa1.x_u10.gvo-_int1                      0
xb2.xa1.x_u11.gvo+_int1                      0
xb2.xa1.x_u11.gvo-_int1                      0
xb2.xa1.x_u12.gvo+_int1                      0
xb2.xa1.x_u12.gvo-_int1                      0
xb2.xa1.x_u16.gsw+_int1                      0
xb2.xa1.x_u18.g1_int1              2.56175e-05
xb2.xa1.x_u18.g1_int2              3.04137e-09
xb2.xa1.x_u19.g1_int1              3.52742e-05
xb2.xa1.x_u19.g1_int2             -3.04137e-09
xb2.xa1.x_u22.g1_int1              1.03559e-24
xb2.xa1.x_u23.g1_int1                        0
xb2.xa1.x_u26.g1_int1              3.04137e-12
xb2.xa1.x_u27.g1_int1                        0
xb2.xa1.x_u30.g1_int1             -1.00574e-15
xb2.xa1.x_u31.g1_int1             -7.48518e-11
xb2.xa1.x_u32.g1_int1              0.000246908
xb2.xa1.x_u35.g1_int1              1.03559e-24
xb2.xa1.x_u36.3                              0
xb2.xa1.x_u36.5                              0
xb2.xa1.x_u37.3                              0
xb2.xa1.x_u37.5                              0
xb2.xa1.x_u4.e1_int1                 1.712e-05
xb2.xa1.x_u6.g1_int1               2.23553e-05
xb2.ha                              2.2386e-05
xb2.ma                             2.23556e-05
xb2.xa2.n24458                    -1.76839e-11
xb2.xa2.n24659                     -9.6528e-12
xb2.xa2.n37029                      0.00268805
xb2.xa2.n37037                     0.000272911
xb2.xa2.n39124                       0.0026879
xb2.xa2.n39892                     4.03083e-08
xb2.xa2.n2425309                            12
xb2.xa2.n2425287                  -9.65104e-12
xb2.xa2.n2425325                           -12
xb2.xa2.mid                       -9.65104e-12
xb2.xa2.n56849                    -9.65104e-12
xb2.xa2.n57325                    -9.65104e-12
xb2.xa2.n59747                    -9.65104e-12
xb2.xa2.n59865                    -9.65104e-12
xb2.xa2.n25921                       -0.820799
xb2.xa2.n25929                    -2.62656e-06
xb2.xa2.n65579                    -9.65104e-12
xb2.xa2.n65697                    -9.65104e-12
xb2.xa2.n68774                     5.21652e-05
xb2.xa2.n72398                         11.9743
xb2.xa2.n72391                        -11.9647
xb2.xa2.n81574                    -1.24637e-08
xb2.xa2.n81664                    -1.26139e-08
xb2.xa2.sw_ol_opax197             -9.65104e-12
xb2.xa2.vclp                        5.1952e-05
xb2.xa2.vimon                      7.51265e-06
xb2.xa2.n27785                        0.820799
xb2.xa2.n27793                     2.62654e-06
xb2.xa2.vout_s                      2.2386e-05
xb2.xa2.n2402147                   -9.6528e-12
xb2.xa2.n2402155                  -9.65104e-12
xb2.xa2.n2419074                   5.21131e-05
xb2.xa2.n2525790                    5.2061e-05
xb2.xa2.n2526890                    5.2009e-05
xb2.xa2.n36262                     5.19571e-05
xb2.xa2.n32347                     2.23553e-05
xb2.xa2.clamp                      5.21653e-05
xb2.xa2.esdp                       -1.7705e-08
xb2.xa2.esdn                       2.23553e-05
xb2.xa2.n158495                     5.1957e-05
xb2.xa2.cl_clamp                    5.1957e-05
xb2.xa2.n161937                     2.2386e-05
xb2.xa2.claw_clamp                  5.1957e-05
xb2.xa2.n45999                      2.2386e-05
xb2.xa2.vcc_b                               12
xb2.xa2.vee_b                              -12
xb2.xa2.n25415                     1.71022e-05
xb2.xa2.n25397                     1.71023e-05
xb2.xa2.n25248                    -9.65271e-12
xb2.xa2.vcc_clp                        11.9743
xb2.xa2.vee_clp                       -11.9647
xb2.xa2.n1356345                      -4.14995
xb2.xa2.n1356333                      -4.14995
xb2.xa2.n1356409                       4.20005
xb2.xa2.n1356429                       4.20005
xb2.xa2.vsense                     5.21652e-05
xb2.xa2.n28678                     2.23553e-05
xb2.xa2.n28438                     1.71022e-05
xb2.xa2.n24207                     -1.7705e-08
xb2.xa2.n31303                     2.23553e-05
xb2.xa2.n31389                            12.1
xb2.xa2.n31737                           -12.1
xb2.xa2.n32236                     2.23553e-05
xb2.xa2.n32510                    -6.51687e-10
xb2.xa2.n46041                      0.00268787
xb2.xa2.n55560                    -9.65104e-12
xb2.xa2.n57321                    -9.65104e-12
xb2.xa2.n59739                            68.9
xb2.xa2.n59743                    -9.65104e-12
xb2.xa2.n59881                    -9.65104e-12
xb2.xa2.n59905                           -68.9
xb2.xa2.n65567                             265
xb2.xa2.n65575                    -9.65104e-12
xb2.xa2.n65713                    -9.65104e-12
xb2.xa2.n65737                            -265
xb2.xa2.n72064                         11.9743
xb2.xa2.n72073                        -11.9647
xb2.xa2.v11                       -1.24637e-08
xb2.xa2.v12                       -1.26139e-08
xb2.xa2.n81756                    -9.65104e-12
xb2.xa2.n161737                    7.51265e-06
xb2.xa2.n1356115                       4.20005
xb2.xa2.n1356061                      -4.14995
xb2.xa2.x_u1.7                        0.833786
xb2.xa2.x_u1.8                        0.833786
xb2.xa2.x_u1.3                               0
xb2.xa2.x_u1.6                               0
xb2.xa2.x_u1.4                               0
xb2.xa2.x_u1.5                               0
xb2.xa2.x_u10.gvo+_int1                      0
xb2.xa2.x_u10.gvo-_int1                      0
xb2.xa2.x_u11.gvo+_int1                      0
xb2.xa2.x_u11.gvo-_int1                      0
xb2.xa2.x_u12.gvo+_int1                      0
xb2.xa2.x_u12.gvo-_int1                      0
xb2.xa2.x_u16.gsw+_int1                      0
xb2.xa2.x_u18.g1_int1              2.56177e-05
xb2.xa2.x_u18.g1_int2              7.51266e-06
xb2.xa2.x_u19.g1_int1              3.52741e-05
xb2.xa2.x_u19.g1_int2             -7.51266e-06
xb2.xa2.x_u22.g1_int1                        0
xb2.xa2.x_u23.g1_int1                        0
xb2.xa2.x_u26.g1_int1              7.51266e-09
xb2.xa2.x_u27.g1_int1                        0
xb2.xa2.x_u30.g1_int1             -6.42687e-16
xb2.xa2.x_u31.g1_int1             -4.78317e-11
xb2.xa2.x_u32.g1_int1               0.00268788
xb2.xa2.x_u35.g1_int1                        0
xb2.xa2.x_u36.3                              0
xb2.xa2.x_u36.5                              0
xb2.xa2.x_u37.3                              0
xb2.xa2.x_u37.5                              0
xb2.xa2.x_u4.e1_int1                 1.712e-05
xb2.xa2.x_u6.g1_int1               2.23553e-05
xb3.yc                             -1.7195e-08
xb3.xb1.n24458                    -1.76839e-11
xb3.xb1.n24659                     -9.6528e-12
xb3.xb1.n37029                       0.0026844
xb3.xb1.n37037                      0.00027254
xb3.xb1.n39124                      0.00268425
xb3.xb1.n39892                     4.02535e-08
xb3.xb1.n2425309                            12
xb3.xb1.n2425287                  -9.65104e-12
xb3.xb1.n2425325                           -12
xb3.xb1.mid                       -9.65104e-12
xb3.xb1.n56849                    -9.65104e-12
xb3.xb1.n57325                    -9.65104e-12
xb3.xb1.n59747                    -9.65104e-12
xb3.xb1.n59865                    -9.65104e-12
xb3.xb1.n25921                       -0.820799
xb3.xb1.n25929                    -2.62656e-06
xb3.xb1.n65579                    -9.65104e-12
xb3.xb1.n65697                    -9.65104e-12
xb3.xb1.n68774                     5.20943e-05
xb3.xb1.n72398                         11.9743
xb3.xb1.n72391                        -11.9647
xb3.xb1.n81574                    -1.24637e-08
xb3.xb1.n81664                    -1.26139e-08
xb3.xb1.sw_ol_opax197             -9.65104e-12
xb3.xb1.vclp                       5.18813e-05
xb3.xb1.vimon                      7.50243e-06
xb3.xb1.n27785                        0.820799
xb3.xb1.n27793                     2.62654e-06
xb3.xb1.vout_s                     2.23556e-05
xb3.xb1.n2402147                   -9.6528e-12
xb3.xb1.n2402155                  -9.65104e-12
xb3.xb1.n2419074                   5.20423e-05
xb3.xb1.n2525790                   5.19903e-05
xb3.xb1.n2526890                   5.19384e-05
xb3.xb1.n36262                     5.18865e-05
xb3.xb1.n32347                     2.23553e-05
xb3.xb1.clamp                      5.20944e-05
xb3.xb1.esdp                       -1.7705e-08
xb3.xb1.esdn                       2.23553e-05
xb3.xb1.n158495                    5.18864e-05
xb3.xb1.cl_clamp                   5.18864e-05
xb3.xb1.n161937                    2.23556e-05
xb3.bufa                           2.23556e-05
xb3.xb1.claw_clamp                 5.18864e-05
xb3.xb1.n45999                     2.23556e-05
xb3.xb1.vcc_b                               12
xb3.xb1.vee_b                              -12
xb3.xb1.n25415                     1.71022e-05
xb3.xb1.n25397                     1.71023e-05
xb3.xb1.n25248                    -9.65271e-12
xb3.xb1.vcc_clp                        11.9743
xb3.xb1.vee_clp                       -11.9647
xb3.xb1.n1356345                      -4.14995
xb3.xb1.n1356333                      -4.14995
xb3.xb1.n1356409                       4.20005
xb3.xb1.n1356429                       4.20005
xb3.xb1.vsense                     5.20943e-05
xb3.xb1.n28678                     2.23553e-05
xb3.xb1.n28438                     1.71022e-05
xb3.xb1.n24207                     -1.7705e-08
xb3.xb1.n31303                     2.23553e-05
xb3.xb1.n31389                            12.1
xb3.xb1.n31737                           -12.1
xb3.xb1.n32236                     2.23553e-05
xb3.xb1.n32510                    -6.52639e-10
xb3.xb1.n46041                      0.00268421
xb3.xb1.n55560                    -9.65104e-12
xb3.xb1.n57321                    -9.65104e-12
xb3.xb1.n59739                            68.9
xb3.xb1.n59743                    -9.65104e-12
xb3.xb1.n59881                    -9.65104e-12
xb3.xb1.n59905                           -68.9
xb3.xb1.n65567                             265
xb3.xb1.n65575                    -9.65104e-12
xb3.xb1.n65713                    -9.65104e-12
xb3.xb1.n65737                            -265
xb3.xb1.n72064                         11.9743
xb3.xb1.n72073                        -11.9647
xb3.xb1.v11                       -1.24637e-08
xb3.xb1.v12                       -1.26139e-08
xb3.xb1.n81756                    -9.65104e-12
xb3.xb1.n161737                    7.50243e-06
xb3.xb1.n1356115                       4.20005
xb3.xb1.n1356061                      -4.14995
xb3.xb1.x_u1.7                        0.833786
xb3.xb1.x_u1.8                        0.833786
xb3.xb1.x_u1.3                               0
xb3.xb1.x_u1.6                               0
xb3.xb1.x_u1.4                               0
xb3.xb1.x_u1.5                               0
xb3.xb1.x_u10.gvo+_int1                      0
xb3.xb1.x_u10.gvo-_int1                      0
xb3.xb1.x_u11.gvo+_int1                      0
xb3.xb1.x_u11.gvo-_int1                      0
xb3.xb1.x_u12.gvo+_int1                      0
xb3.xb1.x_u12.gvo-_int1                      0
xb3.xb1.x_u16.gsw+_int1                      0
xb3.xb1.x_u18.g1_int1              2.56177e-05
xb3.xb1.x_u18.g1_int2              7.50244e-06
xb3.xb1.x_u19.g1_int1              3.52741e-05
xb3.xb1.x_u19.g1_int2             -7.50244e-06
xb3.xb1.x_u22.g1_int1                        0
xb3.xb1.x_u23.g1_int1                        0
xb3.xb1.x_u26.g1_int1              7.50244e-09
xb3.xb1.x_u27.g1_int1                        0
xb3.xb1.x_u30.g1_int1             -6.43641e-16
xb3.xb1.x_u31.g1_int1             -4.79026e-11
xb3.xb1.x_u32.g1_int1               0.00268422
xb3.xb1.x_u35.g1_int1                        0
xb3.xb1.x_u36.3                              0
xb3.xb1.x_u36.5                              0
xb3.xb1.x_u37.3                              0
xb3.xb1.x_u37.5                              0
xb3.xb1.x_u4.e1_int1                 1.712e-05
xb3.xb1.x_u6.g1_int1               2.23553e-05
xb3.hb                             4.47416e-05
xb3.mb                             2.23556e-05
xb3.xb2.n24458                    -1.76843e-11
xb3.xb2.n24659                    -9.65324e-12
xb3.xb2.n37029                       0.0060962
xb3.xb2.n37037                     0.000618931
xb3.xb2.n39124                      0.00609586
xb3.xb2.n39892                     9.14269e-08
xb3.xb2.n2425309                            12
xb3.xb2.n2425287                  -9.65147e-12
xb3.xb2.n2425325                           -12
xb3.xb2.mid                       -9.65147e-12
xb3.xb2.n56849                    -9.65147e-12
xb3.xb2.n57325                    -9.65147e-12
xb3.xb2.n59747                    -9.65147e-12
xb3.xb2.n59865                    -9.65147e-12
xb3.xb2.n25921                       -0.820799
xb3.xb2.n25929                    -2.62656e-06
xb3.xb2.n65579                    -9.65147e-12
xb3.xb2.n65697                    -9.65147e-12
xb3.xb2.n68774                     0.000112253
xb3.xb2.n72398                         11.9743
xb3.xb2.n72391                        -11.9647
xb3.xb2.n81574                    -1.24637e-08
xb3.xb2.n81664                     -1.2614e-08
xb3.xb2.sw_ol_opax197             -9.65147e-12
xb3.xb2.vclp                         0.0001118
xb3.xb2.vimon                      1.72419e-05
xb3.xb2.n27785                        0.820799
xb3.xb2.n27793                     2.62654e-06
xb3.xb2.vout_s                     4.47416e-05
xb3.xb2.n2402147                  -9.65324e-12
xb3.xb2.n2402155                  -9.65147e-12
xb3.xb2.n2419074                   0.000112141
xb3.xb2.n2525790                   0.000112029
xb3.xb2.n2526890                   0.000111917
xb3.xb2.n36262                     0.000111805
xb3.xb2.n32347                     2.23553e-05
xb3.xb2.clamp                      0.000112254
xb3.xb2.esdp                       -1.7705e-08
xb3.xb2.esdn                       2.23553e-05
xb3.xb2.n158495                    0.000111805
xb3.xb2.cl_clamp                   0.000111805
xb3.xb2.n161937                    4.47416e-05
xb3.xb2.claw_clamp                 0.000111805
xb3.xb2.n45999                     4.47416e-05
xb3.xb2.vcc_b                               12
xb3.xb2.vee_b                              -12
xb3.xb2.n25415                     1.71022e-05
xb3.xb2.n25397                     1.71023e-05
xb3.xb2.n25248                    -9.65314e-12
xb3.xb2.vcc_clp                        11.9743
xb3.xb2.vee_clp                       -11.9647
xb3.xb2.n1356345                      -4.14989
xb3.xb2.n1356333                      -4.14989
xb3.xb2.n1356409                       4.20011
xb3.xb2.n1356429                       4.20011
xb3.xb2.vsense                     0.000112253
xb3.xb2.n28678                     2.23553e-05
xb3.xb2.n28438                     1.71022e-05
xb3.xb2.n24207                     -1.7705e-08
xb3.xb2.n31303                     2.23553e-05
xb3.xb2.n31389                            12.1
xb3.xb2.n31737                           -12.1
xb3.xb2.n32236                     2.23553e-05
xb3.xb2.n32510                     1.55686e-10
xb3.xb2.n46041                      0.00609578
xb3.xb2.n55560                    -9.65147e-12
xb3.xb2.n57321                    -9.65147e-12
xb3.xb2.n59739                            68.9
xb3.xb2.n59743                    -9.65147e-12
xb3.xb2.n59881                    -9.65147e-12
xb3.xb2.n59905                           -68.9
xb3.xb2.n65567                             265
xb3.xb2.n65575                    -9.65147e-12
xb3.xb2.n65713                    -9.65147e-12
xb3.xb2.n65737                            -265
xb3.xb2.n72064                         11.9743
xb3.xb2.n72073                        -11.9647
xb3.xb2.v11                       -1.24637e-08
xb3.xb2.v12                        -1.2614e-08
xb3.xb2.n81756                    -9.65147e-12
xb3.xb2.n161737                    1.72419e-05
xb3.xb2.n1356115                       4.20011
xb3.xb2.n1356061                      -4.14989
xb3.xb2.x_u1.7                        0.833786
xb3.xb2.x_u1.8                        0.833786
xb3.xb2.x_u1.3                               0
xb3.xb2.x_u1.6                               0
xb3.xb2.x_u1.4                               0
xb3.xb2.x_u1.5                               0
xb3.xb2.x_u10.gvo+_int1                      0
xb3.xb2.x_u10.gvo-_int1                      0
xb3.xb2.x_u11.gvo+_int1                      0
xb3.xb2.x_u11.gvo-_int1                      0
xb3.xb2.x_u12.gvo+_int1                      0
xb3.xb2.x_u12.gvo-_int1                      0
xb3.xb2.x_u16.gsw+_int1                      0
xb3.xb2.x_u18.g1_int1              2.56179e-05
xb3.xb2.x_u18.g1_int2              1.72419e-05
xb3.xb2.x_u19.g1_int1              3.52739e-05
xb3.xb2.x_u19.g1_int2             -1.72419e-05
xb3.xb2.x_u22.g1_int1                        0
xb3.xb2.x_u23.g1_int1                        0
xb3.xb2.x_u26.g1_int1              1.72419e-08
xb3.xb2.x_u27.g1_int1                        0
xb3.xb2.x_u30.g1_int1              1.65493e-16
xb3.xb2.x_u31.g1_int1              1.23176e-11
xb3.xb2.x_u32.g1_int1                0.0060958
xb3.xb2.x_u35.g1_int1                        0
xb3.xb2.x_u36.3                              0
xb3.xb2.x_u36.5                              0
xb3.xb2.x_u37.3                              0
xb3.xb2.x_u37.5                              0
xb3.xb2.x_u4.e1_int1                 1.712e-05
xb3.xb2.x_u6.g1_int1               2.23553e-05
xb3.xa1.n24458                    -1.76842e-11
xb3.xa1.n24659                    -9.65312e-12
xb3.xa1.n37029                     0.000246925
xb3.xa1.n37037                     2.50696e-05
xb3.xa1.n39124                     0.000246911
xb3.xa1.n39892                     3.69396e-09
xb3.xa1.n2425309                            12
xb3.xa1.n2425287                  -9.65135e-12
xb3.xa1.n2425325                           -12
xb3.xa1.mid                       -9.65135e-12
xb3.xa1.n56849                    -9.65135e-12
xb3.xa1.n57325                    -9.65135e-12
xb3.xa1.n59747                    -9.65135e-12
xb3.xa1.n59865                    -9.65135e-12
xb3.xa1.n25921                       -0.820799
xb3.xa1.n25929                    -2.62656e-06
xb3.xa1.n65579                    -9.65135e-12
xb3.xa1.n65697                    -9.65135e-12
xb3.xa1.n68774                     2.51725e-05
xb3.xa1.n72398                         11.9743
xb3.xa1.n72391                        -11.9647
xb3.xa1.n81574                    -1.24638e-08
xb3.xa1.n81664                    -1.26139e-08
xb3.xa1.sw_ol_opax197             -9.65135e-12
xb3.xa1.vclp                        2.5067e-05
xb3.xa1.vimon                      3.03171e-09
xb3.xa1.n27785                        0.820799
xb3.xa1.n27793                     2.62654e-06
xb3.xa1.vout_s                     2.23556e-05
xb3.xa1.n2402147                  -9.65312e-12
xb3.xa1.n2402155                  -9.65135e-12
xb3.xa1.n2419074                   2.51474e-05
xb3.xa1.n2525790                   2.51222e-05
xb3.xa1.n2526890                   2.50971e-05
xb3.xa1.n36262                     2.50721e-05
xb3.xa1.n32347                     2.23553e-05
xb3.xa1.clamp                      2.51726e-05
xb3.xa1.esdp                       -1.7705e-08
xb3.xa1.esdn                       2.23553e-05
xb3.xa1.n158495                     2.5072e-05
xb3.xa1.cl_clamp                    2.5072e-05
xb3.xa1.n161937                    2.23556e-05
xb3.bufb                           2.23556e-05
xb3.xa1.claw_clamp                  2.5072e-05
xb3.xa1.n45999                     2.23556e-05
xb3.xa1.vcc_b                               12
xb3.xa1.vee_b                              -12
xb3.xa1.n25415                     1.71022e-05
xb3.xa1.n25397                     1.71023e-05
xb3.xa1.n25248                    -9.65302e-12
xb3.xa1.vcc_clp                        11.9743
xb3.xa1.vee_clp                       -11.9647
xb3.xa1.n1356345                      -4.14997
xb3.xa1.n1356333                      -4.14997
xb3.xa1.n1356409                       4.20003
xb3.xa1.n1356429                       4.20003
xb3.xa1.vsense                     2.51725e-05
xb3.xa1.n28678                     2.23553e-05
xb3.xa1.n28438                     1.71022e-05
xb3.xa1.n24207                     -1.7705e-08
xb3.xa1.n31303                     2.23553e-05
xb3.xa1.n31389                            12.1
xb3.xa1.n31737                           -12.1
xb3.xa1.n32236                     2.23553e-05
xb3.xa1.n32510                    -1.01437e-09
xb3.xa1.n46041                     0.000246908
xb3.xa1.n55560                    -9.65135e-12
xb3.xa1.n57321                    -9.65135e-12
xb3.xa1.n59739                            68.9
xb3.xa1.n59743                    -9.65135e-12
xb3.xa1.n59881                    -9.65135e-12
xb3.xa1.n59905                           -68.9
xb3.xa1.n65567                             265
xb3.xa1.n65575                    -9.65135e-12
xb3.xa1.n65713                    -9.65135e-12
xb3.xa1.n65737                            -265
xb3.xa1.n72064                         11.9743
xb3.xa1.n72073                        -11.9647
xb3.xa1.v11                       -1.24638e-08
xb3.xa1.v12                       -1.26139e-08
xb3.xa1.n81756                    -9.65135e-12
xb3.xa1.n161737                    3.03171e-09
xb3.xa1.n1356115                       4.20003
xb3.xa1.n1356061                      -4.14997
xb3.xa1.x_u1.7                        0.833786
xb3.xa1.x_u1.8                        0.833786
xb3.xa1.x_u1.3                               0
xb3.xa1.x_u1.6                               0
xb3.xa1.x_u1.4                               0
xb3.xa1.x_u1.5                               0
xb3.xa1.x_u10.gvo+_int1                      0
xb3.xa1.x_u10.gvo-_int1                      0
xb3.xa1.x_u11.gvo+_int1                      0
xb3.xa1.x_u11.gvo-_int1                      0
xb3.xa1.x_u12.gvo+_int1                      0
xb3.xa1.x_u12.gvo-_int1                      0
xb3.xa1.x_u16.gsw+_int1                      0
xb3.xa1.x_u18.g1_int1              2.56175e-05
xb3.xa1.x_u18.g1_int2              3.04137e-09
xb3.xa1.x_u19.g1_int1              3.52742e-05
xb3.xa1.x_u19.g1_int2             -3.04137e-09
xb3.xa1.x_u22.g1_int1                        0
xb3.xa1.x_u23.g1_int1                        0
xb3.xa1.x_u26.g1_int1              3.04137e-12
xb3.xa1.x_u27.g1_int1                        0
xb3.xa1.x_u30.g1_int1             -1.00574e-15
xb3.xa1.x_u31.g1_int1             -7.48518e-11
xb3.xa1.x_u32.g1_int1              0.000246908
xb3.xa1.x_u35.g1_int1                        0
xb3.xa1.x_u36.3                              0
xb3.xa1.x_u36.5                              0
xb3.xa1.x_u37.3                              0
xb3.xa1.x_u37.5                              0
xb3.xa1.x_u4.e1_int1                 1.712e-05
xb3.xa1.x_u6.g1_int1               2.23553e-05
xb3.ha                              2.2386e-05
xb3.ma                             2.23556e-05
xb3.xa2.n24458                    -1.76839e-11
xb3.xa2.n24659                     -9.6528e-12
xb3.xa2.n37029                      0.00268805
xb3.xa2.n37037                     0.000272911
xb3.xa2.n39124                       0.0026879
xb3.xa2.n39892                     4.03083e-08
xb3.xa2.n2425309                            12
xb3.xa2.n2425287                  -9.65104e-12
xb3.xa2.n2425325                           -12
xb3.xa2.mid                       -9.65104e-12
xb3.xa2.n56849                    -9.65104e-12
xb3.xa2.n57325                    -9.65104e-12
xb3.xa2.n59747                    -9.65104e-12
xb3.xa2.n59865                    -9.65104e-12
xb3.xa2.n25921                       -0.820799
xb3.xa2.n25929                    -2.62656e-06
xb3.xa2.n65579                    -9.65104e-12
xb3.xa2.n65697                    -9.65104e-12
xb3.xa2.n68774                     5.21652e-05
xb3.xa2.n72398                         11.9743
xb3.xa2.n72391                        -11.9647
xb3.xa2.n81574                    -1.24637e-08
xb3.xa2.n81664                    -1.26139e-08
xb3.xa2.sw_ol_opax197             -9.65104e-12
xb3.xa2.vclp                        5.1952e-05
xb3.xa2.vimon                      7.51265e-06
xb3.xa2.n27785                        0.820799
xb3.xa2.n27793                     2.62654e-06
xb3.xa2.vout_s                      2.2386e-05
xb3.xa2.n2402147                   -9.6528e-12
xb3.xa2.n2402155                  -9.65104e-12
xb3.xa2.n2419074                   5.21131e-05
xb3.xa2.n2525790                    5.2061e-05
xb3.xa2.n2526890                    5.2009e-05
xb3.xa2.n36262                     5.19571e-05
xb3.xa2.n32347                     2.23553e-05
xb3.xa2.clamp                      5.21653e-05
xb3.xa2.esdp                       -1.7705e-08
xb3.xa2.esdn                       2.23553e-05
xb3.xa2.n158495                     5.1957e-05
xb3.xa2.cl_clamp                    5.1957e-05
xb3.xa2.n161937                     2.2386e-05
xb3.xa2.claw_clamp                  5.1957e-05
xb3.xa2.n45999                      2.2386e-05
xb3.xa2.vcc_b                               12
xb3.xa2.vee_b                              -12
xb3.xa2.n25415                     1.71022e-05
xb3.xa2.n25397                     1.71023e-05
xb3.xa2.n25248                    -9.65271e-12
xb3.xa2.vcc_clp                        11.9743
xb3.xa2.vee_clp                       -11.9647
xb3.xa2.n1356345                      -4.14995
xb3.xa2.n1356333                      -4.14995
xb3.xa2.n1356409                       4.20005
xb3.xa2.n1356429                       4.20005
xb3.xa2.vsense                     5.21652e-05
xb3.xa2.n28678                     2.23553e-05
xb3.xa2.n28438                     1.71022e-05
xb3.xa2.n24207                     -1.7705e-08
xb3.xa2.n31303                     2.23553e-05
xb3.xa2.n31389                            12.1
xb3.xa2.n31737                           -12.1
xb3.xa2.n32236                     2.23553e-05
xb3.xa2.n32510                    -6.51687e-10
xb3.xa2.n46041                      0.00268787
xb3.xa2.n55560                    -9.65104e-12
xb3.xa2.n57321                    -9.65104e-12
xb3.xa2.n59739                            68.9
xb3.xa2.n59743                    -9.65104e-12
xb3.xa2.n59881                    -9.65104e-12
xb3.xa2.n59905                           -68.9
xb3.xa2.n65567                             265
xb3.xa2.n65575                    -9.65104e-12
xb3.xa2.n65713                    -9.65104e-12
xb3.xa2.n65737                            -265
xb3.xa2.n72064                         11.9743
xb3.xa2.n72073                        -11.9647
xb3.xa2.v11                       -1.24637e-08
xb3.xa2.v12                       -1.26139e-08
xb3.xa2.n81756                    -9.65104e-12
xb3.xa2.n161737                    7.51265e-06
xb3.xa2.n1356115                       4.20005
xb3.xa2.n1356061                      -4.14995
xb3.xa2.x_u1.7                        0.833786
xb3.xa2.x_u1.8                        0.833786
xb3.xa2.x_u1.3                               0
xb3.xa2.x_u1.6                               0
xb3.xa2.x_u1.4                               0
xb3.xa2.x_u1.5                               0
xb3.xa2.x_u10.gvo+_int1                      0
xb3.xa2.x_u10.gvo-_int1                      0
xb3.xa2.x_u11.gvo+_int1                      0
xb3.xa2.x_u11.gvo-_int1                      0
xb3.xa2.x_u12.gvo+_int1                      0
xb3.xa2.x_u12.gvo-_int1                      0
xb3.xa2.x_u16.gsw+_int1                      0
xb3.xa2.x_u18.g1_int1              2.56177e-05
xb3.xa2.x_u18.g1_int2              7.51266e-06
xb3.xa2.x_u19.g1_int1              3.52741e-05
xb3.xa2.x_u19.g1_int2             -7.51266e-06
xb3.xa2.x_u22.g1_int1                        0
xb3.xa2.x_u23.g1_int1                        0
xb3.xa2.x_u26.g1_int1              7.51266e-09
xb3.xa2.x_u27.g1_int1                        0
xb3.xa2.x_u30.g1_int1             -6.42687e-16
xb3.xa2.x_u31.g1_int1             -4.78317e-11
xb3.xa2.x_u32.g1_int1               0.00268788
xb3.xa2.x_u35.g1_int1                        0
xb3.xa2.x_u36.3                              0
xb3.xa2.x_u36.5                              0
xb3.xa2.x_u37.3                              0
xb3.xa2.x_u37.5                              0
xb3.xa2.x_u4.e1_int1                 1.712e-05
xb3.xa2.x_u6.g1_int1               2.23553e-05
b.xb3.xa2.x_u6.bg1#branch         -2.23553e-14
b.xb3.xa2.x_u4.be1#branch           -1.712e-14
b.xb3.xa2.x_u35.bg1#branch                   0
b.xb3.xa2.x_u32.bg1#branch        -2.68788e-12
b.xb3.xa2.x_u31.bg1#branch         4.78317e-20
b.xb3.xa2.x_u30.bg1#branch         6.42687e-25
b.xb3.xa2.x_u27.bg1#branch                   0
b.xb3.xa2.x_u26.bg1#branch        -7.51266e-18
b.xb3.xa2.x_u23.bg1#branch                   0
b.xb3.xa2.x_u22.bg1#branch                   0
b.xb3.xa2.x_u19.bg1#branch         7.51266e-15
b.xb3.xa2.x_u18.bg1#branch        -7.51266e-15
b.xb3.xa2.x_u16.bgsw+#branch                 0
b.xb3.xa2.x_u12.bgvo-#branch                 0
b.xb3.xa2.x_u12.bgvo+#branch                 0
b.xb3.xa2.x_u11.bgvo-#branch                 0
b.xb3.xa2.x_u11.bgvo+#branch                 0
b.xb3.xa2.x_u10.bgvo-#branch                 0
b.xb3.xa2.x_u10.bgvo+#branch                 0
b.xb3.xa1.x_u6.bg1#branch         -2.23553e-14
b.xb3.xa1.x_u4.be1#branch           -1.712e-14
b.xb3.xa1.x_u35.bg1#branch                   0
b.xb3.xa1.x_u32.bg1#branch        -2.46908e-13
b.xb3.xa1.x_u31.bg1#branch         7.48518e-20
b.xb3.xa1.x_u30.bg1#branch         1.00574e-24
b.xb3.xa1.x_u27.bg1#branch                   0
b.xb3.xa1.x_u26.bg1#branch        -3.04137e-21
b.xb3.xa1.x_u23.bg1#branch                   0
b.xb3.xa1.x_u22.bg1#branch                   0
b.xb3.xa1.x_u19.bg1#branch         3.04137e-18
b.xb3.xa1.x_u18.bg1#branch        -3.04137e-18
b.xb3.xa1.x_u16.bgsw+#branch                 0
b.xb3.xa1.x_u12.bgvo-#branch                 0
b.xb3.xa1.x_u12.bgvo+#branch                 0
b.xb3.xa1.x_u11.bgvo-#branch                 0
b.xb3.xa1.x_u11.bgvo+#branch                 0
b.xb3.xa1.x_u10.bgvo-#branch                 0
b.xb3.xa1.x_u10.bgvo+#branch                 0
b.xb3.xb2.x_u6.bg1#branch         -2.23553e-14
b.xb3.xb2.x_u4.be1#branch           -1.712e-14
b.xb3.xb2.x_u35.bg1#branch                   0
b.xb3.xb2.x_u32.bg1#branch         -6.0958e-12
b.xb3.xb2.x_u31.bg1#branch        -1.23176e-20
b.xb3.xb2.x_u30.bg1#branch        -1.65493e-25
b.xb3.xb2.x_u27.bg1#branch                   0
b.xb3.xb2.x_u26.bg1#branch        -1.72419e-17
b.xb3.xb2.x_u23.bg1#branch                   0
b.xb3.xb2.x_u22.bg1#branch                   0
b.xb3.xb2.x_u19.bg1#branch         1.72419e-14
b.xb3.xb2.x_u18.bg1#branch        -1.72419e-14
b.xb3.xb2.x_u16.bgsw+#branch                 0
b.xb3.xb2.x_u12.bgvo-#branch                 0
b.xb3.xb2.x_u12.bgvo+#branch                 0
b.xb3.xb2.x_u11.bgvo-#branch                 0
b.xb3.xb2.x_u11.bgvo+#branch                 0
b.xb3.xb2.x_u10.bgvo-#branch                 0
b.xb3.xb2.x_u10.bgvo+#branch                 0
b.xb3.xb1.x_u6.bg1#branch         -2.23553e-14
b.xb3.xb1.x_u4.be1#branch           -1.712e-14
b.xb3.xb1.x_u35.bg1#branch                   0
b.xb3.xb1.x_u32.bg1#branch        -2.68422e-12
b.xb3.xb1.x_u31.bg1#branch         4.79026e-20
b.xb3.xb1.x_u30.bg1#branch         6.43641e-25
b.xb3.xb1.x_u27.bg1#branch                   0
b.xb3.xb1.x_u26.bg1#branch        -7.50244e-18
b.xb3.xb1.x_u23.bg1#branch                   0
b.xb3.xb1.x_u22.bg1#branch                   0
b.xb3.xb1.x_u19.bg1#branch         7.50244e-15
b.xb3.xb1.x_u18.bg1#branch        -7.50244e-15
b.xb3.xb1.x_u16.bgsw+#branch                 0
b.xb3.xb1.x_u12.bgvo-#branch                 0
b.xb3.xb1.x_u12.bgvo+#branch                 0
b.xb3.xb1.x_u11.bgvo-#branch                 0
b.xb3.xb1.x_u11.bgvo+#branch                 0
b.xb3.xb1.x_u10.bgvo-#branch                 0
b.xb3.xb1.x_u10.bgvo+#branch                 0
b.xb2.xa2.x_u6.bg1#branch         -2.23553e-14
b.xb2.xa2.x_u4.be1#branch           -1.712e-14
b.xb2.xa2.x_u35.bg1#branch                   0
b.xb2.xa2.x_u32.bg1#branch        -2.68788e-12
b.xb2.xa2.x_u31.bg1#branch         4.78317e-20
b.xb2.xa2.x_u30.bg1#branch         6.42687e-25
b.xb2.xa2.x_u27.bg1#branch                   0
b.xb2.xa2.x_u26.bg1#branch        -7.51266e-18
b.xb2.xa2.x_u23.bg1#branch                   0
b.xb2.xa2.x_u22.bg1#branch                   0
b.xb2.xa2.x_u19.bg1#branch         7.51266e-15
b.xb2.xa2.x_u18.bg1#branch        -7.51266e-15
b.xb2.xa2.x_u16.bgsw+#branch                 0
b.xb2.xa2.x_u12.bgvo-#branch                 0
b.xb2.xa2.x_u12.bgvo+#branch                 0
b.xb2.xa2.x_u11.bgvo-#branch                 0
b.xb2.xa2.x_u11.bgvo+#branch                 0
b.xb2.xa2.x_u10.bgvo-#branch                 0
b.xb2.xa2.x_u10.bgvo+#branch                 0
b.xb2.xa1.x_u6.bg1#branch         -2.23553e-14
b.xb2.xa1.x_u4.be1#branch           -1.712e-14
b.xb2.xa1.x_u35.bg1#branch        -1.03559e-33
b.xb2.xa1.x_u32.bg1#branch        -2.46908e-13
b.xb2.xa1.x_u31.bg1#branch         7.48518e-20
b.xb2.xa1.x_u30.bg1#branch         1.00574e-24
b.xb2.xa1.x_u27.bg1#branch                   0
b.xb2.xa1.x_u26.bg1#branch        -3.04137e-21
b.xb2.xa1.x_u23.bg1#branch                   0
b.xb2.xa1.x_u22.bg1#branch        -1.03559e-33
b.xb2.xa1.x_u19.bg1#branch         3.04137e-18
b.xb2.xa1.x_u18.bg1#branch        -3.04137e-18
b.xb2.xa1.x_u16.bgsw+#branch                 0
b.xb2.xa1.x_u12.bgvo-#branch                 0
b.xb2.xa1.x_u12.bgvo+#branch                 0
b.xb2.xa1.x_u11.bgvo-#branch                 0
b.xb2.xa1.x_u11.bgvo+#branch                 0
b.xb2.xa1.x_u10.bgvo-#branch                 0
b.xb2.xa1.x_u10.bgvo+#branch                 0
b.xb2.xb2.x_u6.bg1#branch         -2.23553e-14
b.xb2.xb2.x_u4.be1#branch           -1.712e-14
b.xb2.xb2.x_u35.bg1#branch                   0
b.xb2.xb2.x_u32.bg1#branch         -6.0958e-12
b.xb2.xb2.x_u31.bg1#branch        -1.23176e-20
b.xb2.xb2.x_u30.bg1#branch        -1.65493e-25
b.xb2.xb2.x_u27.bg1#branch                   0
b.xb2.xb2.x_u26.bg1#branch        -1.72419e-17
b.xb2.xb2.x_u23.bg1#branch                   0
b.xb2.xb2.x_u22.bg1#branch                   0
b.xb2.xb2.x_u19.bg1#branch         1.72419e-14
b.xb2.xb2.x_u18.bg1#branch        -1.72419e-14
b.xb2.xb2.x_u16.bgsw+#branch                 0
b.xb2.xb2.x_u12.bgvo-#branch                 0
b.xb2.xb2.x_u12.bgvo+#branch                 0
b.xb2.xb2.x_u11.bgvo-#branch                 0
b.xb2.xb2.x_u11.bgvo+#branch                 0
b.xb2.xb2.x_u10.bgvo-#branch                 0
b.xb2.xb2.x_u10.bgvo+#branch                 0
b.xb2.xb1.x_u6.bg1#branch         -2.23553e-14
b.xb2.xb1.x_u4.be1#branch           -1.712e-14
b.xb2.xb1.x_u35.bg1#branch                   0
b.xb2.xb1.x_u32.bg1#branch        -2.68422e-12
b.xb2.xb1.x_u31.bg1#branch         4.79026e-20
b.xb2.xb1.x_u30.bg1#branch         6.43641e-25
b.xb2.xb1.x_u27.bg1#branch                   0
b.xb2.xb1.x_u26.bg1#branch        -7.50244e-18
b.xb2.xb1.x_u23.bg1#branch                   0
b.xb2.xb1.x_u22.bg1#branch                   0
b.xb2.xb1.x_u19.bg1#branch         7.50244e-15
b.xb2.xb1.x_u18.bg1#branch        -7.50244e-15
b.xb2.xb1.x_u16.bgsw+#branch                 0
b.xb2.xb1.x_u12.bgvo-#branch                 0
b.xb2.xb1.x_u12.bgvo+#branch                 0
b.xb2.xb1.x_u11.bgvo-#branch                 0
b.xb2.xb1.x_u11.bgvo+#branch                 0
b.xb2.xb1.x_u10.bgvo-#branch                 0
b.xb2.xb1.x_u10.bgvo+#branch                 0
b.xb1.xa2.x_u6.bg1#branch         -2.23553e-14
b.xb1.xa2.x_u4.be1#branch           -1.712e-14
b.xb1.xa2.x_u35.bg1#branch                   0
b.xb1.xa2.x_u32.bg1#branch        -2.68788e-12
b.xb1.xa2.x_u31.bg1#branch         4.78317e-20
b.xb1.xa2.x_u30.bg1#branch         6.42687e-25
b.xb1.xa2.x_u27.bg1#branch                   0
b.xb1.xa2.x_u26.bg1#branch        -7.51266e-18
b.xb1.xa2.x_u23.bg1#branch                   0
b.xb1.xa2.x_u22.bg1#branch                   0
b.xb1.xa2.x_u19.bg1#branch         7.51266e-15
b.xb1.xa2.x_u18.bg1#branch        -7.51266e-15
b.xb1.xa2.x_u16.bgsw+#branch                 0
b.xb1.xa2.x_u12.bgvo-#branch                 0
b.xb1.xa2.x_u12.bgvo+#branch                 0
b.xb1.xa2.x_u11.bgvo-#branch                 0
b.xb1.xa2.x_u11.bgvo+#branch                 0
b.xb1.xa2.x_u10.bgvo-#branch                 0
b.xb1.xa2.x_u10.bgvo+#branch                 0
b.xb1.xa1.x_u6.bg1#branch         -2.23553e-14
b.xb1.xa1.x_u4.be1#branch           -1.712e-14
b.xb1.xa1.x_u35.bg1#branch                   0
b.xb1.xa1.x_u32.bg1#branch        -2.46908e-13
b.xb1.xa1.x_u31.bg1#branch         7.48518e-20
b.xb1.xa1.x_u30.bg1#branch         1.00574e-24
b.xb1.xa1.x_u27.bg1#branch                   0
b.xb1.xa1.x_u26.bg1#branch        -3.04137e-21
b.xb1.xa1.x_u23.bg1#branch                   0
b.xb1.xa1.x_u22.bg1#branch                   0
b.xb1.xa1.x_u19.bg1#branch         3.04137e-18
b.xb1.xa1.x_u18.bg1#branch        -3.04137e-18
b.xb1.xa1.x_u16.bgsw+#branch                 0
b.xb1.xa1.x_u12.bgvo-#branch                 0
b.xb1.xa1.x_u12.bgvo+#branch                 0
b.xb1.xa1.x_u11.bgvo-#branch                 0
b.xb1.xa1.x_u11.bgvo+#branch                 0
b.xb1.xa1.x_u10.bgvo-#branch                 0
b.xb1.xa1.x_u10.bgvo+#branch                 0
b.xb1.xb2.x_u6.bg1#branch         -2.23553e-14
b.xb1.xb2.x_u4.be1#branch           -1.712e-14
b.xb1.xb2.x_u35.bg1#branch                   0
b.xb1.xb2.x_u32.bg1#branch         -6.0958e-12
b.xb1.xb2.x_u31.bg1#branch        -1.23176e-20
b.xb1.xb2.x_u30.bg1#branch        -1.65493e-25
b.xb1.xb2.x_u27.bg1#branch                   0
b.xb1.xb2.x_u26.bg1#branch        -1.72419e-17
b.xb1.xb2.x_u23.bg1#branch                   0
b.xb1.xb2.x_u22.bg1#branch                   0
b.xb1.xb2.x_u19.bg1#branch         1.72419e-14
b.xb1.xb2.x_u18.bg1#branch        -1.72419e-14
b.xb1.xb2.x_u16.bgsw+#branch                 0
b.xb1.xb2.x_u12.bgvo-#branch                 0
b.xb1.xb2.x_u12.bgvo+#branch                 0
b.xb1.xb2.x_u11.bgvo-#branch                 0
b.xb1.xb2.x_u11.bgvo+#branch                 0
b.xb1.xb2.x_u10.bgvo-#branch                 0
b.xb1.xb2.x_u10.bgvo+#branch                 0
b.xb1.xb1.x_u6.bg1#branch         -2.23553e-14
b.xb1.xb1.x_u4.be1#branch           -1.712e-14
b.xb1.xb1.x_u35.bg1#branch                   0
b.xb1.xb1.x_u32.bg1#branch        -2.68422e-12
b.xb1.xb1.x_u31.bg1#branch         4.79026e-20
b.xb1.xb1.x_u30.bg1#branch         6.43641e-25
b.xb1.xb1.x_u27.bg1#branch                   0
b.xb1.xb1.x_u26.bg1#branch        -7.50244e-18
b.xb1.xb1.x_u23.bg1#branch                   0
b.xb1.xb1.x_u22.bg1#branch                   0
b.xb1.xb1.x_u19.bg1#branch         7.50244e-15
b.xb1.xb1.x_u18.bg1#branch        -7.50244e-15
b.xb1.xb1.x_u16.bgsw+#branch                 0
b.xb1.xb1.x_u12.bgvo-#branch                 0
b.xb1.xb1.x_u12.bgvo+#branch                 0
b.xb1.xb1.x_u11.bgvo-#branch                 0
b.xb1.xb1.x_u11.bgvo+#branch                 0
b.xb1.xb1.x_u10.bgvo-#branch                 0
b.xb1.xb1.x_u10.bgvo+#branch                 0
b.xb0.xa2.x_u6.bg1#branch         -2.23553e-14
b.xb0.xa2.x_u4.be1#branch           -1.712e-14
b.xb0.xa2.x_u35.bg1#branch                   0
b.xb0.xa2.x_u32.bg1#branch        -2.68788e-12
b.xb0.xa2.x_u31.bg1#branch         4.78317e-20
b.xb0.xa2.x_u30.bg1#branch         6.42687e-25
b.xb0.xa2.x_u27.bg1#branch                   0
b.xb0.xa2.x_u26.bg1#branch        -7.51266e-18
b.xb0.xa2.x_u23.bg1#branch         1.03559e-33
b.xb0.xa2.x_u22.bg1#branch                   0
b.xb0.xa2.x_u19.bg1#branch         7.51266e-15
b.xb0.xa2.x_u18.bg1#branch        -7.51266e-15
b.xb0.xa2.x_u16.bgsw+#branch                 0
b.xb0.xa2.x_u12.bgvo-#branch                 0
b.xb0.xa2.x_u12.bgvo+#branch                 0
b.xb0.xa2.x_u11.bgvo-#branch                 0
b.xb0.xa2.x_u11.bgvo+#branch                 0
b.xb0.xa2.x_u10.bgvo-#branch                 0
b.xb0.xa2.x_u10.bgvo+#branch                 0
b.xb0.xa1.x_u6.bg1#branch         -2.23553e-14
b.xb0.xa1.x_u4.be1#branch           -1.712e-14
b.xb0.xa1.x_u35.bg1#branch                   0
b.xb0.xa1.x_u32.bg1#branch        -2.46908e-13
b.xb0.xa1.x_u31.bg1#branch         7.48518e-20
b.xb0.xa1.x_u30.bg1#branch         1.00574e-24
b.xb0.xa1.x_u27.bg1#branch                   0
b.xb0.xa1.x_u26.bg1#branch        -3.04137e-21
b.xb0.xa1.x_u23.bg1#branch                   0
b.xb0.xa1.x_u22.bg1#branch        -1.03723e-33
b.xb0.xa1.x_u19.bg1#branch         3.04137e-18
b.xb0.xa1.x_u18.bg1#branch        -3.04137e-18
b.xb0.xa1.x_u16.bgsw+#branch                 0
b.xb0.xa1.x_u12.bgvo-#branch                 0
b.xb0.xa1.x_u12.bgvo+#branch                 0
b.xb0.xa1.x_u11.bgvo-#branch                 0
b.xb0.xa1.x_u11.bgvo+#branch                 0
b.xb0.xa1.x_u10.bgvo-#branch                 0
b.xb0.xa1.x_u10.bgvo+#branch                 0
b.xb0.xb2.x_u6.bg1#branch         -2.23553e-14
b.xb0.xb2.x_u4.be1#branch           -1.712e-14
b.xb0.xb2.x_u35.bg1#branch                   0
b.xb0.xb2.x_u32.bg1#branch         -6.0958e-12
b.xb0.xb2.x_u31.bg1#branch        -1.23176e-20
b.xb0.xb2.x_u30.bg1#branch        -1.65493e-25
b.xb0.xb2.x_u27.bg1#branch                   0
b.xb0.xb2.x_u26.bg1#branch        -1.72419e-17
b.xb0.xb2.x_u23.bg1#branch                   0
b.xb0.xb2.x_u22.bg1#branch                   0
b.xb0.xb2.x_u19.bg1#branch         1.72419e-14
b.xb0.xb2.x_u18.bg1#branch        -1.72419e-14
b.xb0.xb2.x_u16.bgsw+#branch                 0
b.xb0.xb2.x_u12.bgvo-#branch                 0
b.xb0.xb2.x_u12.bgvo+#branch                 0
b.xb0.xb2.x_u11.bgvo-#branch                 0
b.xb0.xb2.x_u11.bgvo+#branch                 0
b.xb0.xb2.x_u10.bgvo-#branch                 0
b.xb0.xb2.x_u10.bgvo+#branch                 0
b.xb0.xb1.x_u6.bg1#branch         -2.23553e-14
b.xb0.xb1.x_u4.be1#branch           -1.712e-14
b.xb0.xb1.x_u35.bg1#branch         1.03721e-33
b.xb0.xb1.x_u32.bg1#branch        -2.68422e-12
b.xb0.xb1.x_u31.bg1#branch         4.79026e-20
b.xb0.xb1.x_u30.bg1#branch         6.43641e-25
b.xb0.xb1.x_u27.bg1#branch                   0
b.xb0.xb1.x_u26.bg1#branch        -7.50244e-18
b.xb0.xb1.x_u23.bg1#branch         1.03721e-33
b.xb0.xb1.x_u22.bg1#branch         1.03721e-33
b.xb0.xb1.x_u19.bg1#branch         7.50244e-15
b.xb0.xb1.x_u18.bg1#branch        -7.50244e-15
b.xb0.xb1.x_u16.bgsw+#branch                 0
b.xb0.xb1.x_u12.bgvo-#branch                 0
b.xb0.xb1.x_u12.bgvo+#branch                 0
b.xb0.xb1.x_u11.bgvo-#branch                 0
b.xb0.xb1.x_u11.bgvo+#branch                 0
b.xb0.xb1.x_u10.bgvo-#branch                 0
b.xb0.xb1.x_u10.bgvo+#branch                 0
b.xn3.xgb.x_u6.bg1#branch         -2.23555e-14
b.xn3.xgb.x_u4.be1#branch           -1.712e-14
b.xn3.xgb.x_u35.bg1#branch                   0
b.xn3.xgb.x_u32.bg1#branch        -2.76375e-11
b.xn3.xgb.x_u31.bg1#branch        -3.86674e-19
b.xn3.xgb.x_u30.bg1#branch        -5.19544e-24
b.xn3.xgb.x_u27.bg1#branch                   0
b.xn3.xgb.x_u26.bg1#branch        -7.89379e-17
b.xn3.xgb.x_u23.bg1#branch                   0
b.xn3.xgb.x_u22.bg1#branch                   0
b.xn3.xgb.x_u19.bg1#branch         7.89379e-14
b.xn3.xgb.x_u18.bg1#branch        -7.89379e-14
b.xn3.xgb.x_u16.bgsw+#branch                 0
b.xn3.xgb.x_u12.bgvo-#branch                 0
b.xn3.xgb.x_u12.bgvo+#branch                 0
b.xn3.xgb.x_u11.bgvo-#branch                 0
b.xn3.xgb.x_u11.bgvo+#branch                 0
b.xn3.xgb.x_u10.bgvo-#branch                 0
b.xn3.xgb.x_u10.bgvo+#branch                 0
b.xn3.xga.x_u6.bg1#branch         -2.23553e-14
b.xn3.xga.x_u4.be1#branch           -1.712e-14
b.xn3.xga.x_u35.bg1#branch                   0
b.xn3.xga.x_u32.bg1#branch         4.91608e-11
b.xn3.xga.x_u31.bg1#branch         7.79807e-19
b.xn3.xga.x_u30.bg1#branch         1.04777e-23
b.xn3.xga.x_u27.bg1#branch        -1.46677e-16
b.xn3.xga.x_u26.bg1#branch                   0
b.xn3.xga.x_u23.bg1#branch                   0
b.xn3.xga.x_u22.bg1#branch                   0
b.xn3.xga.x_u19.bg1#branch        -1.46677e-13
b.xn3.xga.x_u18.bg1#branch         1.46677e-13
b.xn3.xga.x_u16.bgsw+#branch                 0
b.xn3.xga.x_u12.bgvo-#branch                 0
b.xn3.xga.x_u12.bgvo+#branch                 0
b.xn3.xga.x_u11.bgvo-#branch                 0
b.xn3.xga.x_u11.bgvo+#branch                 0
b.xn3.xga.x_u10.bgvo-#branch                 0
b.xn3.xga.x_u10.bgvo+#branch                 0
b.xn2.xgb.x_u6.bg1#branch         -2.23555e-14
b.xn2.xgb.x_u4.be1#branch           -1.712e-14
b.xn2.xgb.x_u35.bg1#branch                   0
b.xn2.xgb.x_u32.bg1#branch        -2.76375e-11
b.xn2.xgb.x_u31.bg1#branch        -3.86674e-19
b.xn2.xgb.x_u30.bg1#branch        -5.19544e-24
b.xn2.xgb.x_u27.bg1#branch                   0
b.xn2.xgb.x_u26.bg1#branch        -7.89379e-17
b.xn2.xgb.x_u23.bg1#branch                   0
b.xn2.xgb.x_u22.bg1#branch                   0
b.xn2.xgb.x_u19.bg1#branch         7.89379e-14
b.xn2.xgb.x_u18.bg1#branch        -7.89379e-14
b.xn2.xgb.x_u16.bgsw+#branch                 0
b.xn2.xgb.x_u12.bgvo-#branch                 0
b.xn2.xgb.x_u12.bgvo+#branch                 0
b.xn2.xgb.x_u11.bgvo-#branch                 0
b.xn2.xgb.x_u11.bgvo+#branch                 0
b.xn2.xgb.x_u10.bgvo-#branch                 0
b.xn2.xgb.x_u10.bgvo+#branch                 0
b.xn2.xga.x_u6.bg1#branch         -2.23553e-14
b.xn2.xga.x_u4.be1#branch           -1.712e-14
b.xn2.xga.x_u35.bg1#branch                   0
b.xn2.xga.x_u32.bg1#branch         4.91608e-11
b.xn2.xga.x_u31.bg1#branch         7.79807e-19
b.xn2.xga.x_u30.bg1#branch         1.04777e-23
b.xn2.xga.x_u27.bg1#branch        -1.46677e-16
b.xn2.xga.x_u26.bg1#branch                   0
b.xn2.xga.x_u23.bg1#branch                   0
b.xn2.xga.x_u22.bg1#branch                   0
b.xn2.xga.x_u19.bg1#branch        -1.46677e-13
b.xn2.xga.x_u18.bg1#branch         1.46677e-13
b.xn2.xga.x_u16.bgsw+#branch                 0
b.xn2.xga.x_u12.bgvo-#branch                 0
b.xn2.xga.x_u12.bgvo+#branch                 0
b.xn2.xga.x_u11.bgvo-#branch                 0
b.xn2.xga.x_u11.bgvo+#branch                 0
b.xn2.xga.x_u10.bgvo-#branch                 0
b.xn2.xga.x_u10.bgvo+#branch                 0
b.xn1.xgb.x_u6.bg1#branch         -2.23555e-14
b.xn1.xgb.x_u4.be1#branch           -1.712e-14
b.xn1.xgb.x_u35.bg1#branch                   0
b.xn1.xgb.x_u32.bg1#branch        -2.76375e-11
b.xn1.xgb.x_u31.bg1#branch        -3.86674e-19
b.xn1.xgb.x_u30.bg1#branch        -5.19544e-24
b.xn1.xgb.x_u27.bg1#branch                   0
b.xn1.xgb.x_u26.bg1#branch        -7.89379e-17
b.xn1.xgb.x_u23.bg1#branch                   0
b.xn1.xgb.x_u22.bg1#branch                   0
b.xn1.xgb.x_u19.bg1#branch         7.89379e-14
b.xn1.xgb.x_u18.bg1#branch        -7.89379e-14
b.xn1.xgb.x_u16.bgsw+#branch                 0
b.xn1.xgb.x_u12.bgvo-#branch                 0
b.xn1.xgb.x_u12.bgvo+#branch                 0
b.xn1.xgb.x_u11.bgvo-#branch                 0
b.xn1.xgb.x_u11.bgvo+#branch                 0
b.xn1.xgb.x_u10.bgvo-#branch                 0
b.xn1.xgb.x_u10.bgvo+#branch                 0
b.xn1.xga.x_u6.bg1#branch         -2.23553e-14
b.xn1.xga.x_u4.be1#branch           -1.712e-14
b.xn1.xga.x_u35.bg1#branch                   0
b.xn1.xga.x_u32.bg1#branch         4.91608e-11
b.xn1.xga.x_u31.bg1#branch         7.79807e-19
b.xn1.xga.x_u30.bg1#branch         1.04777e-23
b.xn1.xga.x_u27.bg1#branch        -1.46677e-16
b.xn1.xga.x_u26.bg1#branch                   0
b.xn1.xga.x_u23.bg1#branch                   0
b.xn1.xga.x_u22.bg1#branch                   0
b.xn1.xga.x_u19.bg1#branch        -1.46677e-13
b.xn1.xga.x_u18.bg1#branch         1.46677e-13
b.xn1.xga.x_u16.bgsw+#branch                 0
b.xn1.xga.x_u12.bgvo-#branch                 0
b.xn1.xga.x_u12.bgvo+#branch                 0
b.xn1.xga.x_u11.bgvo-#branch                 0
b.xn1.xga.x_u11.bgvo+#branch                 0
b.xn1.xga.x_u10.bgvo-#branch                 0
b.xn1.xga.x_u10.bgvo+#branch                 0
b.xn0.xgb.x_u6.bg1#branch         -2.23555e-14
b.xn0.xgb.x_u4.be1#branch           -1.712e-14
b.xn0.xgb.x_u35.bg1#branch                   0
b.xn0.xgb.x_u32.bg1#branch        -2.76375e-11
b.xn0.xgb.x_u31.bg1#branch        -3.86674e-19
b.xn0.xgb.x_u30.bg1#branch        -5.19544e-24
b.xn0.xgb.x_u27.bg1#branch                   0
b.xn0.xgb.x_u26.bg1#branch        -7.89379e-17
b.xn0.xgb.x_u23.bg1#branch                   0
b.xn0.xgb.x_u22.bg1#branch                   0
b.xn0.xgb.x_u19.bg1#branch         7.89379e-14
b.xn0.xgb.x_u18.bg1#branch        -7.89379e-14
b.xn0.xgb.x_u16.bgsw+#branch                 0
b.xn0.xgb.x_u12.bgvo-#branch                 0
b.xn0.xgb.x_u12.bgvo+#branch                 0
b.xn0.xgb.x_u11.bgvo-#branch                 0
b.xn0.xgb.x_u11.bgvo+#branch                 0
b.xn0.xgb.x_u10.bgvo-#branch                 0
b.xn0.xgb.x_u10.bgvo+#branch                 0
b.xn0.xga.x_u6.bg1#branch         -2.23553e-14
b.xn0.xga.x_u4.be1#branch           -1.712e-14
b.xn0.xga.x_u35.bg1#branch                   0
b.xn0.xga.x_u32.bg1#branch         4.91608e-11
b.xn0.xga.x_u31.bg1#branch         7.79807e-19
b.xn0.xga.x_u30.bg1#branch         1.04777e-23
b.xn0.xga.x_u27.bg1#branch        -1.46677e-16
b.xn0.xga.x_u26.bg1#branch                   0
b.xn0.xga.x_u23.bg1#branch                   0
b.xn0.xga.x_u22.bg1#branch                   0
b.xn0.xga.x_u19.bg1#branch        -1.46677e-13
b.xn0.xga.x_u18.bg1#branch         1.46677e-13
b.xn0.xga.x_u16.bgsw+#branch                 0
b.xn0.xga.x_u12.bgvo-#branch                 0
b.xn0.xga.x_u12.bgvo+#branch                 0
b.xn0.xga.x_u11.bgvo-#branch                 0
b.xn0.xga.x_u11.bgvo+#branch                 0
b.xn0.xga.x_u10.bgvo-#branch                 0
b.xn0.xga.x_u10.bgvo+#branch                 0
h.xb3.xa2.x_h3.h_h3#branch         2.49275e-17
v.xb3.xa2.x_h3.vh_h3#branch        1.24541e-08
h.xb3.xa2.x_h2.h_h2#branch         2.52278e-17
v.xb3.xa2.x_h2.vh_h2#branch       -1.26043e-08
h.xb3.xa2.x_h1.h_h1#branch        -1.50328e-14
v.xb3.xa2.x_h1.vh_h1#branch        7.51266e-09
h.xb3.xa1.x_h3.h_h3#branch         2.49276e-17
v.xb3.xa1.x_h3.vh_h3#branch        1.24541e-08
h.xb3.xa1.x_h2.h_h2#branch         2.52278e-17
v.xb3.xa1.x_h2.vh_h2#branch       -1.26042e-08
h.xb3.xa1.x_h1.h_h1#branch        -6.06647e-18
v.xb3.xa1.x_h1.vh_h1#branch        3.04137e-12
h.xb3.xb2.x_h3.h_h3#branch         2.49274e-17
v.xb3.xb2.x_h3.vh_h3#branch         1.2454e-08
h.xb3.xb2.x_h2.h_h2#branch         2.52279e-17
v.xb3.xb2.x_h2.vh_h2#branch       -1.26043e-08
h.xb3.xb2.x_h1.h_h1#branch         -3.4501e-14
v.xb3.xb2.x_h1.vh_h1#branch        1.72419e-08
h.xb3.xb1.x_h3.h_h3#branch         2.49275e-17
v.xb3.xb1.x_h3.vh_h3#branch        1.24541e-08
h.xb3.xb1.x_h2.h_h2#branch         2.52278e-17
v.xb3.xb1.x_h2.vh_h2#branch       -1.26043e-08
h.xb3.xb1.x_h1.h_h1#branch        -1.50124e-14
v.xb3.xb1.x_h1.vh_h1#branch        7.50244e-09
h.xb2.xa2.x_h3.h_h3#branch         2.49275e-17
v.xb2.xa2.x_h3.vh_h3#branch        1.24541e-08
h.xb2.xa2.x_h2.h_h2#branch         2.52278e-17
v.xb2.xa2.x_h2.vh_h2#branch       -1.26043e-08
h.xb2.xa2.x_h1.h_h1#branch        -1.50328e-14
v.xb2.xa2.x_h1.vh_h1#branch        7.51266e-09
h.xb2.xa1.x_h3.h_h3#branch         2.49276e-17
v.xb2.xa1.x_h3.vh_h3#branch        1.24541e-08
h.xb2.xa1.x_h2.h_h2#branch         2.52278e-17
v.xb2.xa1.x_h2.vh_h2#branch       -1.26042e-08
h.xb2.xa1.x_h1.h_h1#branch        -6.06647e-18
v.xb2.xa1.x_h1.vh_h1#branch        3.04137e-12
h.xb2.xb2.x_h3.h_h3#branch         2.49274e-17
v.xb2.xb2.x_h3.vh_h3#branch         1.2454e-08
h.xb2.xb2.x_h2.h_h2#branch         2.52279e-17
v.xb2.xb2.x_h2.vh_h2#branch       -1.26043e-08
h.xb2.xb2.x_h1.h_h1#branch         -3.4501e-14
v.xb2.xb2.x_h1.vh_h1#branch        1.72419e-08
h.xb2.xb1.x_h3.h_h3#branch         2.49275e-17
v.xb2.xb1.x_h3.vh_h3#branch        1.24541e-08
h.xb2.xb1.x_h2.h_h2#branch         2.52278e-17
v.xb2.xb1.x_h2.vh_h2#branch       -1.26043e-08
h.xb2.xb1.x_h1.h_h1#branch        -1.50124e-14
v.xb2.xb1.x_h1.vh_h1#branch        7.50244e-09
h.xb1.xa2.x_h3.h_h3#branch         2.49275e-17
v.xb1.xa2.x_h3.vh_h3#branch        1.24541e-08
h.xb1.xa2.x_h2.h_h2#branch         2.52278e-17
v.xb1.xa2.x_h2.vh_h2#branch       -1.26043e-08
h.xb1.xa2.x_h1.h_h1#branch        -1.50328e-14
v.xb1.xa2.x_h1.vh_h1#branch        7.51266e-09
h.xb1.xa1.x_h3.h_h3#branch         2.49276e-17
v.xb1.xa1.x_h3.vh_h3#branch        1.24541e-08
h.xb1.xa1.x_h2.h_h2#branch         2.52278e-17
v.xb1.xa1.x_h2.vh_h2#branch       -1.26042e-08
h.xb1.xa1.x_h1.h_h1#branch        -6.06647e-18
v.xb1.xa1.x_h1.vh_h1#branch        3.04137e-12
h.xb1.xb2.x_h3.h_h3#branch         2.49275e-17
v.xb1.xb2.x_h3.vh_h3#branch         1.2454e-08
h.xb1.xb2.x_h2.h_h2#branch         2.52281e-17
v.xb1.xb2.x_h2.vh_h2#branch       -1.26043e-08
h.xb1.xb2.x_h1.h_h1#branch         -3.4501e-14
v.xb1.xb2.x_h1.vh_h1#branch        1.72419e-08
h.xb1.xb1.x_h3.h_h3#branch         2.49275e-17
v.xb1.xb1.x_h3.vh_h3#branch        1.24541e-08
h.xb1.xb1.x_h2.h_h2#branch         2.52278e-17
v.xb1.xb1.x_h2.vh_h2#branch       -1.26043e-08
h.xb1.xb1.x_h1.h_h1#branch        -1.50124e-14
v.xb1.xb1.x_h1.vh_h1#branch        7.50244e-09
h.xb0.xa2.x_h3.h_h3#branch         2.49275e-17
v.xb0.xa2.x_h3.vh_h3#branch        1.24541e-08
h.xb0.xa2.x_h2.h_h2#branch         2.52278e-17
v.xb0.xa2.x_h2.vh_h2#branch       -1.26043e-08
h.xb0.xa2.x_h1.h_h1#branch        -1.50328e-14
v.xb0.xa2.x_h1.vh_h1#branch        7.51266e-09
h.xb0.xa1.x_h3.h_h3#branch         2.49276e-17
v.xb0.xa1.x_h3.vh_h3#branch        1.24541e-08
h.xb0.xa1.x_h2.h_h2#branch         2.52278e-17
v.xb0.xa1.x_h2.vh_h2#branch       -1.26042e-08
h.xb0.xa1.x_h1.h_h1#branch        -6.06647e-18
v.xb0.xa1.x_h1.vh_h1#branch        3.04137e-12
h.xb0.xb2.x_h3.h_h3#branch         2.49274e-17
v.xb0.xb2.x_h3.vh_h3#branch         1.2454e-08
h.xb0.xb2.x_h2.h_h2#branch         2.52279e-17
v.xb0.xb2.x_h2.vh_h2#branch       -1.26043e-08
h.xb0.xb2.x_h1.h_h1#branch         -3.4501e-14
v.xb0.xb2.x_h1.vh_h1#branch        1.72419e-08
h.xb0.xb1.x_h3.h_h3#branch         2.49275e-17
v.xb0.xb1.x_h3.vh_h3#branch        1.24541e-08
h.xb0.xb1.x_h2.h_h2#branch         2.52278e-17
v.xb0.xb1.x_h2.vh_h2#branch       -1.26043e-08
h.xb0.xb1.x_h1.h_h1#branch        -1.50124e-14
v.xb0.xb1.x_h1.vh_h1#branch        7.50244e-09
h.xn3.xgb.x_h3.h_h3#branch         2.49266e-17
v.xn3.xgb.x_h3.vh_h3#branch        1.24537e-08
h.xn3.xgb.x_h2.h_h2#branch         2.52287e-17
v.xn3.xgb.x_h2.vh_h2#branch       -1.26047e-08
h.xn3.xgb.x_h1.h_h1#branch        -1.57955e-13
v.xn3.xgb.x_h1.vh_h1#branch        7.89379e-08
h.xn3.xga.x_h3.h_h3#branch          2.4929e-17
v.xn3.xga.x_h3.vh_h3#branch        1.24548e-08
h.xn3.xga.x_h2.h_h2#branch         2.52264e-17
v.xn3.xga.x_h2.vh_h2#branch       -1.26035e-08
h.xn3.xga.x_h1.h_h1#branch         2.93501e-13
v.xn3.xga.x_h1.vh_h1#branch       -1.46677e-07
h.xn2.xgb.x_h3.h_h3#branch         2.49266e-17
v.xn2.xgb.x_h3.vh_h3#branch        1.24537e-08
h.xn2.xgb.x_h2.h_h2#branch         2.52287e-17
v.xn2.xgb.x_h2.vh_h2#branch       -1.26047e-08
h.xn2.xgb.x_h1.h_h1#branch        -1.57955e-13
v.xn2.xgb.x_h1.vh_h1#branch        7.89379e-08
h.xn2.xga.x_h3.h_h3#branch          2.4929e-17
v.xn2.xga.x_h3.vh_h3#branch        1.24548e-08
h.xn2.xga.x_h2.h_h2#branch         2.52264e-17
v.xn2.xga.x_h2.vh_h2#branch       -1.26035e-08
h.xn2.xga.x_h1.h_h1#branch         2.93501e-13
v.xn2.xga.x_h1.vh_h1#branch       -1.46677e-07
h.xn1.xgb.x_h3.h_h3#branch         2.49266e-17
v.xn1.xgb.x_h3.vh_h3#branch        1.24537e-08
h.xn1.xgb.x_h2.h_h2#branch         2.52287e-17
v.xn1.xgb.x_h2.vh_h2#branch       -1.26047e-08
h.xn1.xgb.x_h1.h_h1#branch        -1.57955e-13
v.xn1.xgb.x_h1.vh_h1#branch        7.89379e-08
h.xn1.xga.x_h3.h_h3#branch          2.4929e-17
v.xn1.xga.x_h3.vh_h3#branch        1.24548e-08
h.xn1.xga.x_h2.h_h2#branch         2.52264e-17
v.xn1.xga.x_h2.vh_h2#branch       -1.26035e-08
h.xn1.xga.x_h1.h_h1#branch         2.93501e-13
v.xn1.xga.x_h1.vh_h1#branch       -1.46677e-07
h.xn0.xgb.x_h3.h_h3#branch         2.49266e-17
v.xn0.xgb.x_h3.vh_h3#branch        1.24537e-08
h.xn0.xgb.x_h2.h_h2#branch         2.52287e-17
v.xn0.xgb.x_h2.vh_h2#branch       -1.26047e-08
h.xn0.xgb.x_h1.h_h1#branch        -1.57955e-13
v.xn0.xgb.x_h1.vh_h1#branch        7.89379e-08
h.xn0.xga.x_h3.h_h3#branch          2.4929e-17
v.xn0.xga.x_h3.vh_h3#branch        1.24548e-08
h.xn0.xga.x_h2.h_h2#branch         2.52264e-17
v.xn0.xga.x_h2.vh_h2#branch       -1.26035e-08
h.xn0.xga.x_h1.h_h1#branch         2.93501e-13
v.xn0.xga.x_h1.vh_h1#branch       -1.46677e-07
l.xb3.lc#branch                    -1.8735e-17
l.xb2.lc#branch                   -1.41035e-17
l.xb1.lc#branch                   -1.87607e-17
l.xb0.lc#branch                   -1.71807e-17
l.xn3.lg#branch                   -3.77527e-08
l.xn2.lg#branch                   -3.77527e-08
l.xn1.lg#branch                   -3.77527e-08
l.xn0.lg#branch                   -3.77527e-08
e.xb3.xa2.x_u4.e1#branch          -7.36592e-14
e.xb3.xa2.x_u37.e1#branch                    0
e.xb3.xa2.x_u36.e1#branch                    0
e.xb3.xa2.x_u1.e3#branch           5.32364e-12
e.xb3.xa2.x_u1.e2#branch                     0
e.xb3.xa2.x_u1.e1#branch                     0
e.xb3.xa2.e_e3#branch             -4.47944e-14
e.xb3.xa2.e_e2#branch             -5.02078e-11
e.xb3.xa2.e_e1#branch             -1.61004e-10
e.xb3.xa1.x_u4.e1#branch          -7.36592e-14
e.xb3.xa1.x_u37.e1#branch                    0
e.xb3.xa1.x_u36.e1#branch                    0
e.xb3.xa1.x_u1.e3#branch           5.32364e-12
e.xb3.xa1.x_u1.e2#branch                     0
e.xb3.xa1.x_u1.e1#branch                     0
e.xb3.xa1.e_e3#branch             -4.47336e-14
e.xb3.xa1.e_e2#branch             -5.01003e-11
e.xb3.xa1.e_e1#branch              -1.5296e-10
e.xb3.xb2.x_u4.e1#branch          -7.36592e-14
e.xb3.xb2.x_u37.e1#branch                    0
e.xb3.xb2.x_u36.e1#branch                    0
e.xb3.xb2.x_u1.e3#branch           5.32364e-12
e.xb3.xb2.x_u1.e2#branch                     0
e.xb3.xb2.x_u1.e1#branch                     0
e.xb3.xb2.e_e3#branch              -8.9528e-14
e.xb3.xb2.e_e2#branch             -5.04472e-11
e.xb3.xb2.e_e1#branch             -1.72684e-10
e.xb3.xb1.x_u4.e1#branch          -7.36592e-14
e.xb3.xb1.x_u37.e1#branch                    0
e.xb3.xb1.x_u36.e1#branch                    0
e.xb3.xb1.x_u1.e3#branch           5.32364e-12
e.xb3.xb1.x_u1.e2#branch                     0
e.xb3.xb1.x_u1.e1#branch                     0
e.xb3.xb1.e_e3#branch             -4.47336e-14
e.xb3.xb1.e_e2#branch             -5.02075e-11
e.xb3.xb1.e_e1#branch             -1.60993e-10
e.xb2.xa2.x_u4.e1#branch          -7.36592e-14
e.xb2.xa2.x_u37.e1#branch                    0
e.xb2.xa2.x_u36.e1#branch                    0
e.xb2.xa2.x_u1.e3#branch           5.32364e-12
e.xb2.xa2.x_u1.e2#branch                     0
e.xb2.xa2.x_u1.e1#branch                     0
e.xb2.xa2.e_e3#branch             -4.47944e-14
e.xb2.xa2.e_e2#branch             -5.02078e-11
e.xb2.xa2.e_e1#branch             -1.61003e-10
e.xb2.xa1.x_u4.e1#branch          -7.36592e-14
e.xb2.xa1.x_u37.e1#branch                    0
e.xb2.xa1.x_u36.e1#branch                    0
e.xb2.xa1.x_u1.e3#branch           5.32364e-12
e.xb2.xa1.x_u1.e2#branch                     0
e.xb2.xa1.x_u1.e1#branch                     0
e.xb2.xa1.e_e3#branch             -4.47336e-14
e.xb2.xa1.e_e2#branch             -5.01003e-11
e.xb2.xa1.e_e1#branch             -1.52959e-10
e.xb2.xb2.x_u4.e1#branch          -7.36592e-14
e.xb2.xb2.x_u37.e1#branch                    0
e.xb2.xb2.x_u36.e1#branch                    0
e.xb2.xb2.x_u1.e3#branch           5.32364e-12
e.xb2.xb2.x_u1.e2#branch                     0
e.xb2.xb2.x_u1.e1#branch                     0
e.xb2.xb2.e_e3#branch              -8.9528e-14
e.xb2.xb2.e_e2#branch             -5.04472e-11
e.xb2.xb2.e_e1#branch             -1.72684e-10
e.xb2.xb1.x_u4.e1#branch          -7.36592e-14
e.xb2.xb1.x_u37.e1#branch                    0
e.xb2.xb1.x_u36.e1#branch                    0
e.xb2.xb1.x_u1.e3#branch           5.32364e-12
e.xb2.xb1.x_u1.e2#branch                     0
e.xb2.xb1.x_u1.e1#branch                     0
e.xb2.xb1.e_e3#branch             -4.47336e-14
e.xb2.xb1.e_e2#branch             -5.02075e-11
e.xb2.xb1.e_e1#branch             -1.60992e-10
e.xb1.xa2.x_u4.e1#branch          -7.36592e-14
e.xb1.xa2.x_u37.e1#branch                    0
e.xb1.xa2.x_u36.e1#branch                    0
e.xb1.xa2.x_u1.e3#branch           5.32364e-12
e.xb1.xa2.x_u1.e2#branch                     0
e.xb1.xa2.x_u1.e1#branch                     0
e.xb1.xa2.e_e3#branch             -4.47944e-14
e.xb1.xa2.e_e2#branch             -5.02078e-11
e.xb1.xa2.e_e1#branch             -1.61004e-10
e.xb1.xa1.x_u4.e1#branch          -7.36592e-14
e.xb1.xa1.x_u37.e1#branch                    0
e.xb1.xa1.x_u36.e1#branch                    0
e.xb1.xa1.x_u1.e3#branch           5.32364e-12
e.xb1.xa1.x_u1.e2#branch                     0
e.xb1.xa1.x_u1.e1#branch                     0
e.xb1.xa1.e_e3#branch             -4.47336e-14
e.xb1.xa1.e_e2#branch             -5.01003e-11
e.xb1.xa1.e_e1#branch             -1.52958e-10
e.xb1.xb2.x_u4.e1#branch          -7.36592e-14
e.xb1.xb2.x_u37.e1#branch                    0
e.xb1.xb2.x_u36.e1#branch                    0
e.xb1.xb2.x_u1.e3#branch           5.32364e-12
e.xb1.xb2.x_u1.e2#branch                     0
e.xb1.xb2.x_u1.e1#branch                     0
e.xb1.xb2.e_e3#branch              -8.9528e-14
e.xb1.xb2.e_e2#branch             -5.04472e-11
e.xb1.xb2.e_e1#branch             -1.72681e-10
e.xb1.xb1.x_u4.e1#branch          -7.36592e-14
e.xb1.xb1.x_u37.e1#branch                    0
e.xb1.xb1.x_u36.e1#branch                    0
e.xb1.xb1.x_u1.e3#branch           5.32364e-12
e.xb1.xb1.x_u1.e2#branch                     0
e.xb1.xb1.x_u1.e1#branch                     0
e.xb1.xb1.e_e3#branch             -4.47336e-14
e.xb1.xb1.e_e2#branch             -5.02075e-11
e.xb1.xb1.e_e1#branch             -1.60992e-10
e.xb0.xa2.x_u4.e1#branch          -7.36592e-14
e.xb0.xa2.x_u37.e1#branch                    0
e.xb0.xa2.x_u36.e1#branch                    0
e.xb0.xa2.x_u1.e3#branch           5.32364e-12
e.xb0.xa2.x_u1.e2#branch                     0
e.xb0.xa2.x_u1.e1#branch                     0
e.xb0.xa2.e_e3#branch             -4.47944e-14
e.xb0.xa2.e_e2#branch             -5.02078e-11
e.xb0.xa2.e_e1#branch             -1.61004e-10
e.xb0.xa1.x_u4.e1#branch          -7.36592e-14
e.xb0.xa1.x_u37.e1#branch                    0
e.xb0.xa1.x_u36.e1#branch                    0
e.xb0.xa1.x_u1.e3#branch           5.32364e-12
e.xb0.xa1.x_u1.e2#branch                     0
e.xb0.xa1.x_u1.e1#branch                     0
e.xb0.xa1.e_e3#branch             -4.47336e-14
e.xb0.xa1.e_e2#branch             -5.01003e-11
e.xb0.xa1.e_e1#branch             -1.52957e-10
e.xb0.xb2.x_u4.e1#branch          -7.36592e-14
e.xb0.xb2.x_u37.e1#branch                    0
e.xb0.xb2.x_u36.e1#branch                    0
e.xb0.xb2.x_u1.e3#branch           5.32364e-12
e.xb0.xb2.x_u1.e2#branch                     0
e.xb0.xb2.x_u1.e1#branch                     0
e.xb0.xb2.e_e3#branch              -8.9528e-14
e.xb0.xb2.e_e2#branch             -5.04472e-11
e.xb0.xb2.e_e1#branch             -1.72683e-10
e.xb0.xb1.x_u4.e1#branch          -7.36592e-14
e.xb0.xb1.x_u37.e1#branch                    0
e.xb0.xb1.x_u36.e1#branch                    0
e.xb0.xb1.x_u1.e3#branch           5.32364e-12
e.xb0.xb1.x_u1.e2#branch                     0
e.xb0.xb1.x_u1.e1#branch                     0
e.xb0.xb1.e_e3#branch             -4.47336e-14
e.xb0.xb1.e_e2#branch             -5.02075e-11
e.xb0.xb1.e_e1#branch             -1.60993e-10
e.xn3.xgb.x_u4.e1#branch          -7.36598e-14
e.xn3.xgb.x_u37.e1#branch                    0
e.xn3.xgb.x_u36.e1#branch                    0
e.xn3.xgb.x_u1.e3#branch           5.32364e-12
e.xn3.xgb.x_u1.e2#branch                     0
e.xn3.xgb.x_u1.e1#branch                     0
e.xn3.xgb.e_e3#branch             -3.60643e-13
e.xn3.xgb.e_e2#branch             -5.19371e-11
e.xn3.xgb.e_e1#branch             -2.46371e-10
e.xn3.xga.x_u4.e1#branch          -7.36592e-14
e.xn3.xga.x_u37.e1#branch                    0
e.xn3.xga.x_u36.e1#branch                    0
e.xn3.xga.x_u1.e3#branch           5.32364e-12
e.xn3.xga.x_u1.e2#branch                     0
e.xn3.xga.x_u1.e1#branch                     0
e.xn3.xga.e_e3#branch              2.71151e-13
e.xn3.xga.e_e2#branch             -4.72946e-11
e.xn3.xga.e_e1#branch              1.29944e-11
e.xn2.xgb.x_u4.e1#branch          -7.36598e-14
e.xn2.xgb.x_u37.e1#branch                    0
e.xn2.xgb.x_u36.e1#branch                    0
e.xn2.xgb.x_u1.e3#branch           5.32364e-12
e.xn2.xgb.x_u1.e2#branch                     0
e.xn2.xgb.x_u1.e1#branch                     0
e.xn2.xgb.e_e3#branch             -3.60643e-13
e.xn2.xgb.e_e2#branch             -5.19371e-11
e.xn2.xgb.e_e1#branch             -2.46372e-10
e.xn2.xga.x_u4.e1#branch          -7.36592e-14
e.xn2.xga.x_u37.e1#branch                    0
e.xn2.xga.x_u36.e1#branch                    0
e.xn2.xga.x_u1.e3#branch           5.32364e-12
e.xn2.xga.x_u1.e2#branch                     0
e.xn2.xga.x_u1.e1#branch                     0
e.xn2.xga.e_e3#branch              2.71151e-13
e.xn2.xga.e_e2#branch             -4.72946e-11
e.xn2.xga.e_e1#branch              1.29969e-11
e.xn1.xgb.x_u4.e1#branch          -7.36598e-14
e.xn1.xgb.x_u37.e1#branch                    0
e.xn1.xgb.x_u36.e1#branch                    0
e.xn1.xgb.x_u1.e3#branch           5.32364e-12
e.xn1.xgb.x_u1.e2#branch                     0
e.xn1.xgb.x_u1.e1#branch                     0
e.xn1.xgb.e_e3#branch             -3.60643e-13
e.xn1.xgb.e_e2#branch             -5.19371e-11
e.xn1.xgb.e_e1#branch              -2.4637e-10
e.xn1.xga.x_u4.e1#branch          -7.36592e-14
e.xn1.xga.x_u37.e1#branch                    0
e.xn1.xga.x_u36.e1#branch                    0
e.xn1.xga.x_u1.e3#branch           5.32364e-12
e.xn1.xga.x_u1.e2#branch                     0
e.xn1.xga.x_u1.e1#branch                     0
e.xn1.xga.e_e3#branch              2.71151e-13
e.xn1.xga.e_e2#branch             -4.72946e-11
e.xn1.xga.e_e1#branch              1.29955e-11
e.xn0.xgb.x_u4.e1#branch          -7.36598e-14
e.xn0.xgb.x_u37.e1#branch                    0
e.xn0.xgb.x_u36.e1#branch                    0
e.xn0.xgb.x_u1.e3#branch           5.32364e-12
e.xn0.xgb.x_u1.e2#branch                     0
e.xn0.xgb.x_u1.e1#branch                     0
e.xn0.xgb.e_e3#branch             -3.60643e-13
e.xn0.xgb.e_e2#branch             -5.19371e-11
e.xn0.xgb.e_e1#branch             -2.46372e-10
e.xn0.xga.x_u4.e1#branch          -7.36592e-14
e.xn0.xga.x_u37.e1#branch                    0
e.xn0.xga.x_u36.e1#branch                    0
e.xn0.xga.x_u1.e3#branch           5.32364e-12
e.xn0.xga.x_u1.e2#branch                     0
e.xn0.xga.x_u1.e1#branch                     0
e.xn0.xga.e_e3#branch              2.71151e-13
e.xn0.xga.e_e2#branch             -4.72946e-11
e.xn0.xga.e_e1#branch              1.29971e-11
v.xb3.xa2.v_v_orp#branch          -4.20005e-09
v.xb3.xa2.v_v_orn#branch           4.14995e-09
v.xb3.xa2.v_v_iscp#branch         -6.89689e-08
v.xb3.xa2.v_v_iscn#branch          6.89689e-08
v.xb3.xa2.v_v_grp#branch          -2.65265e-07
v.xb3.xa2.v_v_grn#branch           2.65265e-07
v.xb3.xa2.v_vcm_min#branch         1.21121e-08
v.xb3.xa2.v_vcm_max#branch        -1.21121e-08
v.xb3.xa1.v_v_orp#branch          -4.20003e-09
v.xb3.xa1.v_v_orn#branch           4.14997e-09
v.xb3.xa1.v_v_iscp#branch         -6.89689e-08
v.xb3.xa1.v_v_iscn#branch          6.89689e-08
v.xb3.xa1.v_v_grp#branch          -2.65265e-07
v.xb3.xa1.v_v_grn#branch           2.65265e-07
v.xb3.xa1.v_vcm_min#branch         1.21121e-08
v.xb3.xa1.v_vcm_max#branch        -1.21121e-08
v.xb3.xb2.v_v_orp#branch          -4.20011e-09
v.xb3.xb2.v_v_orn#branch           4.14989e-09
v.xb3.xb2.v_v_iscp#branch         -6.89689e-08
v.xb3.xb2.v_v_iscn#branch          6.89689e-08
v.xb3.xb2.v_v_grp#branch          -2.65265e-07
v.xb3.xb2.v_v_grn#branch           2.65265e-07
v.xb3.xb2.v_vcm_min#branch         1.21121e-08
v.xb3.xb2.v_vcm_max#branch        -1.21121e-08
v.xb3.xb1.v_v_orp#branch          -4.20005e-09
v.xb3.xb1.v_v_orn#branch           4.14995e-09
v.xb3.xb1.v_v_iscp#branch         -6.89689e-08
v.xb3.xb1.v_v_iscn#branch          6.89689e-08
v.xb3.xb1.v_v_grp#branch          -2.65265e-07
v.xb3.xb1.v_v_grn#branch           2.65265e-07
v.xb3.xb1.v_vcm_min#branch         1.21121e-08
v.xb3.xb1.v_vcm_max#branch        -1.21121e-08
v.xb2.xa2.v_v_orp#branch          -4.20005e-09
v.xb2.xa2.v_v_orn#branch           4.14995e-09
v.xb2.xa2.v_v_iscp#branch         -6.89689e-08
v.xb2.xa2.v_v_iscn#branch          6.89689e-08
v.xb2.xa2.v_v_grp#branch          -2.65265e-07
v.xb2.xa2.v_v_grn#branch           2.65265e-07
v.xb2.xa2.v_vcm_min#branch         1.21121e-08
v.xb2.xa2.v_vcm_max#branch        -1.21121e-08
v.xb2.xa1.v_v_orp#branch          -4.20003e-09
v.xb2.xa1.v_v_orn#branch           4.14997e-09
v.xb2.xa1.v_v_iscp#branch         -6.89689e-08
v.xb2.xa1.v_v_iscn#branch          6.89689e-08
v.xb2.xa1.v_v_grp#branch          -2.65265e-07
v.xb2.xa1.v_v_grn#branch           2.65265e-07
v.xb2.xa1.v_vcm_min#branch         1.21121e-08
v.xb2.xa1.v_vcm_max#branch        -1.21121e-08
v.xb2.xb2.v_v_orp#branch          -4.20011e-09
v.xb2.xb2.v_v_orn#branch           4.14989e-09
v.xb2.xb2.v_v_iscp#branch         -6.89689e-08
v.xb2.xb2.v_v_iscn#branch          6.89689e-08
v.xb2.xb2.v_v_grp#branch          -2.65265e-07
v.xb2.xb2.v_v_grn#branch           2.65265e-07
v.xb2.xb2.v_vcm_min#branch         1.21121e-08
v.xb2.xb2.v_vcm_max#branch        -1.21121e-08
v.xb2.xb1.v_v_orp#branch          -4.20005e-09
v.xb2.xb1.v_v_orn#branch           4.14995e-09
v.xb2.xb1.v_v_iscp#branch         -6.89689e-08
v.xb2.xb1.v_v_iscn#branch          6.89689e-08
v.xb2.xb1.v_v_grp#branch          -2.65265e-07
v.xb2.xb1.v_v_grn#branch           2.65265e-07
v.xb2.xb1.v_vcm_min#branch         1.21121e-08
v.xb2.xb1.v_vcm_max#branch        -1.21121e-08
v.xb1.xa2.v_v_orp#branch          -4.20005e-09
v.xb1.xa2.v_v_orn#branch           4.14995e-09
v.xb1.xa2.v_v_iscp#branch         -6.89689e-08
v.xb1.xa2.v_v_iscn#branch          6.89689e-08
v.xb1.xa2.v_v_grp#branch          -2.65265e-07
v.xb1.xa2.v_v_grn#branch           2.65265e-07
v.xb1.xa2.v_vcm_min#branch         1.21121e-08
v.xb1.xa2.v_vcm_max#branch        -1.21121e-08
v.xb1.xa1.v_v_orp#branch          -4.20003e-09
v.xb1.xa1.v_v_orn#branch           4.14997e-09
v.xb1.xa1.v_v_iscp#branch         -6.89689e-08
v.xb1.xa1.v_v_iscn#branch          6.89689e-08
v.xb1.xa1.v_v_grp#branch          -2.65265e-07
v.xb1.xa1.v_v_grn#branch           2.65265e-07
v.xb1.xa1.v_vcm_min#branch         1.21121e-08
v.xb1.xa1.v_vcm_max#branch        -1.21121e-08
v.xb1.xb2.v_v_orp#branch          -4.20011e-09
v.xb1.xb2.v_v_orn#branch           4.14989e-09
v.xb1.xb2.v_v_iscp#branch         -6.89689e-08
v.xb1.xb2.v_v_iscn#branch          6.89689e-08
v.xb1.xb2.v_v_grp#branch          -2.65265e-07
v.xb1.xb2.v_v_grn#branch           2.65265e-07
v.xb1.xb2.v_vcm_min#branch         1.21121e-08
v.xb1.xb2.v_vcm_max#branch        -1.21121e-08
v.xb1.xb1.v_v_orp#branch          -4.20005e-09
v.xb1.xb1.v_v_orn#branch           4.14995e-09
v.xb1.xb1.v_v_iscp#branch         -6.89689e-08
v.xb1.xb1.v_v_iscn#branch          6.89689e-08
v.xb1.xb1.v_v_grp#branch          -2.65265e-07
v.xb1.xb1.v_v_grn#branch           2.65265e-07
v.xb1.xb1.v_vcm_min#branch         1.21121e-08
v.xb1.xb1.v_vcm_max#branch        -1.21121e-08
v.xb0.xa2.v_v_orp#branch          -4.20005e-09
v.xb0.xa2.v_v_orn#branch           4.14995e-09
v.xb0.xa2.v_v_iscp#branch         -6.89689e-08
v.xb0.xa2.v_v_iscn#branch          6.89689e-08
v.xb0.xa2.v_v_grp#branch          -2.65265e-07
v.xb0.xa2.v_v_grn#branch           2.65265e-07
v.xb0.xa2.v_vcm_min#branch         1.21121e-08
v.xb0.xa2.v_vcm_max#branch        -1.21121e-08
v.xb0.xa1.v_v_orp#branch          -4.20003e-09
v.xb0.xa1.v_v_orn#branch           4.14997e-09
v.xb0.xa1.v_v_iscp#branch         -6.89689e-08
v.xb0.xa1.v_v_iscn#branch          6.89689e-08
v.xb0.xa1.v_v_grp#branch          -2.65265e-07
v.xb0.xa1.v_v_grn#branch           2.65265e-07
v.xb0.xa1.v_vcm_min#branch         1.21121e-08
v.xb0.xa1.v_vcm_max#branch        -1.21121e-08
v.xb0.xb2.v_v_orp#branch          -4.20011e-09
v.xb0.xb2.v_v_orn#branch           4.14989e-09
v.xb0.xb2.v_v_iscp#branch         -6.89689e-08
v.xb0.xb2.v_v_iscn#branch          6.89689e-08
v.xb0.xb2.v_v_grp#branch          -2.65265e-07
v.xb0.xb2.v_v_grn#branch           2.65265e-07
v.xb0.xb2.v_vcm_min#branch         1.21121e-08
v.xb0.xb2.v_vcm_max#branch        -1.21121e-08
v.xb0.xb1.v_v_orp#branch          -4.20005e-09
v.xb0.xb1.v_v_orn#branch           4.14995e-09
v.xb0.xb1.v_v_iscp#branch         -6.89689e-08
v.xb0.xb1.v_v_iscn#branch          6.89689e-08
v.xb0.xb1.v_v_grp#branch          -2.65265e-07
v.xb0.xb1.v_v_grn#branch           2.65265e-07
v.xb0.xb1.v_vcm_min#branch         1.21121e-08
v.xb0.xb1.v_vcm_max#branch        -1.21121e-08
v.xn3.xgb.v_v_orp#branch          -4.20048e-09
v.xn3.xgb.v_v_orn#branch           4.14952e-09
v.xn3.xgb.v_v_iscp#branch         -6.89689e-08
v.xn3.xgb.v_v_iscn#branch          6.89689e-08
v.xn3.xgb.v_v_grp#branch          -2.65265e-07
v.xn3.xgb.v_v_grn#branch           2.65265e-07
v.xn3.xgb.v_vcm_min#branch         1.21121e-08
v.xn3.xgb.v_vcm_max#branch        -1.21121e-08
v.xn3.xga.v_v_orp#branch          -4.19932e-09
v.xn3.xga.v_v_orn#branch           4.15068e-09
v.xn3.xga.v_v_iscp#branch         -6.89689e-08
v.xn3.xga.v_v_iscn#branch          6.89689e-08
v.xn3.xga.v_v_grp#branch          -2.65265e-07
v.xn3.xga.v_v_grn#branch           2.65265e-07
v.xn3.xga.v_vcm_min#branch         1.21121e-08
v.xn3.xga.v_vcm_max#branch        -1.21121e-08
v.xn2.xgb.v_v_orp#branch          -4.20048e-09
v.xn2.xgb.v_v_orn#branch           4.14952e-09
v.xn2.xgb.v_v_iscp#branch         -6.89689e-08
v.xn2.xgb.v_v_iscn#branch          6.89689e-08
v.xn2.xgb.v_v_grp#branch          -2.65265e-07
v.xn2.xgb.v_v_grn#branch           2.65265e-07
v.xn2.xgb.v_vcm_min#branch         1.21121e-08
v.xn2.xgb.v_vcm_max#branch        -1.21121e-08
v.xn2.xga.v_v_orp#branch          -4.19932e-09
v.xn2.xga.v_v_orn#branch           4.15068e-09
v.xn2.xga.v_v_iscp#branch         -6.89689e-08
v.xn2.xga.v_v_iscn#branch          6.89689e-08
v.xn2.xga.v_v_grp#branch          -2.65265e-07
v.xn2.xga.v_v_grn#branch           2.65265e-07
v.xn2.xga.v_vcm_min#branch         1.21121e-08
v.xn2.xga.v_vcm_max#branch        -1.21121e-08
v.xn1.xgb.v_v_orp#branch          -4.20048e-09
v.xn1.xgb.v_v_orn#branch           4.14952e-09
v.xn1.xgb.v_v_iscp#branch         -6.89689e-08
v.xn1.xgb.v_v_iscn#branch          6.89689e-08
v.xn1.xgb.v_v_grp#branch          -2.65265e-07
v.xn1.xgb.v_v_grn#branch           2.65265e-07
v.xn1.xgb.v_vcm_min#branch         1.21121e-08
v.xn1.xgb.v_vcm_max#branch        -1.21121e-08
v.xn1.xga.v_v_orp#branch          -4.19932e-09
v.xn1.xga.v_v_orn#branch           4.15068e-09
v.xn1.xga.v_v_iscp#branch         -6.89689e-08
v.xn1.xga.v_v_iscn#branch          6.89689e-08
v.xn1.xga.v_v_grp#branch          -2.65265e-07
v.xn1.xga.v_v_grn#branch           2.65265e-07
v.xn1.xga.v_vcm_min#branch         1.21121e-08
v.xn1.xga.v_vcm_max#branch        -1.21121e-08
v.xn0.xgb.v_v_orp#branch          -4.20048e-09
v.xn0.xgb.v_v_orn#branch           4.14952e-09
v.xn0.xgb.v_v_iscp#branch         -6.89689e-08
v.xn0.xgb.v_v_iscn#branch          6.89689e-08
v.xn0.xgb.v_v_grp#branch          -2.65265e-07
v.xn0.xgb.v_v_grn#branch           2.65265e-07
v.xn0.xgb.v_vcm_min#branch         1.21121e-08
v.xn0.xgb.v_vcm_max#branch        -1.21121e-08
v.xn0.xga.v_v_orp#branch          -4.19932e-09
v.xn0.xga.v_v_orn#branch           4.15068e-09
v.xn0.xga.v_v_iscp#branch         -6.89689e-08
v.xn0.xga.v_v_iscn#branch          6.89689e-08
v.xn0.xga.v_v_grp#branch          -2.65265e-07
v.xn0.xga.v_v_grn#branch           2.65265e-07
v.xn0.xga.v_vcm_min#branch         1.21121e-08
v.xn0.xga.v_vcm_max#branch        -1.21121e-08
vee#branch                           0.0240006
vcc#branch                          -0.0240005
a.xb3.xa2.x_u19.ag1#branch_1_0    -3.52741e-14
a.xb3.xa2.x_u18.ag1#branch_1_0    -2.56177e-14
a.xb3.xa1.x_u19.ag1#branch_1_0    -3.52742e-14
a.xb3.xa1.x_u18.ag1#branch_1_0    -2.56175e-14
a.xb3.xb2.x_u19.ag1#branch_1_0    -3.52739e-14
a.xb3.xb2.x_u18.ag1#branch_1_0    -2.56179e-14
a.xb3.xb1.x_u19.ag1#branch_1_0    -3.52741e-14
a.xb3.xb1.x_u18.ag1#branch_1_0    -2.56177e-14
a.xb2.xa2.x_u19.ag1#branch_1_0    -3.52741e-14
a.xb2.xa2.x_u18.ag1#branch_1_0    -2.56177e-14
a.xb2.xa1.x_u19.ag1#branch_1_0    -3.52742e-14
a.xb2.xa1.x_u18.ag1#branch_1_0    -2.56175e-14
a.xb2.xb2.x_u19.ag1#branch_1_0    -3.52739e-14
a.xb2.xb2.x_u18.ag1#branch_1_0    -2.56179e-14
a.xb2.xb1.x_u19.ag1#branch_1_0    -3.52741e-14
a.xb2.xb1.x_u18.ag1#branch_1_0    -2.56177e-14
a.xb1.xa2.x_u19.ag1#branch_1_0    -3.52741e-14
a.xb1.xa2.x_u18.ag1#branch_1_0    -2.56177e-14
a.xb1.xa1.x_u19.ag1#branch_1_0    -3.52742e-14
a.xb1.xa1.x_u18.ag1#branch_1_0    -2.56175e-14
a.xb1.xb2.x_u19.ag1#branch_1_0    -3.52739e-14
a.xb1.xb2.x_u18.ag1#branch_1_0    -2.56179e-14
a.xb1.xb1.x_u19.ag1#branch_1_0    -3.52741e-14
a.xb1.xb1.x_u18.ag1#branch_1_0    -2.56177e-14
a.xb0.xa2.x_u19.ag1#branch_1_0    -3.52741e-14
a.xb0.xa2.x_u18.ag1#branch_1_0    -2.56177e-14
a.xb0.xa1.x_u19.ag1#branch_1_0    -3.52742e-14
a.xb0.xa1.x_u18.ag1#branch_1_0    -2.56175e-14
a.xb0.xb2.x_u19.ag1#branch_1_0    -3.52739e-14
a.xb0.xb2.x_u18.ag1#branch_1_0    -2.56179e-14
a.xb0.xb1.x_u19.ag1#branch_1_0    -3.52741e-14
a.xb0.xb1.x_u18.ag1#branch_1_0    -2.56177e-14
a.xn3.xgb.x_u19.ag1#branch_1_0    -3.52726e-14
a.xn3.xgb.x_u18.ag1#branch_1_0    -2.56191e-14
a.xn3.xga.x_u19.ag1#branch_1_0    -3.52774e-14
a.xn3.xga.x_u18.ag1#branch_1_0    -2.56144e-14
a.xn2.xgb.x_u19.ag1#branch_1_0    -3.52726e-14
a.xn2.xgb.x_u18.ag1#branch_1_0    -2.56191e-14
a.xn2.xga.x_u19.ag1#branch_1_0    -3.52774e-14
a.xn2.xga.x_u18.ag1#branch_1_0    -2.56144e-14
a.xn1.xgb.x_u19.ag1#branch_1_0    -3.52726e-14
a.xn1.xgb.x_u18.ag1#branch_1_0    -2.56191e-14
a.xn1.xga.x_u19.ag1#branch_1_0    -3.52774e-14
a.xn1.xga.x_u18.ag1#branch_1_0    -2.56144e-14
a.xn0.xgb.x_u19.ag1#branch_1_0    -3.52726e-14
a.xn0.xgb.x_u18.ag1#branch_1_0    -2.56191e-14
a.xn0.xga.x_u19.ag1#branch_1_0    -3.52774e-14
a.xn0.xga.x_u18.ag1#branch_1_0    -2.56144e-14

 Reference value :  0.00000e+00 Reference value :  5.29879e-06 Reference value :  5.66425e-06 Reference value :  6.16115e-06 Reference value :  6.29975e-06 Reference value :  6.37953e-06 Reference value :  6.38423e-06 Reference value :  6.48080e-06 Reference value :  6.49316e-06 Reference value :  6.49625e-06 Reference value :  6.56256e-06 Reference value :  6.56462e-06 Reference value :  6.58083e-06 Reference value :  6.60076e-06 Reference value :  6.62660e-06 Reference value :  6.70900e-06 Reference value :  6.71430e-06 Reference value :  6.82554e-06 Reference value :  6.95327e-06 Reference value :  1.68480e-05 Reference value :  1.71669e-05 Reference value :  1.72683e-05 Reference value :  1.76339e-05 Reference value :  1.78300e-05 Reference value :  1.79320e-05 Reference value :  1.79826e-05 Reference value :  1.82319e-05 Reference value :  1.88134e-05 Reference value :  1.91445e-05 Reference value :  1.97547e-05 Reference value :  1.98332e-05 Reference value :  1.98349e-05 Reference value :  1.98482e-05 Reference value :  1.98492e-05 Reference value :  1.98492e-05 Reference value :  1.98492e-05 Reference value :  1.98584e-05 Reference value :  1.98653e-05 Reference value :  1.98799e-05 Reference value :  1.98816e-05 Reference value :  1.99211e-05 Reference value :  1.99217e-05 Reference value :  1.99357e-05 Reference value :  1.99383e-05 Reference value :  1.99528e-05 Reference value :  1.99612e-05 Reference value :  1.99727e-05 Reference value :  1.99779e-05 Reference value :  1.99790e-05 Reference value :  1.99792e-05 Reference value :  2.00781e-05 Reference value :  2.01679e-05 Reference value :  2.29697e-05 Reference value :  2.93403e-05 Reference value :  2.94613e-05 Reference value :  2.97007e-05 Reference value :  2.99913e-05 Reference value :  3.00039e-05 Reference value :  3.02333e-05 Reference value :  3.11178e-05 Reference value :  3.18009e-05 Reference value :  3.18039e-05 Reference value :  3.18049e-05 Reference value :  3.18070e-05 Reference value :  3.18078e-05 Reference value :  3.18104e-05 Reference value :  3.18673e-05 Reference value :  3.18852e-05 Reference value :  3.18864e-05 Reference value :  3.18886e-05 Reference value :  3.18889e-05 Reference value :  3.18898e-05 Reference value :  3.18946e-05 Reference value :  3.18965e-05 Reference value :  3.18970e-05 Reference value :  3.18970e-05 Reference value :  3.18970e-05 Reference value :  3.19568e-05 Reference value :  3.21081e-05 Reference value :  3.33821e-05 Reference value :  3.37878e-05 Reference value :  3.37890e-05 Reference value :  3.37934e-05 Reference value :  3.37945e-05 Reference value :  3.38917e-05 Reference value :  3.38925e-05 Reference value :  3.39174e-05 Reference value :  3.39187e-05 Reference value :  3.41034e-05 Reference value :  3.59421e-05 Reference value :  3.69104e-05 Reference value :  3.70627e-05 Reference value :  3.80487e-05 Reference value :  4.09194e-05 Reference value :  4.10009e-05 Reference value :  4.10660e-05 Reference value :  4.11026e-05 Reference value :  4.15044e-05 Reference value :  4.15439e-05 Reference value :  4.17155e-05 Reference value :  4.19022e-05 Reference value :  4.26424e-05 Reference value :  4.32214e-05 Reference value :  4.32435e-05 Reference value :  4.32544e-05 Reference value :  4.32557e-05 Reference value :  4.32733e-05 Reference value :  4.32938e-05 Reference value :  4.32944e-05 Reference value :  4.33716e-05 Reference value :  4.33730e-05 Reference value :  4.33736e-05 Reference value :  4.33736e-05 Reference value :  4.33821e-05 Reference value :  4.33844e-05 Reference value :  4.34004e-05 Reference value :  4.34031e-05 Reference value :  4.34212e-05 Reference value :  4.34583e-05 Reference value :  4.35562e-05 Reference value :  4.39255e-05 Reference value :  4.42152e-05 Reference value :  4.42185e-05 Reference value :  4.42192e-05 Reference value :  4.42357e-05 Reference value :  4.42368e-05 Reference value :  4.42532e-05 Reference value :  4.42551e-05 Reference value :  4.42815e-05 Reference value :  4.42848e-05 Reference value :  4.44798e-05 Reference value :  4.79156e-05 Reference value :  4.91772e-05 Reference value :  4.92695e-05 Reference value :  4.93255e-05 Reference value :  4.97238e-05 Reference value :  5.11719e-05 Reference value :  5.23866e-05 Reference value :  5.25129e-05 Reference value :  5.27070e-05 Reference value :  5.29175e-05 Reference value :  5.29516e-05 Reference value :  5.32193e-05 Reference value :  5.40366e-05 Reference value :  5.46108e-05 Reference value :  5.46234e-05 Reference value :  5.46243e-05 Reference value :  5.46388e-05 Reference value :  5.46436e-05 Reference value :  5.46445e-05 Reference value :  5.46459e-05 Reference value :  5.46691e-05 Reference value :  5.46704e-05 Reference value :  5.47602e-05 Reference value :  5.47680e-05 Reference value :  5.47687e-05 Reference value :  5.47839e-05 Reference value :  5.47882e-05 Reference value :  5.47903e-05 Reference value :  5.47909e-05 Reference value :  5.47909e-05 Reference value :  5.48132e-05 Reference value :  5.48151e-05 Reference value :  5.48155e-05 Reference value :  5.48911e-05 Reference value :  5.50342e-05 Reference value :  5.52689e-05 Reference value :  5.52800e-05 Reference value :  5.52819e-05 Reference value :  5.52821e-05 Reference value :  5.52897e-05 Reference value :  5.52916e-05 Reference value :  6.00965e-05 Reference value :  6.08657e-05 Reference value :  6.09075e-05 Reference value :  6.09406e-05 Reference value :  6.10010e-05 Reference value :  6.10368e-05 Reference value :  6.14420e-05 Reference value :  6.36012e-05 Reference value :  6.38232e-05 Reference value :  6.38943e-05 Reference value :  6.41209e-05 Reference value :  6.42908e-05 Reference value :  6.44975e-05 Reference value :  6.53873e-05 Reference value :  6.59733e-05 Reference value :  6.59820e-05 Reference value :  6.59872e-05 Reference value :  6.59909e-05 Reference value :  6.59938e-05 Reference value :  6.59958e-05 Reference value :  6.61409e-05 Reference value :  6.61426e-05 Reference value :  6.61503e-05 Reference value :  6.61513e-05 Reference value :  6.61534e-05 Reference value :  6.61572e-05 Reference value :  6.61581e-05 Reference value :  6.62400e-05 Reference value :  6.64032e-05 Reference value :  6.64602e-05 Reference value :  6.64609e-05 Reference value :  6.64658e-05 Reference value :  6.64707e-05 Reference value :  6.64725e-05 Reference value :  6.64748e-05 Reference value :  7.21708e-05 Reference value :  7.24299e-05 Reference value :  7.25105e-05 Reference value :  7.28274e-05 Reference value :  7.50546e-05 Reference value :  7.52452e-05 Reference value :  7.52671e-05 Reference value :  7.55936e-05 Reference value :  7.56789e-05 Reference value :  7.63916e-05 Reference value :  7.73132e-05 Reference value :  7.73248e-05 Reference value :  7.73277e-05 Reference value :  7.73288e-05 Reference value :  7.73334e-05 Reference value :  7.73367e-05 Reference value :  7.73384e-05 Reference value :  7.73490e-05 Reference value :  7.74876e-05 Reference value :  7.74923e-05 Reference value :  7.74927e-05 Reference value :  7.74981e-05 Reference value :  7.74989e-05 Reference value :  7.75011e-05 Reference value :  7.75015e-05 Reference value :  7.75944e-05 Reference value :  7.77197e-05 Reference value :  7.77215e-05 Reference value :  7.77222e-05 Reference value :  7.77378e-05 Reference value :  7.77397e-05 Reference value :  7.77455e-05 Reference value :  8.06225e-05 Reference value :  8.38042e-05 Reference value :  8.39193e-05 Reference value :  8.39299e-05 Reference value :  8.43484e-05 Reference value :  8.61934e-05 Reference value :  8.65182e-05 Reference value :  8.65908e-05 Reference value :  8.68649e-05 Reference value :  8.69616e-05 Reference value :  8.69779e-05 Reference value :  8.71865e-05 Reference value :  8.80719e-05 Reference value :  8.86302e-05 Reference value :  8.86505e-05 Reference value :  8.86517e-05 Reference value :  8.86555e-05 Reference value :  8.86575e-05 Reference value :  8.86651e-05 Reference value :  8.86680e-05 Reference value :  8.86709e-05 Reference value :  8.88228e-05 Reference value :  8.88237e-05 Reference value :  8.88282e-05 Reference value :  8.88288e-05 Reference value :  8.88288e-05 Reference value :  8.88366e-05 Reference value :  8.88371e-05 Reference value :  8.88398e-05 Reference value :  8.88406e-05 Reference value :  8.88406e-05 Reference value :  8.88406e-05 Reference value :  8.88406e-05 Reference value :  8.88406e-05 Reference value :  8.88689e-05 Reference value :  8.90054e-05 Reference value :  8.90092e-05 Reference value :  8.90102e-05 Reference value :  8.90141e-05 Reference value :  8.90174e-05 Reference value :  8.90221e-05 Reference value :  8.90234e-05 Reference value :  8.90247e-05 Reference value :  8.90649e-05 Reference value :  8.92206e-05 Reference value :  9.51773e-05 Reference value :  9.52896e-05 Reference value :  9.53078e-05 Reference value :  9.58188e-05 Reference value :  9.78198e-05 Reference value :  9.79226e-05 Reference value :  9.79403e-05 Reference value :  9.82559e-05 Reference value :  9.82959e-05 Reference value :  9.83074e-05 Reference value :  9.85120e-05 Reference value :  9.94085e-05 Reference value :  9.99415e-05 Reference value :  9.99888e-05 Reference value :  9.99936e-05 Reference value :  9.99959e-05 Reference value :  9.99997e-05 Reference value :  1.00135e-04 Reference value :  1.00159e-04 Reference value :  1.00159e-04 Reference value :  1.00164e-04 Reference value :  1.00167e-04 Reference value :  1.00170e-04 Reference value :  1.00170e-04 Reference value :  1.00170e-04 Reference value :  1.00171e-04 Reference value :  1.00323e-04 Reference value :  1.00327e-04 Reference value :  1.00328e-04 Reference value :  1.00330e-04 Reference value :  1.00381e-04 Reference value :  1.01134e-04 Reference value :  1.06579e-04 Reference value :  1.06651e-04 Reference value :  1.06971e-04 Reference value :  1.08981e-04 Reference value :  1.09223e-04 Reference value :  1.09262e-04 Reference value :  1.09588e-04 Reference value :  1.09631e-04 Reference value :  1.10231e-04 Reference value :  1.11283e-04 Reference value :  1.11314e-04 Reference value :  1.11316e-04 Reference value :  1.11317e-04 Reference value :  1.11318e-04 Reference value :  1.11480e-04 Reference value :  1.11491e-04 Reference value :  1.11492e-04 Reference value :  1.11493e-04 Reference value :  1.11494e-04 Reference value :  1.11598e-04 Reference value :  1.11635e-04 Reference value :  1.11637e-04 Reference value :  1.11641e-04 Reference value :  1.11643e-04 Reference value :  1.11720e-04 Reference value :  1.13289e-04 Reference value :  1.17989e-04 Reference value :  1.18159e-04 Reference value :  1.18930e-04 Reference value :  1.20488e-04 Reference value :  1.20579e-04 Reference value :  1.20718e-04 Reference value :  1.20919e-04 Reference value :  1.20961e-04 Reference value :  1.21194e-04 Reference value :  1.22094e-04 Reference value :  1.22638e-04 Reference value :  1.22646e-04 Reference value :  1.22647e-04 Reference value :  1.22651e-04 Reference value :  1.22652e-04 Reference value :  1.22814e-04 Reference value :  1.22818e-04 Reference value :  1.22819e-04 Reference value :  1.22823e-04 Reference value :  1.22824e-04 Reference value :  1.22900e-04 Reference value :  1.22958e-04 Reference value :  1.22960e-04 Reference value :  1.22961e-04 Reference value :  1.22965e-04 Reference value :  1.22966e-04 Reference value :  1.23045e-04 Reference value :  1.23484e-04 Reference value :  1.29322e-04 Reference value :  1.29347e-04 Reference value :  1.29980e-04 Reference value :  1.31768e-04 Reference value :  1.31835e-04 Reference value :  1.31906e-04 Reference value :  1.32202e-04 Reference value :  1.32246e-04 Reference value :  1.32287e-04 Reference value :  1.32492e-04 Reference value :  1.33391e-04 Reference value :  1.33957e-04 Reference value :  1.33968e-04 Reference value :  1.33969e-04 Reference value :  1.33972e-04 Reference value :  1.33973e-04 Reference value :  1.34126e-04 Reference value :  1.34146e-04 Reference value :  1.34146e-04 Reference value :  1.34150e-04 Reference value :  1.34165e-04 Reference value :  1.34277e-04 Reference value :  1.34280e-04 Reference value :  1.34283e-04 Reference value :  1.34284e-04 Reference value :  1.34380e-04 Reference value :  1.38105e-04 Reference value :  1.40587e-04 Reference value :  1.40658e-04 Reference value :  1.41127e-04 Reference value :  1.43231e-04 Reference value :  1.43451e-04 Reference value :  1.43609e-04 Reference value :  1.43626e-04 Reference value :  1.44673e-04 Reference value :  1.45299e-04 Reference value :  1.45300e-04 Reference value :  1.45301e-04 Reference value :  1.45357e-04 Reference value :  1.45471e-04 Reference value :  1.45473e-04 Reference value :  1.45474e-04 Reference value :  1.45474e-04 Reference value :  1.45538e-04 Reference value :  1.45608e-04 Reference value :  1.45609e-04 Reference value :  1.45704e-04 Reference value :  1.51539e-04 Reference value :  1.51977e-04 Reference value :  1.52062e-04 Reference value :  1.52931e-04 Reference value :  1.54486e-04 Reference value :  1.54570e-04 Reference value :  1.54903e-04 Reference value :  1.54937e-04 Reference value :  1.55469e-04 Reference value :  1.56446e-04 Reference value :  1.56620e-04 Reference value :  1.56621e-04 Reference value :  1.56622e-04 Reference value :  1.56792e-04 Reference value :  1.56798e-04 Reference value :  1.56799e-04 Reference value :  1.56800e-04 Reference value :  1.56854e-04 Reference value :  1.56928e-04 Reference value :  1.56929e-04 Reference value :  1.56931e-04 Reference value :  1.56997e-04 Reference value :  1.57240e-04 Reference value :  1.63223e-04 Reference value :  1.63323e-04 Reference value :  1.64171e-04 Reference value :  1.65884e-04 Reference value :  1.66213e-04 Reference value :  1.66260e-04 Reference value :  1.66467e-04 Reference value :  1.67372e-04 Reference value :  1.67949e-04 Reference value :  1.67951e-04 Reference value :  1.67952e-04 Reference value :  1.67978e-04 Reference value :  1.68121e-04 Reference value :  1.68122e-04 Reference value :  1.68124e-04 Reference value :  1.68177e-04 Reference value :  1.68250e-04 Reference value :  1.68256e-04 Reference value :  1.68257e-04 Reference value :  1.68258e-04 Reference value :  1.68259e-04 Reference value :  1.68474e-04 Reference value :  1.74556e-04 Reference value :  1.74651e-04 Reference value :  1.75467e-04 Reference value :  1.77192e-04 Reference value :  1.77206e-04 Reference value :  1.77533e-04 Reference value :  1.77588e-04 Reference value :  1.78471e-04 Reference value :  1.79237e-04 Reference value :  1.79269e-04 Reference value :  1.79271e-04 Reference value :  1.79272e-04 Reference value :  1.79273e-04 Reference value :  1.79446e-04 Reference value :  1.79449e-04 Reference value :  1.79449e-04 Reference value :  1.79450e-04 Reference value :  1.79450e-04 Reference value :  1.79451e-04 Reference value :  1.79451e-04 Reference value :  1.79451e-04 Reference value :  1.79486e-04 Reference value :  1.79577e-04 Reference value :  1.79578e-04 Reference value :  1.79580e-04 Reference value :  1.79592e-04 Reference value :  1.79858e-04 Reference value :  1.85941e-04 Reference value :  1.86294e-04 Reference value :  1.88130e-04 Reference value :  1.88537e-04 Reference value :  1.88866e-04 Reference value :  1.88930e-04 Reference value :  1.89811e-04 Reference value :  1.90578e-04 Reference value :  1.90601e-04 Reference value :  1.90603e-04 Reference value :  1.90604e-04 Reference value :  1.90677e-04 Reference value :  1.90775e-04 Reference value :  1.90776e-04 Reference value :  1.90776e-04 Reference value :  1.90776e-04 Reference value :  1.90776e-04 Reference value :  1.90776e-04 Reference value :  1.90776e-04 Reference value :  1.90776e-04 Reference value :  1.90776e-04 Reference value :  1.90776e-04 Reference value :  1.90776e-04 Reference value :  1.90776e-04 Reference value :  1.90844e-04 Reference value :  1.90905e-04 Reference value :  1.90908e-04 Reference value :  1.90909e-04 Reference value :  1.90910e-04 Reference value :  1.91048e-04 Reference value :  1.97159e-04 Reference value :  1.97299e-04 Reference value :  1.98131e-04 Reference value :  1.99787e-04 Reference value :  1.99857e-04 Reference value :  2.00184e-04 Reference value :  2.00288e-04 Reference value :  2.01339e-04 Reference value :  2.01879e-04 Reference value :  2.01922e-04 Reference value :  2.01922e-04 Reference value :  2.01923e-04 Reference value :  2.01933e-04 Reference value :  2.02100e-04 Reference value :  2.02101e-04 Reference value :  2.02101e-04 Reference value :  2.02101e-04 Reference value :  2.02101e-04 Reference value :  2.02176e-04 Reference value :  2.02229e-04 Reference value :  2.02230e-04 Reference value :  2.02231e-04 Reference value :  2.02351e-04 Reference value :  2.08508e-04 Reference value :  2.08611e-04 Reference value :  2.09024e-04 Reference value :  2.11063e-04 Reference value :  2.11180e-04 Reference value :  2.11451e-04 Reference value :  2.11563e-04 Reference value :  2.11772e-04 Reference value :  2.12676e-04 Reference value :  2.13253e-04 Reference value :  2.13254e-04 Reference value :  2.13254e-04 Reference value :  2.13402e-04 Reference value :  2.13426e-04 Reference value :  2.13427e-04 Reference value :  2.13427e-04 Reference value :  2.13489e-04 Reference value :  2.13556e-04 Reference value :  2.13559e-04 Reference value :  2.13560e-04 Reference value :  2.13646e-04 Reference value :  2.16898e-04 Reference value :  2.19939e-04 Reference value :  2.20411e-04 Reference value :  2.22241e-04 Reference value :  2.22508e-04 Reference value :  2.22836e-04 Reference value :  2.23004e-04 Reference value :  2.23996e-04 Reference value :  2.24573e-04 Reference value :  2.24574e-04 Reference value :  2.24575e-04 Reference value :  2.24750e-04 Reference value :  2.24752e-04 Reference value :  2.24752e-04 Reference value :  2.24752e-04 Reference value :  2.24790e-04 Reference value :  2.24881e-04 Reference value :  2.24881e-04 Reference value :  2.24982e-04 Reference value :  2.30196e-04 Reference value :  2.31247e-04 Reference value :  2.31674e-04 Reference value :  2.33580e-04 Reference value :  2.33847e-04 Reference value :  2.34162e-04 Reference value :  2.34289e-04 Reference value :  2.35322e-04 Reference value :  2.35889e-04 Reference value :  2.35904e-04 Reference value :  2.35905e-04 Reference value :  2.35963e-04 Reference value :  2.36075e-04 Reference value :  2.36078e-04 Reference value :  2.36078e-04 Reference value :  2.36078e-04 Reference value :  2.36078e-04 Reference value :  2.36078e-04 Reference value :  2.36078e-04 Reference value :  2.36078e-04 Reference value :  2.36078e-04 Reference value :  2.36078e-04 Reference value :  2.36078e-04 Reference value :  2.36078e-04 Reference value :  2.36079e-04 Reference value :  2.36203e-04 Reference value :  2.36208e-04 Reference value :  2.36210e-04 Reference value :  2.36211e-04 Reference value :  2.36423e-04 Reference value :  2.42510e-04 Reference value :  2.43161e-04 Reference value :  2.45083e-04 Reference value :  2.45488e-04 Reference value :  2.45735e-04 Reference value :  2.46434e-04 Reference value :  2.47209e-04 Reference value :  2.47224e-04 Reference value :  2.47226e-04 Reference value :  2.47227e-04 Reference value :  2.47400e-04 Reference value :  2.47403e-04 Reference value :  2.47404e-04 Reference value :  2.47465e-04 Reference value :  2.47531e-04 Reference value :  2.47532e-04 Reference value :  2.47533e-04 Reference value :  2.47647e-04 Reference value :  2.53587e-04 Reference value :  2.53839e-04 Reference value :  2.54262e-04 Reference value :  2.56404e-04 Reference value :  2.56539e-04 Reference value :  2.56862e-04 Reference value :  2.57084e-04 Reference value :  2.57993e-04 Reference value :  2.58551e-04 Reference value :  2.58555e-04 Reference value :  2.58556e-04 Reference value :  2.58617e-04 Reference value :  2.58729e-04 Reference value :  2.58729e-04 Reference value :  2.58729e-04 Reference value :  2.58729e-04 Reference value :  2.58729e-04 Reference value :  2.58729e-04 Reference value :  2.58729e-04 Reference value :  2.58729e-04 Reference value :  2.58729e-04 Reference value :  2.58729e-04 Reference value :  2.58729e-04 Reference value :  2.58729e-04 Reference value :  2.58729e-04 Reference value :  2.58729e-04 Reference value :  2.58729e-04 Reference value :  2.58729e-04 Reference value :  2.58855e-04 Reference value :  2.58860e-04 Reference value :  2.58861e-04 Reference value :  2.58867e-04 Reference value :  2.59195e-04 Reference value :  2.65157e-04 Reference value :  2.65527e-04 Reference value :  2.67629e-04 Reference value :  2.68013e-04 Reference value :  2.68190e-04 Reference value :  2.68733e-04 Reference value :  2.69489e-04 Reference value :  2.69875e-04 Reference value :  2.69876e-04 Reference value :  2.70039e-04 Reference value :  2.70052e-04 Reference value :  2.70053e-04 Reference value :  2.70053e-04 Reference value :  2.70053e-04 Reference value :  2.70054e-04 Reference value :  2.70091e-04 Reference value :  2.70176e-04 Reference value :  2.70182e-04 Reference value :  2.70183e-04 Reference value :  2.70183e-04 Reference value :  2.70183e-04 Reference value :  2.70427e-04 Reference value :  2.76480e-04 Reference value :  2.76937e-04 Reference value :  2.77933e-04 Reference value :  2.79066e-04 Reference value :  2.79343e-04 Reference value :  2.79516e-04 Reference value :  2.79997e-04 Reference value :  2.80797e-04 Reference value :  2.81190e-04 Reference value :  2.81202e-04 Reference value :  2.81206e-04 Reference value :  2.81206e-04 Reference value :  2.81360e-04 Reference value :  2.81379e-04 Reference value :  2.81379e-04 Reference value :  2.81379e-04 Reference value :  2.81379e-04 Reference value :  2.81379e-04 Reference value :  2.81379e-04 Reference value :  2.81380e-04 Reference value :  2.81506e-04 Reference value :  2.81511e-04 Reference value :  2.81512e-04 Reference value :  2.81516e-04 Reference value :  2.82346e-04 Reference value :  2.87802e-04 Reference value :  2.87889e-04 Reference value :  2.88342e-04 Reference value :  2.90364e-04 Reference value :  2.90470e-04 Reference value :  2.90829e-04 Reference value :  2.91114e-04 Reference value :  2.92096e-04 Reference value :  2.92523e-04 Reference value :  2.92526e-04 Reference value :  2.92527e-04 Reference value :  2.92700e-04 Reference value :  2.92703e-04 Reference value :  2.92703e-04 Reference value :  2.92704e-04 Reference value :  2.92704e-04 Reference value :  2.92704e-04 Reference value :  2.92704e-04 Reference value :  2.92704e-04 Reference value :  2.92704e-04 Reference value :  2.92745e-04 Reference value :  2.92826e-04 Reference value :  2.92833e-04 Reference value :  2.92833e-04 Reference value :  2.92974e-04 Reference value :  2.99116e-04 Reference value :  2.99600e-04 Reference value :  3.01662e-04 Reference value :  3.01786e-04 Reference value :  3.02018e-04 Reference value :  3.02167e-04 Reference value :  3.02379e-04 Reference value :  3.03284e-04 Reference value :  3.03856e-04 Reference value :  3.03857e-04 Reference value :  3.03915e-04 Reference value :  3.04028e-04 Reference value :  3.04030e-04 Reference value :  3.04030e-04 Reference value :  3.04030e-04 Reference value :  3.04149e-04 Reference value :  3.04161e-04 Reference value :  3.04162e-04 Reference value :  3.04250e-04 Reference value :  3.05553e-04 Reference value :  3.10458e-04 Reference value :  3.10956e-04 Reference value :  3.12301e-04 Reference value :  3.13039e-04 Reference value :  3.13323e-04 Reference value :  3.13492e-04 Reference value :  3.14192e-04 Reference value :  3.15114e-04 Reference value :  3.15177e-04 Reference value :  3.15177e-04 Reference value :  3.15354e-04 Reference value :  3.15355e-04 Reference value :  3.15355e-04 Reference value :  3.15435e-04 Reference value :  3.15482e-04 Reference value :  3.15484e-04 Reference value :  3.15484e-04 Reference value :  3.15702e-04 Reference value :  3.21774e-04 Reference value :  3.21870e-04 Reference value :  3.22535e-04 Reference value :  3.24362e-04 Reference value :  3.24763e-04 Reference value :  3.25025e-04 Reference value :  3.25937e-04 Reference value :  3.26503e-04 Reference value :  3.26506e-04 Reference value :  3.26507e-04 Reference value :  3.26676e-04 Reference value :  3.26679e-04 Reference value :  3.26680e-04 Reference value :  3.26680e-04 Reference value :  3.26680e-04 Reference value :  3.26680e-04 Reference value :  3.26680e-04 Reference value :  3.26680e-04 Reference value :  3.26737e-04 Reference value :  3.26812e-04 Reference value :  3.26812e-04 Reference value :  3.26916e-04 Reference value :  3.32839e-04 Reference value :  3.33165e-04 Reference value :  3.33610e-04 Reference value :  3.35556e-04 Reference value :  3.35960e-04 Reference value :  3.36143e-04 Reference value :  3.37092e-04 Reference value :  3.37822e-04 Reference value :  3.37827e-04 Reference value :  3.37828e-04 Reference value :  3.37997e-04 Reference value :  3.38005e-04 Reference value :  3.38005e-04 Reference value :  3.38006e-04 Reference value :  3.38098e-04 Reference value :  3.38134e-04 Reference value :  3.38135e-04 Reference value :  3.38374e-04 Reference value :  3.44422e-04 Reference value :  3.44823e-04 Reference value :  3.46868e-04 Reference value :  3.47102e-04 Reference value :  3.47466e-04 Reference value :  3.47680e-04 Reference value :  3.48577e-04 Reference value :  3.49137e-04 Reference value :  3.49158e-04 Reference value :  3.49159e-04 Reference value :  3.49330e-04 Reference value :  3.49331e-04 Reference value :  3.49332e-04 Reference value :  3.49332e-04 Reference value :  3.49391e-04 Reference value :  3.49461e-04 Reference value :  3.49464e-04 Reference value :  3.49465e-04 Reference value :  3.49696e-04
No. of Data Rows : 24994
Note: Simulation executed from .control section 
